way,version,ts,highway,name,ref,n_ford_nodes,ford_nodes
7839965,5,2022-08-26T12:37:09+00:00,residential,,,1,8945388514
7841912,3,2022-08-25T19:07:40+00:00,residential,,,1,57653716
7841918,5,2026-05-20T13:12:52+00:00,service,,,1,1190350428
7843740,6,2024-12-20T16:15:42+00:00,residential,Pasadena Drive,,1,12437171624
7843742,3,2025-03-12T14:58:50+00:00,residential,County Road 601,,1,12656758045
7844934,6,2021-07-08T09:15:25+00:00,service,,,1,6484564016
7845749,5,2022-02-02T05:47:06+00:00,service,,,1,9467714854
7846649,8,2024-01-14T14:30:14+00:00,residential,County Road 161,,1,8496318681
7847414,3,2021-07-23T23:39:33+00:00,residential,Stagecoach Crossing,,1,8945384875
7849379,8,2025-02-26T21:42:08+00:00,residential,County Road 145,,1,57747297
7850042,4,2024-12-20T16:15:42+00:00,residential,Shadow Wood Drive,,1,12437171623
7850141,6,2021-08-04T08:40:10+00:00,residential,County Road 272,,1,8949729363
7851259,4,2019-05-21T03:28:57+00:00,residential,Circle Drive,,1,6487032965
7851288,2,2010-04-06T22:59:08+00:00,residential,Buffalo Crossing,,1,57770885
9561016,2,2024-07-25T04:49:17+00:00,track,County Road 2595,,1,12072854930
9566643,3,2025-02-18T16:19:36+00:00,residential,County Road 4103,,1,74136208
9937243,8,2025-07-29T03:51:27+00:00,track,,,1,13033166759
9938132,5,2026-02-03T20:16:16+00:00,service,,,1,13472368318
9952689,2,2026-05-31T20:06:28+00:00,residential,,,1,13899818700
9956509,5,2021-08-16T23:26:19+00:00,track,,,1,9012643033
9967708,4,2023-01-14T17:16:47+00:00,residential,Sharon Drive,,1,10076918983
9969375,18,2021-08-16T23:26:19+00:00,tertiary,West Shady Shores Road,,1,9012643032
9969717,8,2025-10-11T18:28:38+00:00,residential,Lattimore Street,,1,81861840
9976119,8,2025-11-03T21:53:43+00:00,residential,Kings Row,,1,2356284336
9979172,8,2026-03-23T22:03:47+00:00,residential,Sun Valley Drive,,1,81960344
9980705,7,2023-01-14T17:16:47+00:00,residential,Oak Hill Drive,,1,10076918982
10012468,7,2025-02-25T19:13:53+00:00,track,Anthony Road,,1,12618858318
10014857,5,2024-08-04T00:28:47+00:00,track,,,2,82249473 12091146924
10015822,3,2024-08-02T22:34:02+00:00,track,,,1,12089687752
10017164,4,2025-03-13T17:23:43+00:00,residential,,,1,12660142642
10017211,9,2025-02-27T16:52:02+00:00,service,,,1,12623607436
10017464,6,2023-11-16T17:00:17+00:00,residential,,,1,11356347489
10018618,9,2025-02-27T16:01:39+00:00,track,,,1,12623539247
10018642,8,2023-12-05T16:24:30+00:00,residential,County Road 1233A,,1,11396391352
10020241,3,2019-02-27T20:59:06+00:00,track,,,1,6306867235
10021773,25,2026-03-22T15:17:59+00:00,tertiary,Southwest Hulen Street,,1,13669185252
10027501,3,2025-06-24T09:38:00+00:00,track,,,1,12949084196
10027834,3,2025-06-24T09:38:00+00:00,track,,,1,12621779213
10027850,4,2025-06-24T09:38:00+00:00,residential,,,1,12621779402
10028784,5,2025-02-27T15:29:06+00:00,service,,,1,12623506121
10029855,4,2026-05-31T20:06:28+00:00,track,,,1,13899818590
10030557,2,2026-03-16T21:21:49+00:00,track,,,1,13653457242
10030930,2,2025-02-27T15:12:35+00:00,track,,,1,12623453046
10032323,2,2025-02-27T15:29:06+00:00,track,,,1,12623506113
10034841,8,2025-07-13T18:45:04+00:00,residential,Eagle Drive,,1,12624421473
10037042,21,2026-03-31T02:54:04+00:00,tertiary,South Deer Park Road,,1,12624421474
10057636,15,2026-04-30T14:57:08+00:00,tertiary,Indian Trail,,1,82650003
12592702,3,2025-02-19T17:28:49+00:00,service,,,1,12601322708
12616715,11,2025-03-16T17:53:59+00:00,residential,State Line Road,,1,12456240902
14464574,3,2024-04-25T21:17:53+00:00,residential,,,1,11848448794
14469172,9,2026-03-31T05:54:11+00:00,service,,,1,12441844360
14485509,8,2025-05-20T02:27:16+00:00,service,,,1,12292370701
14490969,3,2025-06-19T19:10:40+00:00,track,,,2,12926438537 142400063
14499984,3,2024-12-14T14:18:21+00:00,track,,,1,12422715340
14522886,3,2025-06-19T19:10:40+00:00,track,,,2,12926438538 142831486
14530926,8,2024-12-14T14:18:21+00:00,residential,Washington Ranch Road,,1,10887133482
14531802,4,2023-05-11T15:58:49+00:00,residential,Grapevine Road,,1,10887133481
14542082,4,2025-01-23T22:02:54+00:00,residential,,,2,12527830779 12527830732
14543136,5,2024-06-21T09:20:58+00:00,residential,Quay Road 66,,1,7199095193
14560817,4,2025-01-23T22:02:54+00:00,residential,County Road G003,,1,12527830547
14562757,6,2025-01-23T22:02:54+00:00,track,G-034,,1,12527830733
14563253,4,2025-01-19T15:46:39+00:00,residential,County Road 008,,2,12514808202 12514808199
14665199,4,2025-03-18T21:00:06+00:00,residential,,,1,12677481623
14667156,3,2025-03-18T21:00:06+00:00,track,,,1,12677481592
14705227,4,2025-06-19T15:06:07+00:00,track,,,1,12925998496
14754817,4,2023-09-02T04:38:03+00:00,residential,,,1,145609348
14779336,4,2025-03-19T16:59:26+00:00,residential,N1660 Road,,1,12681502832
14796109,2,2026-03-23T03:07:18+00:00,track,,,1,146110136
14851849,5,2025-02-16T15:42:42+00:00,service,,,2,146677974 12593249019
15027585,3,2022-04-04T17:30:33+00:00,residential,E1950 Road,,1,148294649
15027890,4,2012-09-02T10:23:36+00:00,residential,E1940 Road,,1,148297291
15046877,4,2025-01-23T22:02:54+00:00,residential,Saltbasin Road,,1,12527830721
15046921,6,2025-01-28T13:55:15+00:00,residential,Southern Pacific Road,,2,12526743600 12526808426
15046987,3,2025-01-24T20:19:17+00:00,track,,,1,12530048474
15047019,3,2026-03-13T14:19:46+00:00,unclassified,,,2,11961064543 11961064614
15047022,2,2025-01-28T13:55:15+00:00,residential,,,1,12539158406
15047042,5,2024-05-07T17:29:26+00:00,track,,,3,11887202132 11802922032 11802922033
15047050,3,2024-05-07T17:29:26+00:00,track,,,1,11887202213
15047067,3,2025-02-09T02:04:57+00:00,track,,,1,12570066666
15047081,4,2025-01-27T15:12:53+00:00,track,,,2,12536459218 12534776082
15047091,2,2026-08-26T22:08:16+00:00,track,,,2,14127268907 14127268908
15047107,3,2025-03-26T21:06:00+00:00,track,,,1,12703560616
15047118,2,2025-01-23T22:27:00+00:00,track,,,1,12527855324
15047123,3,2025-01-27T15:12:53+00:00,track,,,1,12536452763
15047132,2,2025-01-23T22:27:00+00:00,track,,,1,12527855325
15047142,3,2025-01-24T20:19:17+00:00,residential,,,2,12527861425 12530048206
15047166,4,2025-01-24T20:19:17+00:00,residential,,,3,12530048426 12530048349 12530048278
15047185,3,2025-01-23T15:52:18+00:00,residential,,,1,148420163
15047222,3,2026-03-13T14:19:46+00:00,residential,,,1,11961064566
15047237,3,2024-06-03T19:27:10+00:00,track,,,1,11954436558
15047239,4,2024-12-11T19:57:12+00:00,track,,,1,12413510142
15047243,4,2024-12-11T19:57:12+00:00,track,,,1,12413510143
15047267,3,2024-05-07T17:29:26+00:00,track,,,2,11887202133 11887202131
15047314,2,2024-02-10T21:59:37+00:00,residential,,,1,11608740831
15047322,3,2024-05-07T17:29:26+00:00,track,,,1,11887202177
15047329,2,2024-02-22T19:42:09+00:00,residential,,,1,11653964319
15047373,3,2024-05-07T17:29:26+00:00,track,,,1,11887202176
15047411,5,2025-03-26T21:06:00+00:00,track,,,3,12676983758 12676991911 12570066732
15047500,5,2025-09-09T18:14:01+00:00,track,,,2,12564069606 13131474855
15047561,4,2025-01-19T21:47:13+00:00,residential,,,12,11945985555 11945985554 11945985552 11945985553 12516953377 12516953379 12516953378 12516953504 12516953503 12516953502 12516953500 12516953501
15047664,3,2025-01-19T21:30:12+00:00,residential,,,5,12516928003 12516928004 12516928005 12516928007 12516928008
15047689,5,2025-02-09T02:04:57+00:00,track,,,2,12534788757 12570066667
15047730,3,2026-02-25T19:32:18+00:00,track,,,2,13598942241 13598942268
15047749,5,2026-08-26T14:56:46+00:00,track,,,1,14125395430
15047766,3,2024-04-16T06:34:29+00:00,track,,,1,11821147757
15047820,3,2026-08-11T17:25:52+00:00,track,,,1,14088126027
15047836,4,2025-02-09T02:04:57+00:00,track,,,4,12570066832 12534788697 12534788698 12534788762
15047850,3,2024-05-07T17:29:26+00:00,track,,,1,11887202175
15047911,3,2025-01-24T15:40:06+00:00,track,,,1,12529544091
15047973,3,2025-01-24T15:40:06+00:00,track,,,1,12529544576
15047983,4,2025-11-25T22:15:50+00:00,track,,,1,13332601247
15048039,3,2024-12-18T16:32:20+00:00,residential,,,1,12431222851
15048063,2,2025-03-26T22:22:12+00:00,residential,,,1,12703664791
15048086,5,2025-11-12T17:27:35+00:00,residential,,,6,12516947771 12526690463 12526686336 12526689901 12526690465 12526690108
15048122,3,2025-11-12T17:27:35+00:00,residential,,,1,12526690111
15048185,2,2026-08-11T17:25:52+00:00,residential,,,1,14088126036
15048192,6,2025-01-27T15:12:53+00:00,track,,,5,12534776100 12534795401 12534798465 12529544364 12529544110
15048227,4,2025-01-26T19:53:20+00:00,track,,,2,12529544365 12534795402
15048240,2,2025-01-23T16:06:12+00:00,residential,,,2,12526690112 12526690057
15048297,3,2026-08-11T17:25:52+00:00,track,,,1,14088122092
15048301,4,2025-01-26T19:57:06+00:00,track,,,1,12534798462
15048311,6,2026-09-07T16:11:55+00:00,track,,,3,12529544134 14159931615 12534776094
15048394,6,2021-10-19T21:39:52+00:00,track,,,2,9184111691 9184111825
15048478,2,2026-02-28T03:55:38+00:00,residential,,,1,13606965156
15048483,3,2024-04-01T14:40:12+00:00,track,,,1,148433193
15048585,2,2024-05-30T20:08:24+00:00,residential,,,1,11945985531
15048604,3,2021-10-19T21:39:52+00:00,track,,,6,9184112241 9184112221 9184112222 9184111583 9184111529 9184111441
15048747,2,2024-01-12T18:02:19+00:00,residential,,,1,11511629664
15048776,2,2023-05-31T20:47:20+00:00,residential,,,1,10942871117
15048780,3,2024-06-04T15:48:03+00:00,service,,,1,11956099178
15048814,3,2026-03-27T16:00:06+00:00,track,,,1,148435607
15048864,3,2024-12-18T16:32:20+00:00,residential,,,1,12394767089
15048866,2,2024-12-03T21:44:25+00:00,residential,,,1,12394770030
15048895,4,2024-05-05T03:29:21+00:00,track,,,1,11880357650
15048901,4,2024-05-05T03:29:21+00:00,track,,,1,11880357651
15049181,4,2024-04-01T14:40:12+00:00,track,,,2,11523658019 11523658020
15049287,4,2024-05-05T03:29:21+00:00,track,,,1,11880357590
15049319,2,2025-07-01T19:29:38+00:00,residential,,,1,12967135150
15049328,3,2025-01-26T03:29:55+00:00,residential,,,3,12533337026 12533337027 12533336935
15049363,4,2026-02-28T03:55:38+00:00,residential,,,7,10942871341 10942871340 10942871339 10942871338 10942871337 10942871335 10942871336
15049369,2,2025-01-26T03:29:55+00:00,residential,,,4,12533337022 12533337023 12533337024 12533336994
15049404,4,2024-09-01T02:10:22+00:00,track,,,1,12148855220
15049423,3,2024-09-07T11:47:36+00:00,residential,,,1,11511629614
15049439,3,2024-09-07T11:47:36+00:00,residential,,,2,12161662897 11511629612
15049463,2,2024-01-12T18:02:19+00:00,residential,,,1,11511629668
15049578,4,2024-05-05T03:29:21+00:00,track,,,1,11880357304
15049931,3,2024-09-01T02:10:22+00:00,track,,,1,12148855256
15049968,2,2024-04-08T20:58:45+00:00,residential,,,1,11802921994
15049978,2,2024-04-08T20:58:45+00:00,residential,,,1,11802921993
15050021,2,2025-01-23T17:14:16+00:00,residential,,,1,12526808599
15050097,3,2024-02-03T16:17:22+00:00,track,,,1,11582138987
15050130,5,2024-06-05T22:38:00+00:00,track,,,1,11959266888
15050150,6,2024-05-07T17:29:26+00:00,track,,,1,11887202097
15050179,2,2025-01-23T17:14:16+00:00,residential,,,1,12526808619
15050219,8,2026-01-20T16:11:49+00:00,residential,,,3,13470967492 13470967491 13470934823
15050257,3,2026-01-20T16:11:49+00:00,residential,,,1,13470967466
15050322,4,2026-03-13T14:19:46+00:00,track,,,3,11961064481 11961064525 11802922115
15050330,3,2024-07-24T18:46:47+00:00,track,,,4,12072158239 10082894101 12072158231 12072158230
15050424,3,2025-01-28T13:55:15+00:00,track,,,7,12539158600 12539158599 12539158598 12539158597 12539158596 12539158653 12539158654
15050506,4,2026-01-20T15:49:43+00:00,residential,,,1,13470934768
15050593,3,2026-06-13T16:26:52+00:00,track,,,1,13936372413
15050728,2,2025-01-23T17:14:16+00:00,residential,,,1,12526808629
15050753,7,2026-02-09T20:52:13+00:00,track,,,2,13538793791 13538775651
15050822,5,2024-07-24T18:46:47+00:00,track,,,3,12072179672 12072179671 12072179670
15050864,4,2024-02-09T21:30:32+00:00,track,,,3,11603917979 11603917973 11603917981
15050913,3,2026-06-09T15:06:14+00:00,track,,,1,13923313324
15050921,3,2025-01-24T15:40:06+00:00,track,,,1,12529544101
15050991,6,2025-10-04T14:33:21+00:00,track,,,2,12908639348 13192845055
15051014,3,2025-01-24T15:40:06+00:00,track,,,1,12529544587
15051093,5,2026-01-20T16:14:29+00:00,residential,,,2,13470934752 13470944683
15051104,5,2025-02-09T02:04:57+00:00,track,,,3,12564069607 12569863538 12570066766
15051113,4,2026-03-27T16:00:06+00:00,track,,,3,13538832411 13685043425 13685043489
15051143,5,2026-01-20T15:49:43+00:00,residential,,,1,13470934795
15051174,5,2024-05-05T03:47:19+00:00,track,,,1,11880434640
15051217,3,2025-01-23T15:52:18+00:00,track,,,1,12526672207
15051302,3,2025-09-24T18:36:53+00:00,residential,,,2,13168108601 13168108618
15051367,3,2025-01-23T17:14:16+00:00,residential,,,1,12526808643
15051414,4,2025-02-09T02:04:57+00:00,track,,,3,12570066606 12529544564 12529544566
15051439,3,2025-01-26T19:48:24+00:00,residential,,,1,12228020372
15051574,4,2026-01-20T15:49:43+00:00,residential,,,1,13470934744
15051688,3,2025-01-23T22:02:54+00:00,residential,,,1,12527830794
15051780,8,2026-02-12T18:29:53+00:00,unclassified,,,2,12526672206 13546926027
15051789,3,2026-02-12T18:29:53+00:00,residential,,,1,13546926041
15051797,3,2025-01-26T19:48:24+00:00,residential,,,1,12534788614
15051814,3,2026-03-21T12:05:05+00:00,residential,,,8,13666656643 13666656667 13666656666 13666656665 13666656664 148465339 13666656663 13666688449
15051839,3,2025-01-26T19:48:24+00:00,residential,,,1,12534788617
15051916,3,2025-01-23T16:48:06+00:00,track,,,1,12526743597
15051986,3,2025-01-23T15:52:18+00:00,track,,,2,148466664 12526672440
15052019,4,2025-10-04T14:33:21+00:00,track,,,1,13192844980
15052060,4,2025-01-27T14:00:21+00:00,track,,,1,12536335935
15052074,3,2025-01-24T15:40:06+00:00,track,,,2,12529544534 12529544540
15052133,7,2025-02-09T02:04:57+00:00,track,,,4,12534788885 12534788802 12570066652 12529544402
15052468,2,2026-09-15T14:45:17+00:00,residential,,,1,14183192182
15052482,2,2019-11-12T16:37:22+00:00,track,,,1,148470934
15052550,3,2026-08-11T17:25:52+00:00,track,,,2,14088122094 14088122093
15052573,4,2025-01-23T16:48:06+00:00,track,,,1,12526743596
15052602,5,2026-01-20T16:14:29+00:00,residential,,,1,13470944696
15052656,6,2026-01-20T16:14:29+00:00,residential,,,1,13470944697
15052716,6,2024-06-03T19:27:10+00:00,track,,,1,11954436811
15052734,4,2026-03-27T16:00:06+00:00,track,,,1,13685043486
15052824,3,2024-12-17T20:36:27+00:00,residential,,,2,12427040668 12427059106
15052933,5,2025-01-27T14:00:21+00:00,track,,,2,12536335961 12530048038
15053015,3,2025-01-31T03:43:17+00:00,track,,,4,12524337245 12524337216 12545671104 12524337217
15053078,4,2025-06-12T03:01:44+00:00,track,,,1,12908639357
15053142,3,2024-06-05T12:35:40+00:00,track,,,1,11958385139
15053448,2,2024-12-17T20:36:27+00:00,residential,,,1,12427040646
15053485,3,2026-03-27T16:00:06+00:00,track,,,1,13685043720
15053519,4,2026-03-27T16:00:06+00:00,track,,,2,13538832279 13538832521
15053538,4,2025-01-24T20:19:17+00:00,residential,,,2,12527861426 12530048473
15053656,3,2025-01-26T19:48:24+00:00,track,,,1,12534788878
15053721,3,2024-06-03T19:27:10+00:00,track,,,1,11954436585
15053745,2,2025-01-18T18:19:10+00:00,residential,,,1,12512700333
15053793,3,2026-03-21T12:05:05+00:00,residential,,,3,12526672496 12526672495 148481870
15053801,4,2025-01-27T00:01:01+00:00,service,,,2,12535220445 11958250396
15053813,2,2026-03-21T12:05:05+00:00,residential,,,1,13666656644
15053860,4,2024-06-03T19:27:10+00:00,track,,,1,11954436586
15053870,3,2024-06-03T19:27:10+00:00,track,,,1,11954436598
15053875,2,2025-01-18T18:19:10+00:00,residential,,,1,12512700342
15053899,6,2025-01-24T20:19:17+00:00,track,,,1,12530048482
15054124,3,2026-08-11T17:25:52+00:00,track,,,1,14088122044
15054138,3,2026-08-11T17:25:52+00:00,track,,,1,14088122067
15054151,3,2026-08-11T17:25:52+00:00,track,,,1,14088122095
15054235,3,2026-09-22T17:35:53+00:00,residential,,,2,14206864335 14206864334
15054253,5,2025-01-27T00:01:01+00:00,service,,,1,11958283387
15054275,3,2025-01-27T00:01:01+00:00,service,,,1,148486825
15054318,6,2025-10-04T22:20:08+00:00,track,,,3,13194635666 12422925253 12422925265
15054360,3,2025-01-24T20:19:17+00:00,track,,,1,12530048051
15054374,4,2025-01-24T20:19:17+00:00,track,,,1,12530047996
15054489,4,2024-04-16T02:24:37+00:00,track,,,7,11820884922 11820884923 11820884924 11820884925 11820884926 11820884927 11820884994
15054495,5,2025-01-23T22:02:54+00:00,unclassified,,,1,12527830854
15054527,2,2025-10-29T18:14:13+00:00,track,,,3,13267597110 13267597079 148489650
15054554,6,2025-11-11T13:46:26+00:00,service,,,3,12654013635 12654013634 12654013633
15054571,2,2025-01-22T20:24:32+00:00,track,,,3,12524337443 12524337442 12524337440
15054579,3,2025-01-24T20:19:17+00:00,track,,,1,12530047954
15054586,3,2025-01-23T15:52:18+00:00,residential,,,3,12526672246 12526672302 12526672249
15054699,3,2025-01-23T15:52:18+00:00,residential,,,1,12526672270
15054742,5,2025-01-31T03:41:38+00:00,track,,,8,12518523629 12545669387 12518684073 12520855489 12520855487 12520855492 12520876197 12520876123
15054844,4,2024-04-08T22:25:19+00:00,residential,,,1,11802922028
15054882,5,2024-12-14T16:16:39+00:00,track,,,1,12422925266
15055133,3,2025-01-23T15:52:18+00:00,residential,,,1,12526672248
15055262,3,2025-01-22T20:24:32+00:00,track,,,3,12524337300 12524337301 12524337302
15055296,2,2025-10-29T18:14:13+00:00,track,,,1,13267597115
15055601,2,2024-08-26T15:40:04+00:00,residential,,,2,12138109871 12138109872
15055689,5,2025-01-23T22:27:00+00:00,track,,,1,12527855303
15055722,3,2024-12-17T20:36:27+00:00,residential,,,1,12427040687
15055761,4,2025-01-28T13:55:15+00:00,track,,,2,12539158353 12539158602
15055813,2,2024-07-05T16:46:46+00:00,residential,,,1,148500849
15055905,5,2025-09-29T18:28:31+00:00,residential,,,3,11653961092 148501722 11110310237
15056129,6,2025-01-22T14:48:08+00:00,track,,,2,12522982688 12514806854
15056282,3,2025-09-29T18:28:31+00:00,residential,,,1,11653964316
15056307,4,2025-09-29T18:28:31+00:00,residential,,,2,11653964318 11608744465
15056337,2,2024-10-29T14:52:04+00:00,residential,,,1,12296990287
15056358,3,2025-04-24T18:49:32+00:00,residential,,,1,12784278177
15056386,2,2024-07-05T16:46:46+00:00,residential,,,4,12036274281 12036274254 12036274282 12036274138
15056415,2,2024-12-17T20:36:27+00:00,residential,,,1,12427040698
15056420,3,2025-09-24T18:36:53+00:00,residential,,,1,13168108588
15056483,2,2024-07-05T16:46:46+00:00,residential,,,9,12036274435 148507206 12036274436 12036274437 12036274395 12036274396 12036274397 12036274398 12036274279
15056535,2,2026-09-15T14:45:17+00:00,residential,,,1,14183192187
15056542,4,2024-04-08T20:58:45+00:00,residential,,,2,11735141022 11802922025
15056556,5,2024-03-30T18:02:46+00:00,track,,,4,11523658025 11523658024 11523658022 11523658023
15056567,4,2024-05-07T17:29:26+00:00,track,,,2,11802921988 11887202212
15056652,4,2025-01-27T15:12:53+00:00,track,,,1,11666801246
15056710,6,2026-09-07T16:11:55+00:00,track,,,5,11666801221 148510121 14159931594 14159931607 11666801250
15056728,2,2024-10-29T17:37:00+00:00,residential,,,2,12297325055 148510379
15056740,4,2025-01-24T15:40:06+00:00,track,,,2,12529544281 12529544230
15056752,2,2024-07-05T16:46:46+00:00,residential,,,2,12036274278 12036274277
15056764,4,2025-01-24T15:40:06+00:00,track,,,1,12529544291
15056778,5,2024-12-17T20:36:27+00:00,residential,,,4,11735141029 11802922024 11735141023 11653961093
15056789,3,2024-10-29T17:37:00+00:00,residential,,,1,12297325054
15056801,2,2024-07-05T16:46:46+00:00,residential,,,2,12036274253 12036274280
15056823,3,2025-01-23T17:14:16+00:00,residential,,,10,12138109870 12138109742 12138109741 12138109598 12138109740 12138109739 12138109738 12138109737 12138109736 12138109568
15056871,2,2025-01-22T20:24:32+00:00,track,,,1,12524337444
15056874,2,2024-02-22T19:39:52+00:00,residential,,,1,11653961086
15056929,2,2024-02-22T19:39:52+00:00,residential,,,1,11653961090
15056962,4,2024-12-17T20:36:27+00:00,track,,,3,12427040691 12427040669 11735141030
15057014,4,2025-02-09T02:04:57+00:00,track,,,1,12570066722
15057018,4,2026-01-20T15:49:43+00:00,residential,,,1,13470934774
15057029,4,2026-09-07T16:11:55+00:00,track,,,1,14159931593
15057032,3,2026-09-07T16:11:55+00:00,track,,,1,14159931592
15057051,3,2025-01-24T15:40:06+00:00,track,,,1,12529544274
15057090,3,2025-01-23T17:14:16+00:00,track,,,1,12526808646
15057151,6,2026-01-20T16:18:14+00:00,residential,,,6,13168108617 13470975125 148514196 13168108571 13168108572 13168108556
15057168,5,2025-03-20T14:33:24+00:00,track,,,2,12684836520 12676983791
15057244,5,2025-03-18T16:22:45+00:00,track,,,2,12676983792 12676983759
15057345,4,2026-01-16T16:23:03+00:00,track,,,1,13460730021
15057464,4,2026-06-09T15:06:14+00:00,track,,,1,13923313280
15057478,3,2026-01-20T16:18:14+00:00,residential,,,2,13168108637 13470962383
15057485,3,2024-03-15T20:56:48+00:00,residential,,,1,11735141031
15057510,3,2024-07-05T16:46:46+00:00,track,,,1,12036274958
15057593,2,2024-07-05T16:46:46+00:00,residential,,,1,12036274451
15057609,3,2024-06-05T12:35:40+00:00,track,,,2,11958385327 11958385326
15057622,2,2024-02-22T19:42:09+00:00,residential,,,1,11653964317
15057650,4,2025-07-01T19:29:38+00:00,residential,,,2,11511629613 12967135187
15057769,7,2024-06-17T22:20:24+00:00,unclassified,,,1,11945985557
15057791,3,2025-01-20T18:52:30+00:00,track,,,2,12518834740 12518834698
15057823,4,2024-12-11T19:57:12+00:00,track,,,1,12413510144
15057844,4,2025-01-31T03:41:38+00:00,track,,,4,12545669338 12545669339 148524064 12520876275
15057897,7,2024-06-09T19:56:04+00:00,residential,,,2,11802922026 11802922027
15057952,3,2025-01-19T16:34:18+00:00,track,,,2,12514892955 12514892668
15057973,4,2026-03-13T14:19:46+00:00,track,,,1,11802922113
15057998,2,2024-07-05T16:46:46+00:00,residential,,,1,12036253701
15058001,3,2024-04-08T22:25:19+00:00,residential,,,1,11802922029
15058014,3,2026-06-09T15:06:14+00:00,track,,,10,13923313265 13923313264 13923313263 13923313262 13923313261 13923313260 13923313259 13923313258 13923313192 13923313191
15058101,5,2024-12-17T20:36:27+00:00,residential,,,3,12427040690 12427059113 11735141028
15058114,3,2024-03-15T20:56:48+00:00,track,,,1,11735141034
15058209,5,2023-07-13T15:15:16+00:00,track,,,1,11044349807
15058219,4,2026-03-27T16:20:36+00:00,residential,,,1,13685072719
15058253,6,2024-06-09T19:56:04+00:00,track,,,1,11735141033
15058311,2,2025-10-29T18:15:25+00:00,residential,,,1,13267599215
15058363,5,2025-01-23T22:02:54+00:00,track,,,1,12527830824
15058418,2,2025-09-24T18:36:53+00:00,residential,,,1,13168108555
15058468,2,2026-01-20T16:18:14+00:00,residential,,,1,13470975114
15058508,2,2025-07-01T19:29:38+00:00,residential,,,1,12967135142
15058564,4,2025-01-24T15:40:06+00:00,track,,,2,12529544144 12529544143
15058575,4,2024-05-07T17:29:26+00:00,track,,,4,11887202130 11735141037 11735141036 11887202150
15058639,4,2025-01-24T20:19:17+00:00,track,,,4,12526808596 12526809060 12526809061 12526809062
15058721,5,2026-06-09T15:06:14+00:00,track,,,8,13923313281 12529543932 12529543931 11098403404 11098403403 11098403402 11098403401 11098403400
15058783,6,2025-01-27T14:00:21+00:00,track,,,2,12536336082 11954436627
15058861,4,2026-08-26T22:08:16+00:00,track,,,6,148527442 14127268968 14127268969 14127268904 14127268905 14127268906
15058898,4,2025-01-21T15:50:17+00:00,residential,,,4,12520855491 12520855499 12520876196 12520876122
15058981,5,2024-05-07T17:29:26+00:00,track,,,1,11887202098
15059027,4,2026-08-26T14:56:46+00:00,track,,,1,14125395431
15059154,3,2025-01-28T13:55:15+00:00,track,,,1,12527822698
15059223,2,2025-09-09T18:14:01+00:00,residential,,,1,13131474865
15059350,3,2026-02-25T19:32:18+00:00,track,,,1,13598942240
15059352,3,2025-01-26T19:48:24+00:00,track,,,1,12534788811
15059404,4,2024-10-29T17:37:00+00:00,residential,,,2,12297325053 12296990249
15059431,3,2024-03-15T20:56:48+00:00,track,,,1,11735141027
15059515,3,2025-01-24T15:40:06+00:00,residential,,,1,11653960896
15059540,3,2025-01-23T17:14:16+00:00,track,,,2,12526808653 12526809063
15059613,3,2025-01-24T15:40:06+00:00,residential,,,1,11653961089
15059634,4,2025-11-25T22:15:50+00:00,track,,,2,13332601241 12529544586
15059656,4,2025-11-12T17:27:35+00:00,residential,,,1,12526686337
15059681,3,2024-01-16T22:07:31+00:00,track,,,1,11523658021
15059688,3,2025-02-09T02:04:57+00:00,track,,,1,12570066611
15059868,2,2025-01-26T03:29:55+00:00,residential,,,1,12533337025
15060064,4,2025-01-27T00:01:01+00:00,service,,,1,12535220444
15060270,4,2024-04-16T06:34:29+00:00,track,,,6,11821205763 11821205760 11821205761 11821205762 148536572 148536678
15060288,2,2024-03-30T18:02:46+00:00,track,,,1,148536881
15060369,3,2026-09-03T17:41:22+00:00,track,,,1,14145032962
15060651,2,2026-01-20T16:11:49+00:00,residential,,,1,13470968032
15060719,5,2024-06-05T11:30:31+00:00,residential,The Boulevard,,1,11958267463
15060795,2,2024-01-12T18:02:19+00:00,track,,,1,11511629611
15060881,3,2018-12-14T08:55:09+00:00,residential,,,1,2370534259
15060958,3,2024-04-08T22:23:52+00:00,residential,,,1,11802922116
15061012,2,2025-01-23T17:14:16+00:00,residential,,,1,12526808613
15061153,2,2026-01-20T16:11:49+00:00,residential,,,1,13470967467
15061194,4,2025-02-09T01:35:20+00:00,track,,,1,12569863551
15061241,4,2024-05-05T03:29:21+00:00,track,,,1,11880357287
15061305,3,2026-06-13T16:26:52+00:00,track,,,1,13936372414
15061332,4,2025-01-23T17:14:16+00:00,residential,,,1,12526808614
15061359,2,2025-01-23T17:14:16+00:00,track,,,1,12526808620
15061531,3,2025-08-21T15:16:39+00:00,track,,,1,13087116156
15061553,3,2025-08-20T15:20:33+00:00,residential,,,2,12526672205 12526672401
15061570,6,2025-01-27T15:12:53+00:00,track,,,4,12534776097 12536459144 12534798464 12529544099
15061594,2,2025-01-23T15:52:18+00:00,residential,,,1,12526672208
15061642,5,2026-01-20T16:11:49+00:00,residential,,,1,13470968023
15061715,2,2025-08-21T15:16:39+00:00,residential,,,1,13087116171
15061933,3,2025-01-23T17:14:16+00:00,track,,,1,12526808652
15061946,4,2026-03-27T16:00:06+00:00,track,,,2,12526743329 13685043485
15062051,6,2026-01-20T16:11:49+00:00,residential,,,3,13470934804 13470934778 13470968015
15062152,4,2026-03-27T16:00:06+00:00,track,,,2,13685043403 13538832410
15062160,3,2025-02-09T02:04:57+00:00,track,,,1,12570066605
15062244,2,2024-06-05T12:04:29+00:00,service,,,1,11958322073
15062303,3,2026-03-27T16:00:06+00:00,track,,,1,13685043526
15062559,3,2025-01-18T18:19:10+00:00,residential,,,1,12512691877
15062682,4,2024-06-05T12:35:40+00:00,track,,,2,11958385140 11958322043
15063120,4,2025-01-22T18:45:56+00:00,residential,,,1,11608712033
15063127,2,2026-09-22T17:35:53+00:00,residential,,,1,14206864358
15063231,2,2024-07-05T16:46:46+00:00,residential,,,1,12036274252
15063243,3,2025-01-18T18:19:10+00:00,residential,,,1,12512700330
15063253,3,2025-01-27T14:00:21+00:00,track,,,1,12536335945
15063270,3,2024-04-16T02:24:37+00:00,track,,,1,11820885030
15063300,3,2025-01-23T15:52:18+00:00,residential,,,1,12526672247
15063368,2,2026-09-22T17:35:53+00:00,residential,,,1,14206864348
15063388,7,2025-09-29T18:28:31+00:00,residential,,,2,12545669337 11608744466
15063504,3,2024-03-15T20:56:48+00:00,track,,,1,11735141032
15063518,3,2025-01-22T20:24:32+00:00,track,,,1,12524337299
15063646,3,2026-01-20T16:11:49+00:00,residential,,,1,13470968031
15063731,4,2024-07-05T16:46:46+00:00,track,,,6,12036253744 148559114 12036274901 12036274900 148559147 148559192
15063878,4,2025-01-19T15:46:39+00:00,track,,,1,12514806985
15063929,2,2026-09-15T14:45:17+00:00,residential,,,1,14183192188
15063978,2,2024-07-05T16:46:46+00:00,residential,,,1,12036274297
15064036,2,2026-09-15T14:45:17+00:00,residential,,,1,14183192189
15064088,4,2026-03-13T14:19:46+00:00,track,,,1,13168108629
15064098,3,2024-12-17T20:36:27+00:00,residential,,,2,11653961091 11653961087
15064099,4,2024-02-22T19:39:52+00:00,residential,,,1,11653961088
15064114,2,2024-10-29T14:52:04+00:00,residential,,,1,12296990300
15064122,2,2024-10-29T14:52:04+00:00,residential,,,1,12296990250
15064402,7,2025-01-22T14:14:20+00:00,residential,,,7,12522922826 12514892684 12514892591 12514843564 12514843811 12515213388 12515213365
15064429,4,2024-12-14T16:16:39+00:00,track,,,1,12422925243
15064488,5,2025-01-21T15:04:25+00:00,track,,,2,12520773450 12520790802
15064555,3,2025-01-19T21:11:01+00:00,track,,,4,12516869586 12516869677 12516869130 12516869170
15064627,3,2024-03-15T20:56:48+00:00,track,,,1,11735141035
15064655,2,2025-09-24T18:36:53+00:00,residential,,,1,13168108570
15064686,4,2025-07-01T19:29:38+00:00,residential,,,6,12394767090 12431222855 12431216979 12431222885 12431222886 12967135196
15064689,2,2025-09-24T18:36:53+00:00,residential,,,1,13168108573
15064813,4,2025-01-20T16:02:58+00:00,residential,Chavez Road,,2,12518523660 12518523672
15064854,8,2024-07-24T10:58:01+00:00,residential,Bramlett Road,,5,11772225089 12071433514 11772225088 11954436814 11954436735
15064910,4,2025-02-09T02:04:57+00:00,track,Macado Road,,1,12570066765
15064912,4,2025-01-26T19:48:24+00:00,track,Macado Road,,1,12534788759
15064929,3,2024-06-05T11:30:31+00:00,residential,Waterwell Loop,,2,11958267464 11958270080
15065021,48,2026-02-26T03:54:28+00:00,trunk,US Highway 62,US 62;US 180,2,12524336948 12518523762
15065077,6,2025-01-27T00:22:03+00:00,residential,Club House Road,,1,12535240604
15065237,5,2024-05-07T17:29:26+00:00,track,Pipeline Road,,1,11887202151
15065389,3,2025-11-12T17:27:35+00:00,residential,McGuyers Road,,2,12526690110 12526690467
15065488,5,2026-01-20T15:49:43+00:00,residential,Mayfield Ranch Road,,1,13470934745
15065581,8,2026-02-09T21:00:18+00:00,track,Broad Canyon Road,,5,13538791158 13538791157 13538791156 13538791186 13538832211
15065630,5,2024-06-04T14:53:09+00:00,track,Bryan Boulevard,,1,11956006673
15065666,4,2026-01-20T16:11:49+00:00,residential,Lynch Road,,1,13470968058
15065735,6,2025-01-27T15:12:53+00:00,track,Garren Road,,3,12536452730 12534776096 12536459156
15065737,5,2025-01-26T19:57:06+00:00,track,Garren Road,,1,12534798463
15065741,4,2025-01-24T15:40:06+00:00,track,Garren Road,,1,12529543933
15065752,4,2026-06-09T15:06:14+00:00,track,Garren Road,,3,13923313268 13923313267 13923313266
15065767,4,2025-02-09T02:04:57+00:00,track,Garren Road,,1,12570066729
15065798,7,2025-01-23T16:31:25+00:00,track,Black Hills Mine Road,,1,12526725365
15065853,5,2025-01-27T14:00:21+00:00,track,Eagle Mountain Road,,1,12536336061
15065932,3,2026-09-22T17:35:53+00:00,residential,Mosley Road,,1,14206864357
15065957,3,2024-12-03T21:44:25+00:00,residential,Scratch Road,,1,12394767091
15065962,4,2026-08-11T17:25:52+00:00,residential,Scratch Road,,1,14088126057
15065967,3,2024-12-03T21:44:25+00:00,residential,Scratch Road,,1,12394767092
15066117,5,2026-02-28T03:55:38+00:00,residential,Loma Linda Road,,1,10942871334
15066213,7,2024-04-22T21:25:09+00:00,track,Frenchman Canyon Road,,5,148582617 11839317682 11839317880 11839317881 11839317882
15066351,10,2025-01-23T16:31:25+00:00,residential,Indian Hot Spring Road,,1,12526725672
15066420,5,2025-01-21T15:04:25+00:00,residential,Williams Road,,2,12516869769 12520773451
15066425,5,2026-03-27T16:20:36+00:00,residential,Williams Road,,1,13685072720
15066436,6,2025-01-20T16:02:58+00:00,residential,Hammock Road,,4,12518523752 12516869585 12516869684 12516869584
15066444,6,2024-06-04T15:48:03+00:00,residential,Love Road,,1,11956099011
15066492,5,2025-02-06T23:03:24+00:00,track,Big Tank Road,,1,12564069605
15066498,9,2025-02-09T02:04:57+00:00,track,Big Tank Road,,5,12534788877 12536459182 12570066649 12529544388 12570066612
15066517,7,2025-01-23T22:27:00+00:00,unclassified,Guest Ranch Road,,1,12527855322
15066526,9,2026-02-09T21:00:18+00:00,residential,Guest Ranch Road,,3,13538832412 148585747 12526808459
15066597,4,2025-03-26T22:22:12+00:00,residential,McGuyers Road,,2,12526690109 12526690466
15066618,4,2024-10-29T14:52:04+00:00,residential,Wilkey Road,,1,12296990288
15066789,10,2024-04-16T06:34:29+00:00,unclassified,Indian Hot Spring Road,,3,11523658026 11821205823 11820885031
15094202,3,2025-05-25T22:06:24+00:00,service,,,1,6512274958
15094527,14,2022-01-10T23:14:58+00:00,service,Tank Trail,,1,9380324280
15094618,3,2019-02-21T19:12:20+00:00,track,Outer Fence Road,,1,149057158
15094700,4,2021-12-30T18:17:37+00:00,path,,,1,9379995446
15094714,6,2021-12-30T19:09:10+00:00,unclassified,,,1,9379995447
15094831,3,2023-06-19T03:25:17+00:00,service,,,1,10988265758
15094975,3,2026-04-01T18:06:59+00:00,track,,,1,13699283802
15095067,5,2023-04-02T23:02:01+00:00,service,,,1,6512251349
15095216,2,2026-05-29T12:39:01+00:00,service,,,1,13893781220
15095248,5,2024-05-05T14:12:59+00:00,service,,,1,11879000513
15095256,5,2024-05-04T16:43:54+00:00,service,,,2,11879000518 11879359470
15095338,3,2025-12-06T22:40:59+00:00,track,,,1,13358387070
15095373,2,2025-11-29T14:46:02+00:00,track,,,1,13340525453
15095377,2,2025-05-20T18:28:23+00:00,track,,,1,12851537243
15095405,2,2026-04-01T19:36:20+00:00,track,,,2,13699555102 149067281
15095534,2,2019-03-24T23:51:37+00:00,residential,,,1,6359439218
15095607,1,2007-12-03T17:38:13+00:00,residential,,,1,149069610
15095623,4,2023-10-12T21:26:21+00:00,track,,,1,11256547699
15095718,4,2025-12-10T16:27:34+00:00,service,,,2,11239925383 11239925397
15095747,3,2024-11-30T05:33:26+00:00,service,,,1,11236804607
15096025,2,2024-05-18T18:50:15+00:00,residential,,,1,11916413684
15096034,2,2019-08-15T21:43:23+00:00,service,,,1,6713078446
15096044,1,2007-12-03T17:40:41+00:00,service,,,1,149074308
15096104,5,2021-03-10T08:30:23+00:00,service,,,1,8502944668
15096173,3,2026-01-30T21:11:45+00:00,track,,,4,13513216000 13513215999 13513215968 13513215974
15096344,3,2026-04-01T18:06:59+00:00,track,,,2,13699283647 13699283753
15096481,7,2025-12-11T14:21:23+00:00,track,,,2,11283925433 11283925399
15096540,5,2025-07-13T16:53:04+00:00,service,,,1,12997744060
15096622,2,2023-06-20T05:31:06+00:00,service,,,5,10991324102 10991324071 10991324059 10991326558 10991326559
15096718,5,2025-12-10T16:08:55+00:00,service,,,1,13367553612
15096907,2,2025-06-02T18:19:10+00:00,track,,,1,12881463818
15096934,2,2024-12-25T00:42:09+00:00,residential,,,1,12450351105
15097047,3,2025-05-19T21:16:32+00:00,residential,,,1,149084943
15097205,4,2026-02-04T00:30:13+00:00,service,,,6,10980067827 10980067837 10980067876 10980067880 10980067902 13523099324
15097360,4,2026-04-01T20:23:39+00:00,service,,,1,13699691521
15097438,5,2026-04-01T18:06:59+00:00,residential,,,1,13699283977
15097463,2,2026-02-04T00:13:54+00:00,residential,,,1,13523081263
15097532,2,2025-07-13T17:16:28+00:00,residential,,,1,12997767280
15097564,2,2025-07-13T15:11:45+00:00,residential,,,1,12997589073
15097834,2,2026-04-01T16:21:30+00:00,residential,,,5,13699093538 13699093539 13699093540 13699093541 13699093554
15097970,2,2020-09-11T06:53:04+00:00,service,,,1,149095515
15098012,2,2019-08-15T21:43:23+00:00,service,,,1,6713078422
15098053,3,2020-04-27T07:56:21+00:00,track,,,1,7452196654
15098270,5,2025-12-13T15:34:56+00:00,service,,,1,13374159751
15098375,2,2025-05-25T20:07:50+00:00,track,,,1,149100570
15098485,3,2020-09-09T03:07:43+00:00,residential,,,1,7086360415
15098516,1,2007-12-03T17:57:36+00:00,residential,,,1,149102563
15098620,12,2022-01-25T07:12:27+00:00,track,Inner Fence Road,,1,9443509187
15098737,2,2012-01-24T22:08:42+00:00,track,,,1,149105331
15099165,2,2019-08-15T23:07:18+00:00,service,,,1,6713295392
15099772,3,2024-05-13T18:32:25+00:00,service,,,1,11901843193
15099943,4,2023-10-18T02:05:38+00:00,service,,,1,11270744912
15100077,4,2019-08-15T20:44:26+00:00,service,,,1,6713023601
15100090,4,2023-10-27T17:57:44+00:00,service,,,1,11293496225
15100162,5,2025-05-28T00:34:32+00:00,track,,,2,12869658433 6496407769
15100329,9,2025-10-06T15:47:15+00:00,residential,Empedrado Lane,,1,11905639455
15100728,4,2025-05-25T20:47:07+00:00,track,,,1,149129496
15100739,5,2024-05-18T18:50:15+00:00,track,,,2,11261242914 11916413813
15100782,3,2024-10-03T13:32:27+00:00,track,,,3,12218752964 12218753002 12218753010
15100964,3,2021-12-30T18:17:37+00:00,track,,,1,149132002
15101045,6,2023-04-03T19:41:34+00:00,residential,Dead Poacher Trail,,1,7450451651
15101298,2,2020-04-27T07:56:21+00:00,residential,North Prong Creek Road,,3,7452196469 7452196491 7452196492
15101518,5,2021-02-18T04:18:58+00:00,service,,,1,6717763347
15101537,2,2025-05-20T15:38:47+00:00,track,,,1,12851258529
15101702,3,2026-04-01T17:32:46+00:00,residential,,,6,13699207533 13699207532 6496366059 149140538 6496366060 6496366009
15101995,2,2019-08-15T23:07:18+00:00,residential,,,1,6713295466
15102098,3,2021-03-13T00:01:24+00:00,residential,,,1,8512195645
15102138,3,2025-11-29T14:46:02+00:00,residential,Elam Creek Road,,2,13340525436 13340525435
15102408,3,2020-07-27T12:11:30+00:00,residential,,,2,6496365825 6496365807
15102695,2,2019-08-15T21:17:16+00:00,track,,,1,6713064036
15102829,4,2026-04-01T17:32:46+00:00,track,,,1,13699207345
15102929,3,2026-01-07T23:12:11+00:00,track,,,1,13438741044
15103160,3,2021-03-12T23:47:14+00:00,service,,,1,8512181417
15103249,3,2026-04-01T18:06:59+00:00,track,,,6,149156807 13699283736 13699283825 13699283846 13699283845 13699283847
15103260,2,2025-12-12T14:55:55+00:00,service,,,1,13372129710
15103262,2,2019-08-17T05:34:19+00:00,residential,,,1,6717774977
15103297,3,2025-05-25T22:06:24+00:00,service,,,1,10979479568
15103314,2,2023-06-15T19:45:45+00:00,track,,,1,149158763
15103502,3,2020-04-27T07:56:21+00:00,residential,,,3,7452196584 7452196506 7452196505
15103625,2,2011-02-05T15:09:31+00:00,residential,,,1,149162667
15103794,4,2026-04-24T22:18:47+00:00,track,,,1,8512195745
15103853,2,2014-12-22T05:35:06+00:00,track,,,1,149165537
15103936,4,2025-11-30T14:35:47+00:00,track,,,1,13342624661
15104050,2,2026-04-01T16:21:30+00:00,residential,,,1,13699093483
15104070,3,2020-04-27T05:51:38+00:00,service,,,1,7451154380
15104224,2,2019-08-15T23:07:18+00:00,service,,,1,6713295393
15104283,6,2025-05-28T00:34:32+00:00,track,,,1,12863316388
15104457,3,2026-04-01T20:23:39+00:00,service,,,1,13699691826
15104494,2,2019-05-23T21:36:26+00:00,residential,,,4,6496365984 6496365971 6496365964 6496365923
15104566,2,2019-05-23T21:36:26+00:00,residential,,,1,6496365833
15104694,3,2023-06-16T05:26:34+00:00,track,,,1,10980067828
15104830,5,2026-02-25T16:47:01+00:00,residential,Buckeye Trail,,1,13598499737
15104868,5,2025-07-12T21:49:08+00:00,service,,,2,149178491 12996446586
15105122,3,2023-06-20T16:06:10+00:00,track,,,2,7424271257 7424271236
15105169,4,2022-01-26T12:27:11+00:00,unclassified,Mayberry Park Road,,1,9449999376
15105358,5,2025-07-14T19:22:37+00:00,track,,,1,12999804905
15105473,4,2025-12-06T22:54:54+00:00,unclassified,East Center Road,,1,13358400409
15105493,2,2026-04-01T16:21:30+00:00,residential,,,1,149190209
15105509,2,2019-03-24T23:51:37+00:00,residential,,,1,6359439217
15106176,2,2019-08-15T21:17:16+00:00,service,,,1,6713064139
15106492,3,2025-05-25T20:47:07+00:00,track,,,3,12863316744 12863316743 12863316732
15106573,2,2019-05-23T21:36:26+00:00,residential,,,1,6496365787
15106751,2,2021-06-12T19:01:55+00:00,service,,,1,149214929
15106982,3,2020-04-27T07:56:21+00:00,track,,,1,7452186645
15107135,3,2025-05-25T20:07:50+00:00,track,,,1,12863253430
15107146,2,2026-04-01T19:36:20+00:00,residential,,,2,13699555452 13699555446
15107175,3,2026-01-30T21:11:45+00:00,track,,,1,13513216072
15107501,2,2025-05-25T20:07:50+00:00,track,,,1,12863253827
15107519,4,2025-05-25T20:07:50+00:00,track,,,1,6496408544
15107839,19,2026-02-09T18:54:11+00:00,track,,,1,149235744
15107932,3,2023-06-16T05:26:34+00:00,track,,,1,10980067861
15108517,4,2024-12-25T00:42:09+00:00,residential,,,1,12450351103
15109006,2,2020-04-20T04:34:21+00:00,residential,,,1,7424331268
15109609,2,2010-04-07T08:37:48+00:00,residential,Ken's Road,,1,149250710
15110602,4,2025-07-11T03:49:11+00:00,residential,Mickle Creek Road,,1,149256644
15110978,6,2020-09-14T04:47:39+00:00,residential,River Ranch Drive,,1,6713830872
15111122,13,2024-05-23T01:06:05+00:00,residential,Wilhelm Way,CR 208,1,5592534150
15111128,4,2024-03-28T15:34:29+00:00,residential,Williams Creek Road,,1,6713039453
15111344,6,2020-04-20T04:17:40+00:00,residential,South Goat Ridge Road,,1,7424282650
15111525,8,2023-04-02T23:02:01+00:00,residential,Flying T Ranch Road,,2,10563050853 149268711
15111537,3,2019-08-15T21:34:37+00:00,residential,Williams Creek Road,,1,6713064140
15111821,6,2026-04-01T16:21:30+00:00,residential,Kyle Ranch Road,,1,149272962
15111945,4,2021-02-17T18:23:19+00:00,residential,Middle Verde Road,,1,6712729428
15112036,6,2023-10-13T23:38:00+00:00,service,Crape Myrtle Drive,,1,11261642996
15112060,3,2020-04-27T07:36:27+00:00,residential,Horse Creek Road,,1,7452084954
15112087,4,2019-08-15T23:07:18+00:00,residential,West Sabinal Road,,1,6713295464
15112244,4,2020-04-27T07:56:21+00:00,track,Station C Road,,2,7452196585 7452196653
15112463,9,2026-05-05T01:29:24+00:00,residential,Upper Mason Creek Road,,2,6359439277 6359439382
15112536,10,2021-12-30T22:58:09+00:00,unclassified,Nolanville Road,,1,9380324456
15112549,4,2021-08-09T16:42:05+00:00,residential,Ross Road,,2,6713023647 6713023655
15112854,6,2025-01-14T15:46:56+00:00,residential,Tonya Lane,,1,6717776203
15113333,7,2026-04-01T17:32:46+00:00,residential,Lazy J Road,,1,6512251566
15113443,3,2023-06-19T03:25:17+00:00,residential,Old Mill Creek Road,,1,149301798
15113681,5,2024-02-09T20:33:14+00:00,residential,North Prong Creek Road,,4,7452196563 7452196562 7452196561 7452196560
15113735,3,2026-01-07T23:12:11+00:00,residential,Wheeler Road,,3,13438748751 13438748750 149306384
15114001,8,2025-12-12T14:55:55+00:00,residential,Saint Phillip's Drive,,1,13372129741
15114122,7,2023-03-21T16:20:14+00:00,residential,Thomas Creek Road,,1,6713063892
15114214,4,2023-10-12T02:33:01+00:00,residential,Hidden Pines Parkway,,2,11256547666 11256547965
15114322,3,2024-12-25T15:39:35+00:00,residential,South Seco Creek Road,,1,12451321669
15114481,4,2023-02-14T19:48:43+00:00,track,North Mill Creek Road,,2,10659282979 7452224889
15114591,5,2024-04-03T20:31:02+00:00,residential,Lemond Road,,2,149323607 149323669
15114939,4,2024-04-03T20:04:38+00:00,residential,Spring Branch Road,,1,6713295465
15115038,3,2024-12-25T00:42:09+00:00,residential,Matthews Road,,1,12450351113
15115088,3,2024-12-25T00:42:09+00:00,residential,Cannon Road,,1,12450351110
15115287,3,2021-03-10T10:04:54+00:00,service,,,1,8503165102
15115713,3,2026-04-01T19:36:20+00:00,residential,Legacy Ranch Road,,1,13699554981
15115780,6,2020-12-03T07:07:14+00:00,residential,Jewell Road,,1,6496405661
15116125,3,2024-10-20T16:16:29+00:00,service,Piney Ranch Road,,1,12271363019
15116138,4,2026-04-24T18:31:29+00:00,residential,Pue Road,,2,13759227716 13759227795
15116701,4,2020-04-27T04:36:31+00:00,residential,Winans Creek Road,,1,7451033950
15116919,5,2024-12-25T15:39:35+00:00,residential,Mazurek Road,,1,12451321695
15117408,4,2026-04-01T19:36:20+00:00,residential,Coalkiln Road,,1,13699555018
15117592,8,2019-08-16T23:54:54+00:00,residential,Bandera Boulevard,,1,149373547
15117636,4,2020-04-26T21:47:59+00:00,residential,Doe Creek Road,,1,6359439512
15125504,5,2025-12-26T14:15:32+00:00,service,,,1,12256298725
15125522,6,2025-12-26T14:15:32+00:00,service,,,1,12256298726
15125965,3,2026-02-19T16:56:33+00:00,track,,,1,13581590729
15126407,5,2026-06-06T03:52:11+00:00,service,,,1,12889191223
15126569,4,2025-10-31T20:50:20+00:00,residential,,,2,13273032382 13273032377
15126665,4,2025-12-01T18:18:16+00:00,service,,,1,13346202452
15126807,3,2015-10-15T09:07:36+00:00,track,,,1,149469561
15126881,3,2025-12-01T18:18:16+00:00,track,,,1,13346202505
15126894,3,2025-12-21T15:53:02+00:00,service,,,1,13393019363
15126966,2,2024-06-02T18:56:55+00:00,residential,,,1,149471486
15126992,3,2025-12-01T18:18:16+00:00,service,,,1,13346202445
15127096,3,2025-10-21T02:14:34+00:00,track,,,1,13246993642
15127155,4,2026-02-16T02:31:30+00:00,track,,,1,13568638041
15127378,4,2025-12-21T01:02:50+00:00,service,,,1,13391846042
15127490,4,2025-11-29T17:24:09+00:00,track,,,1,13340812967
15127517,3,2026-02-19T16:56:33+00:00,track,,,1,13581590818
15127582,3,2025-11-29T17:24:09+00:00,service,,,1,12316805291
15127617,7,2024-11-10T17:28:29+00:00,service,,,2,12256298723 8547311513
15127683,3,2025-12-04T20:33:15+00:00,track,,,1,13247062201
15127827,2,2020-11-12T14:09:19+00:00,track,,,1,149480858
15127998,3,2026-02-16T02:31:30+00:00,unclassified,,,3,13568638056 13568638055 149482634
15128144,4,2024-06-26T12:28:26+00:00,track,,,1,12012321453
15128293,2,2025-12-21T01:02:50+00:00,service,,,1,13391863847
15128299,3,2025-12-21T01:02:50+00:00,service,,,1,13391863681
15128532,5,2025-10-31T18:57:45+00:00,track,,,1,13272863267
15128550,2,2025-10-22T15:19:21+00:00,track,,,1,13250094800
15128588,4,2025-12-26T14:15:32+00:00,service,,,1,149488496
15128688,2,2015-03-22T04:32:07+00:00,track,,,1,149489249
15128875,4,2026-04-30T15:31:47+00:00,track,,,1,13781503128
15128886,3,2025-11-26T17:07:50+00:00,service,,,1,13334238493
15129108,3,2025-05-15T19:52:32+00:00,service,,,1,12840667204
15129138,3,2026-02-16T02:31:30+00:00,unclassified,,,2,13568638059 4645032608
15129392,8,2026-06-18T02:44:58+00:00,track,,,1,12863501142
15129483,4,2025-07-17T15:46:07+00:00,service,,,1,13006885448
15129484,3,2025-07-17T15:46:07+00:00,service,,,1,13006885445
15129522,3,2025-05-15T14:42:36+00:00,residential,Miller Creek Road,,1,12840215875
15129537,4,2020-09-11T13:30:42+00:00,track,,,1,227004457
15129924,3,2014-03-04T18:33:52+00:00,service,,,1,2701620677
15129955,4,2025-10-31T18:57:45+00:00,track,Ferguson Road,,2,149501790 13272863295
15129975,3,2015-02-01T17:44:18+00:00,unclassified,Pedernales Hills Road,,1,149502130
15129990,5,2021-07-01T06:39:53+00:00,track,,,1,7428121528
15130152,3,2026-02-19T18:26:22+00:00,track,,,1,13582368884
15130280,12,2026-06-17T03:45:27+00:00,track,,,2,149506169 2958123477
15130310,4,2026-02-01T02:30:29+00:00,track,,,1,13516013511
15130479,8,2025-12-21T01:02:50+00:00,service,Schuetz Creek Road,,2,13272863303 13272863286
15130538,14,2025-12-21T15:53:02+00:00,residential,Little Blanco Road,CR 101,3,149509930 149510014 149510129
15130645,10,2025-05-30T17:02:54+00:00,residential,,,1,12256298695
15130704,4,2026-01-19T20:14:15+00:00,track,,,1,13469022158
15131324,4,2025-11-07T16:22:19+00:00,residential,Summer Hill Lane,,1,13287584354
15131446,4,2025-10-22T15:56:06+00:00,residential,Friendship Lane,,1,13250161894
15131786,3,2025-06-06T15:33:00+00:00,track,,,2,12892387931 12892387950
15131875,5,2025-12-04T20:33:15+00:00,track,Rob Crider Road,,1,13354227474
15131902,6,2025-05-15T19:52:32+00:00,residential,Felix Lane,,1,12840667191
15132031,9,2026-02-25T23:22:30+00:00,residential,Kent Hatchery Road,,1,13340813179
15132050,5,2023-04-17T19:18:38+00:00,residential,Pedernales Bend Drive,,1,9291706173
15132424,3,2025-10-31T20:50:20+00:00,residential,Milo Lane,,1,13273032364
15132902,3,2020-06-17T03:32:20+00:00,residential,Chick Ranch Road,,1,149535335
15133261,3,2026-04-16T21:27:08+00:00,residential,Cowsert Lane,,1,13735898129
15133668,9,2026-04-23T21:36:38+00:00,residential,Trails End Road,,1,13756946316
15133702,4,2025-12-01T18:18:16+00:00,track,Low Water X,,1,13346202447
15134004,2,2026-04-16T21:27:08+00:00,residential,Sweet Hazel,,1,13735898134
15134038,2,2026-02-16T02:31:30+00:00,residential,Naumans Gap,,1,13568638045
15134203,7,2025-03-23T19:17:25+00:00,residential,Blue Ridge Drive,,1,12694928284
15134362,5,2016-02-03T13:40:09+00:00,residential,West Murphy Avenue,,1,149557717
15134386,3,2024-08-16T03:08:01+00:00,track,,,1,12113904965
15134397,5,2021-06-12T20:12:10+00:00,track,,,2,8828208434 8828208430
15134407,4,2026-04-09T21:25:30+00:00,track,,,1,11839345227
15134411,4,2025-07-06T14:37:44+00:00,track,,,2,12586171533 12586171547
15134427,3,2023-02-11T16:51:44+00:00,track,,,1,10649481615
15134432,2,2020-05-09T03:35:15+00:00,track,,,1,149559288
15134456,3,2026-03-27T18:08:51+00:00,track,,,1,13685244803
15134480,4,2025-04-29T19:17:46+00:00,track,,,1,10649481882
15134517,4,2021-07-06T05:37:08+00:00,service,,,1,3223038879
15134525,2,2014-11-27T01:44:21+00:00,track,,,1,149561042
15134531,4,2025-03-29T14:31:49+00:00,track,,,2,149561184 149561234
15134535,3,2025-06-06T15:33:00+00:00,service,,,1,12892387704
15134548,5,2021-04-20T17:17:01+00:00,service,,,1,6654109241
15134558,3,2026-09-05T16:23:15+00:00,track,,,8,14155788157 14155788158 14155788104 149561668 14155788107 14155788106 14155788105 14155788053
15134571,10,2021-04-20T18:16:52+00:00,service,Private Road,,1,6654109243
15134572,3,2025-01-26T17:29:26+00:00,track,,,1,12534445256
15134585,4,2025-04-02T13:23:45+00:00,track,,,2,12717006335 12717006162
15134605,5,2025-06-07T13:42:00+00:00,service,,,1,12894984009
15134606,3,2024-04-22T21:43:44+00:00,track,,,1,11839344776
15134623,3,2025-02-28T00:50:58+00:00,service,Private Road,,1,12624559190
15134630,3,2023-06-01T21:07:24+00:00,track,,,2,10945040625 10945040609
15134659,5,2024-02-14T19:00:45+00:00,track,,,2,10973969843 10973970120
15134680,3,2025-10-27T20:08:23+00:00,track,,,6,13263789160 13263789161 149564361 13263789189 13263789190 13263789191
15134685,4,2020-08-25T11:24:36+00:00,service,,,1,3412227829
15134687,4,2025-06-24T17:36:59+00:00,track,,,2,10649481879 12950064373
15134706,5,2025-09-04T21:35:36+00:00,track,,,2,12902620500 13120276780
15134717,4,2025-07-06T14:37:44+00:00,track,,,1,12902620517
15134752,3,2023-08-26T11:55:45+00:00,track,,,2,11146064824 11146065145
15134758,4,2023-02-11T16:51:44+00:00,track,,,1,10649481874
15134775,3,2024-12-21T20:09:10+00:00,track,,,1,12439516165
15134794,4,2026-04-09T20:23:23+00:00,track,,,1,13063957620
15134805,3,2025-09-10T19:11:44+00:00,track,,,1,13134842146
15134806,3,2025-09-10T19:11:44+00:00,track,,,1,13134842145
15134809,4,2024-10-25T23:03:05+00:00,residential,Red Racer Run,,1,12289011038
15134822,3,2026-08-30T18:01:19+00:00,track,,,1,14135519719
15134834,4,2026-03-30T16:50:59+00:00,track,,,2,11146065141 11146064923
15134850,3,2026-03-27T18:08:51+00:00,track,,,2,13685245354 13685245491
15134876,3,2026-03-30T16:50:59+00:00,track,,,1,13691969219
15134893,3,2026-03-27T16:34:48+00:00,track,,,1,13685096248
15134947,5,2026-04-10T13:05:25+00:00,track,,,2,149569371 149569425
15134977,4,2025-01-26T17:51:15+00:00,track,,,1,12534559303
15135003,2,2024-04-22T21:43:44+00:00,track,,,1,11839345224
15135035,4,2026-04-09T20:23:23+00:00,track,,,1,13063957533
15135039,3,2025-01-03T19:17:58+00:00,track,,,1,12471934902
15135065,4,2026-07-08T20:21:08+00:00,track,,,3,13998456504 12543968420 12543968418
15135103,5,2024-08-27T14:59:31+00:00,track,,,3,11146070318 12140159390 149572388
15135127,8,2026-09-05T21:18:51+00:00,service,,,1,12887240202
15135130,3,2025-01-20T23:58:53+00:00,residential,Solitario Tower Road,,1,149572885
15135140,4,2025-02-24T18:33:45+00:00,track,,,1,12616376585
15135174,4,2024-10-19T13:31:07+00:00,service,,,1,12269082318
15135192,3,2025-01-26T17:16:35+00:00,track,,,1,12534418624
15135212,3,2025-01-26T16:59:44+00:00,track,,,1,149574098
15135273,3,2024-08-16T03:15:53+00:00,track,,,3,12113929016 149574842 12113929015
15135278,3,2024-08-16T03:08:01+00:00,track,,,1,12113904961
15135293,5,2025-01-24T20:57:37+00:00,track,,,2,12530157906 149575248
15135307,5,2025-04-06T16:22:27+00:00,track,,,1,12113904964
15135311,3,2024-02-13T03:04:21+00:00,track,,,2,11617756303 11617755965
15135332,4,2024-08-16T03:15:53+00:00,track,,,2,12113929014 12113904962
15135338,3,2024-08-30T16:22:45+00:00,track,,,1,12146445998
15135351,4,2025-07-06T14:37:44+00:00,track,,,1,12633655129
15135363,2,2020-12-10T14:41:44+00:00,track,,,1,149576220
15135413,5,2026-09-15T03:03:49+00:00,track,,,3,14182076914 12543968314 13998456505
15135428,6,2026-04-09T20:23:23+00:00,track,,,1,12337711125
15135471,3,2024-11-13T18:42:30+00:00,track,,,2,12337704014 12337703457
15135485,3,2025-04-03T13:42:53+00:00,track,,,1,12725864585
15135490,3,2023-06-13T14:01:48+00:00,track,,,5,10973937615 10973937616 10973937617 10973937618 10973937619
15135498,3,2023-06-13T14:01:48+00:00,track,,,1,10973937613
15135545,3,2024-06-21T22:14:30+00:00,track,,,1,11999840094
15135587,3,2024-02-13T03:12:16+00:00,track,,,13,11617761128 11617761127 11617761126 11617761124 11617761125 11617761123 11617761122 11617761121 11617761120 11617761119 11617761117 11617761118 11617761116
15135625,6,2025-01-24T20:57:37+00:00,track,,,3,12530061262 12484879375 12484879376
15135635,2,2025-01-26T16:59:44+00:00,service,,,1,12534385910
15135660,3,2025-07-06T16:43:12+00:00,track,,,1,149580655
15135748,2,2021-06-12T20:12:10+00:00,track,,,1,8828208427
15135762,3,2023-06-13T14:08:33+00:00,track,,,4,10973952847 10973952846 10973952838 10973952845
15135817,3,2025-12-14T15:41:29+00:00,track,,,3,13376097640 149583272 13376097513
15135864,3,2024-08-30T16:22:45+00:00,track,,,1,12146445701
15135867,4,2024-05-07T13:47:35+00:00,track,,,1,11886692380
15135879,16,2024-12-14T17:59:13+00:00,track,River Road,,13,10657936845 12423082212 10649598122 10649598126 10649597589 10649598127 10649598128 10649598129 10649598130 10649598131 10647679699 10649597666 10649597699
15135892,2,2024-11-13T18:42:30+00:00,track,,,1,12337703455
15135893,6,2025-04-02T15:08:09+00:00,residential,Avid Lane,,1,12723606406
15135909,3,2025-10-27T20:08:23+00:00,residential,Garden Of The Gods Creek,,1,13263788901
15135911,3,2025-11-12T22:23:28+00:00,track,,,1,13300503339
15135967,3,2024-12-22T15:01:25+00:00,track,,,1,12441684477
15135981,3,2024-06-14T17:39:25+00:00,track,,,3,11981410171 149586430 11981410170
15135994,4,2026-03-30T16:50:59+00:00,track,,,1,11117040705
15136019,3,2024-02-23T16:54:29+00:00,track,,,1,11657304205
15136100,2,2014-11-27T01:31:54+00:00,track,,,1,149588821
15136107,3,2025-01-22T18:54:19+00:00,track,,,1,12523681725
15136121,4,2023-10-08T18:56:16+00:00,track,,,5,11248959228 11248959229 11248959230 11248959232 11248959231
15136136,3,2025-01-22T18:54:19+00:00,track,,,1,12523681716
15136151,5,2026-04-09T21:25:30+00:00,residential,Earthship Drive,,1,11839344774
15136156,7,2024-04-22T21:43:44+00:00,residential,Mailbox Road,,1,11839345231
15136159,4,2025-01-26T17:51:15+00:00,track,,,1,12534559242
15136194,5,2025-11-12T22:23:28+00:00,track,,,8,13300503341 13300503342 13300503343 13300503344 13300503345 13300503346 13300503347 11102138496
15136207,3,2024-12-21T20:06:27+00:00,track,,,1,12439525620
15136213,6,2025-04-02T14:53:46+00:00,residential,Teigen Drive,,1,12723582409
15136215,7,2025-04-02T14:53:46+00:00,residential,Lynx Road,,1,12723582406
15136248,4,2026-03-30T16:50:59+00:00,track,,,1,11117020968
15136252,8,2024-12-22T17:30:37+00:00,service,Oak Springs Road,,2,12441941051 149591979
15136258,4,2026-03-30T16:22:00+00:00,track,,,3,11623973582 149592101 11623973581
15136278,3,2024-06-18T21:04:32+00:00,track,,,1,11990942971
15136304,3,2023-03-16T14:45:22+00:00,track,,,3,10739367059 10739367060 10739367061
15136372,4,2025-04-02T13:23:45+00:00,residential,Legion Road,,1,12723359573
15136404,3,2026-04-09T21:25:30+00:00,residential,Bexar Drive,,1,13719603875
15136414,3,2024-04-22T21:43:44+00:00,residential,Mailbox Road,,3,11839345229 11839345230 11839345228
15136448,5,2025-07-12T17:42:30+00:00,track,,,1,11117004296
15136504,3,2026-08-30T18:01:19+00:00,track,,,1,14135519720
15136543,3,2026-03-10T17:36:08+00:00,track,,,1,13634521614
15136569,3,2023-08-26T20:39:39+00:00,track,,,1,11146989568
15136575,3,2026-09-15T03:03:49+00:00,track,,,1,14182076886
15136592,3,2025-01-30T15:35:08+00:00,track,,,2,12543968419 12543968417
15136613,3,2023-08-09T15:55:46+00:00,track,,,1,11102145808
15136661,2,2020-05-09T03:35:15+00:00,track,,,1,149598255
15136666,4,2026-04-11T15:56:17+00:00,service,,,1,13723487382
15136705,3,2024-08-24T16:59:41+00:00,track,,,2,12134207136 12134207135
15136748,3,2025-01-26T16:59:44+00:00,service,,,2,12534386086 12534385999
15136797,3,2025-02-24T18:33:45+00:00,track,,,1,12616376603
15136807,3,2023-06-13T14:01:48+00:00,track,,,1,10973937746
15136814,3,2024-08-16T03:08:01+00:00,track,,,3,149601241 12113904976 12113904977
15136821,3,2024-08-16T03:08:01+00:00,track,,,1,12113904975
15136826,4,2026-04-09T20:23:23+00:00,track,,,3,12113904966 12113904969 12113904971
15136834,3,2024-08-16T03:08:01+00:00,track,,,1,12113904967
15136870,3,2024-06-18T21:04:32+00:00,track,,,1,11990942650
15136884,6,2023-08-15T15:27:52+00:00,track,,,1,11117017303
15136906,4,2026-08-07T21:35:14+00:00,track,,,1,12670330244
15136948,3,2025-01-14T16:21:13+00:00,track,,,1,12501095377
15136951,3,2026-03-27T18:08:51+00:00,track,,,1,13685244888
15136953,5,2025-12-26T14:15:32+00:00,unclassified,Geronimo Trail,,1,12889191385
15136957,4,2026-06-09T21:08:30+00:00,track,,,3,12289012302 13924288859 13924288860
15137011,5,2024-05-16T14:55:34+00:00,track,,,1,11910113665
15137018,3,2024-12-24T17:01:20+00:00,track,,,1,12449824437
15137033,3,2024-08-30T16:22:45+00:00,track,,,1,12146444269
15137058,5,2025-11-25T15:21:17+00:00,residential,Hermans Peak Cutacross,,2,6333998892 13330610187
15137089,2,2025-12-16T14:20:38+00:00,track,,,1,13381345659
15137095,5,2026-03-30T16:22:00+00:00,track,,,12,11623973579 149605848 10973969841 149605936 10973969840 10973961951 10973961950 10973969810 10973969809 10973969808 10973969806 10973969805
15137178,4,2022-01-29T08:05:02+00:00,service,,,1,9268237168
15137194,3,2023-08-26T20:39:39+00:00,track,,,1,11146989549
15137214,4,2025-04-29T19:17:46+00:00,track,,,6,11981475524 11981475304 11981475303 149608140 11981475510 11981475509
15137244,4,2025-09-10T19:11:44+00:00,track,,,2,13134842164 11657304222
15137248,5,2025-09-10T19:11:44+00:00,track,,,2,11657304218 13134842161
15137271,3,2024-08-16T03:12:00+00:00,track,,,1,12113926442
15137279,3,2024-08-16T03:08:01+00:00,track,,,1,12113904968
15137291,3,2025-08-06T22:52:08+00:00,track,,,1,13055199673
15137301,3,2025-10-27T20:08:23+00:00,residential,Gate 6 West,,5,13263788966 149609715 13263789072 13263789073 13263789111
15137307,3,2024-06-04T16:08:25+00:00,track,,,1,11956131311
15137313,3,2023-06-13T14:17:52+00:00,track,,,1,10973970108
15137321,4,2025-01-21T00:29:48+00:00,service,,,1,12519460853
15137337,3,2023-08-09T15:44:27+00:00,track,,,2,149610324 11102107919
15137362,2,2026-01-25T13:21:09+00:00,track,,,1,13483717436
15137379,5,2025-11-06T16:24:27+00:00,track,,,4,10973912897 149610956 13285514746 13285514747
15137415,4,2020-05-09T03:35:15+00:00,track,,,1,149611516
15137508,9,2026-08-07T21:35:14+00:00,service,,,1,149625225
15137538,4,2026-04-09T20:23:23+00:00,track,,,3,13719467464 12113926425 12113926424
15137624,13,2025-12-16T14:20:38+00:00,track,,,5,13136417420 13136417426 13136417423 13136417421 13136417266
15137639,3,2023-06-13T14:01:48+00:00,track,,,2,10973937893 10973937892
15137654,5,2021-06-12T20:12:10+00:00,track,,,3,8828208416 8828208053 149615698
15137701,4,2026-03-19T00:01:03+00:00,track,,,1,12534386944
15137715,3,2020-05-09T03:35:15+00:00,track,,,1,149616769
15137924,3,2026-04-21T17:26:23+00:00,track,,,1,13749877063
15137969,4,2026-07-22T14:07:15+00:00,track,,,3,14039634202 14039634201 14039634150
15138033,3,2025-09-10T19:11:44+00:00,track,,,2,13134842144 13134842147
15138097,4,2026-04-09T20:23:23+00:00,track,,,1,12337703456
15138113,3,2025-03-29T14:52:49+00:00,track,,,2,12709927202 12709926891
15138139,4,2025-02-24T18:27:06+00:00,track,,,1,12616366879
15138171,4,2025-03-28T22:58:28+00:00,track,,,2,149624629 11102107921
15138185,4,2024-12-21T20:06:27+00:00,residential,Deer Valley Drive,,1,12439525751
15138214,3,2025-09-23T17:40:02+00:00,track,,,2,13165702105 13165702107
15138224,4,2024-05-16T14:55:34+00:00,track,,,1,11910113614
15138227,3,2025-09-23T17:40:02+00:00,track,,,1,13165702014
15138234,4,2025-07-12T17:42:30+00:00,track,,,2,11117008459 149626022
15138355,4,2025-12-16T14:20:38+00:00,track,,,1,13381345632
15138375,3,2025-12-14T15:41:29+00:00,track,,,3,13376097641 13376097642 13376097591
15138393,3,2025-01-26T16:59:44+00:00,track,,,1,12534386863
15138401,5,2025-09-09T23:59:54+00:00,track,,,1,7120433049
15138431,3,2023-08-09T15:55:46+00:00,track,,,1,11102146085
15138551,4,2025-04-02T13:23:45+00:00,track,,,2,12717006081 12717006330
15138613,3,2023-08-09T15:44:27+00:00,track,,,1,11102039381
15138671,6,2026-04-11T15:56:17+00:00,track,,,1,13723489177
15138693,4,2024-03-14T14:41:18+00:00,track,,,5,149632636 149632694 11730812625 11730812623 11730804422
15138754,4,2026-04-04T18:45:50+00:00,track,,,1,12113874195
15138845,3,2025-03-31T19:57:40+00:00,track,,,3,12717006187 149634724 12717006161
15138856,4,2023-07-01T06:53:41+00:00,residential,Dark Canyon Loop,,2,11017338582 11017338726
15138916,3,2024-08-16T03:08:01+00:00,track,,,1,12113904957
15138931,5,2025-07-16T19:20:35+00:00,track,,,2,12113904958 13005027721
15138976,4,2025-09-23T17:40:02+00:00,track,,,2,11730804421 13165702015
15139043,3,2024-08-30T16:22:45+00:00,track,,,2,12146445703 12146445702
15139051,4,2025-07-06T14:37:44+00:00,track,,,1,12586171457
15139070,4,2025-07-06T14:37:44+00:00,track,,,4,12586171497 12586171498 12586171456 12586171426
15139120,4,2024-05-02T15:48:10+00:00,track,,,2,149638407 11874401142
15139144,3,2025-11-25T15:34:17+00:00,track,,,2,13330625222 13330625225
15139169,3,2025-11-25T15:34:17+00:00,track,,,1,13330625223
15139200,5,2024-07-22T06:36:42+00:00,residential,Tanque Tierra Road,,1,10642240178
15139211,6,2024-12-14T17:44:12+00:00,residential,Hunt Camp Road,,1,10642240180
15139229,5,2023-08-09T15:44:27+00:00,track,,,3,11102039382 11102039380 11102107362
15139252,3,2026-02-01T14:26:54+00:00,service,,,1,13516740306
15139343,2,2020-05-09T03:35:15+00:00,track,,,1,149641507
15139374,4,2024-04-13T03:49:31+00:00,residential,Gate 1-1/2 Road,,1,11019075456
15139406,3,2025-07-06T14:37:44+00:00,track,,,1,149642449
15139424,3,2025-06-30T21:35:32+00:00,track,,,1,12965264145
15139475,5,2025-04-29T19:17:46+00:00,track,,,9,12798498275 149643301 149643330 10649481881 10649481880 11981415224 11981415223 11981415222 11981415221
15139515,3,2025-07-16T19:20:35+00:00,track,,,1,13005027703
15139531,2,2020-05-09T03:35:15+00:00,track,,,1,149644436
15139550,2,2021-06-12T20:12:10+00:00,track,,,2,8828208437 8828208438
15139565,3,2023-08-09T15:55:46+00:00,track,,,3,11102146082 11102146084 11102146083
15139610,3,2024-02-23T17:50:13+00:00,track,,,1,11657447147
15139623,4,2025-04-06T16:22:27+00:00,track,,,1,12113904960
15139642,3,2023-06-13T14:08:33+00:00,track,,,1,10973951968
15139675,3,2024-08-16T03:08:01+00:00,track,,,2,12113904979 12113904978
15139701,3,2026-05-26T16:40:39+00:00,track,,,1,13884354595
15139769,4,2025-05-04T14:14:01+00:00,residential,Campground Road,,1,12809601606
15139778,3,2025-11-12T22:23:28+00:00,track,,,1,13300503340
15139791,3,2025-04-02T13:23:45+00:00,residential,Circle D Ranch Road,,1,12723359576
15139797,6,2025-09-11T00:56:54+00:00,track,,,1,13135374281
15139843,3,2023-02-11T16:51:44+00:00,track,,,1,10649481875
15139877,3,2025-09-09T23:59:54+00:00,residential,,,1,13132052606
15139906,4,2025-02-24T18:33:45+00:00,track,,,3,12616371021 12616376435 12616376557
15139942,5,2026-03-27T18:08:51+00:00,track,,,2,13685244945 12616376611
15139958,5,2026-09-05T16:23:15+00:00,track,,,3,8828208451 14155788156 8828208443
15139959,9,2026-04-24T00:45:09+00:00,track,,,1,13757447812
15140006,5,2024-04-22T21:43:44+00:00,residential,Esperanza Road,,1,11839344919
15140020,3,2024-02-13T03:04:21+00:00,track,,,2,11617755801 11617756311
15140033,3,2025-09-10T19:11:44+00:00,track,,,1,13134842155
15140036,3,2026-04-09T21:25:30+00:00,track,,,1,13719603886
15140052,3,2023-06-13T14:01:48+00:00,track,,,3,10973937784 10973937785 10973937786
15140055,3,2023-06-13T14:01:48+00:00,track,,,1,10973937787
15140066,4,2023-06-13T13:52:38+00:00,track,,,2,10973912896 149652493
15140089,4,2026-03-27T16:34:48+00:00,track,,,1,12421301535
15140104,3,2024-11-06T16:56:36+00:00,track,,,1,12319039359
15140114,3,2026-03-31T01:48:45+00:00,track,,,1,13694322468
15140123,8,2026-03-30T14:59:43+00:00,tertiary,Ross Maxwell Scenic Drive,,1,13691723327
15140128,4,2025-04-02T13:23:45+00:00,residential,Cowboy Court,,1,12717006333
15140223,3,2025-01-26T16:59:44+00:00,track,,,1,12534386254
15140241,3,2025-09-29T18:01:38+00:00,track,,,2,13181175553 13181175520
15140280,3,2025-01-26T16:59:44+00:00,service,,,1,12534386949
15140303,3,2023-08-15T15:06:24+00:00,track,,,1,11116973678
15140305,5,2025-12-15T14:38:01+00:00,track,,,3,13378345913 13378345899 13378345979
15140331,3,2023-06-13T14:01:48+00:00,track,,,1,10973937783
15140341,3,2025-01-03T19:17:58+00:00,track,,,1,12471934852
15140402,2,2021-06-12T20:12:10+00:00,track,,,7,8828208426 8828208425 8828208424 8828208423 8828208422 8828208418 8828208417
15140454,3,2018-04-06T07:01:29+00:00,track,,,1,5532662230
15140477,3,2025-09-11T21:06:36+00:00,track,,,1,13137056256
15140484,2,2025-01-22T18:54:19+00:00,track,,,1,12523681758
15140531,3,2026-03-27T18:08:51+00:00,track,,,2,13685245195 13685245313
15140595,3,2025-06-10T03:37:35+00:00,track,,,1,10649459112
15140605,3,2023-08-26T20:39:39+00:00,track,,,1,11146989570
15140611,3,2026-05-19T20:17:18+00:00,service,,,1,13850517128
15140630,3,2020-08-31T06:47:17+00:00,service,,,1,7120433030
15140632,3,2025-01-26T17:29:26+00:00,track,,,1,149660394
15140719,3,2026-03-30T13:48:33+00:00,residential,Well Creek Road,,2,13691598360 13691598306
15140730,3,2025-01-30T15:35:08+00:00,track,,,1,12543968313
15140785,3,2026-03-27T18:08:51+00:00,track,,,2,13685245186 13685245184
15140797,3,2024-12-13T19:47:18+00:00,track,,,1,12421301532
15140818,3,2026-04-11T15:56:17+00:00,track,,,1,13723488677
15140827,3,2025-09-23T17:40:02+00:00,track,,,1,13165702111
15140828,3,2025-09-23T17:40:02+00:00,track,,,1,13165702110
15140837,3,2025-06-10T15:56:36+00:00,track,,,2,12902620430 12902620406
15140903,3,2024-02-13T03:04:21+00:00,track,,,3,11617756109 11617756110 11617756111
15140951,4,2026-03-27T16:45:25+00:00,track,,,1,12337745913
15140959,2,2020-05-09T03:35:15+00:00,track,,,1,149665021
15141046,6,2026-08-19T23:08:30+00:00,service,,,1,149666288
15141050,4,2023-03-15T13:16:18+00:00,track,,,2,10646935097 10646935180
15141080,3,2023-08-26T20:39:39+00:00,track,,,1,11146989569
15141123,5,2026-04-11T15:56:17+00:00,track,,,2,13723488971 11146989473
15141152,3,2026-08-19T15:43:22+00:00,track,,,5,14105599417 14105599418 14105599416 149667467 14105599415
15141171,3,2024-04-18T19:21:23+00:00,track,,,5,11829095415 11829095416 11829095417 11829095382 11829095383
15141200,3,2024-04-18T19:21:23+00:00,track,,,5,11829082767 11829082766 11829082765 11829095384 11829095402
15141210,3,2024-02-14T19:00:45+00:00,track,,,2,11623973541 11623973542
15141225,2,2020-05-09T03:35:15+00:00,track,,,1,149668900
15141245,3,2024-08-16T03:20:49+00:00,track,,,4,149669060 149669070 12113874199 12113874198
15141361,3,2024-12-23T16:46:00+00:00,track,,,2,12444655426 12444655425
15141428,4,2024-04-22T21:43:44+00:00,residential,Briscoe Road,,2,11839344771 11839344772
15141458,5,2025-01-08T02:35:32+00:00,service,,,1,9268248542
15141558,3,2024-12-14T18:33:46+00:00,track,,,1,12423132751
15141679,4,2026-03-30T16:50:59+00:00,track,,,1,11117020969
15141689,4,2025-04-02T14:53:46+00:00,residential,Iwo Jima Pass,,1,12723560756
15141752,3,2025-06-10T15:56:36+00:00,track,,,1,12902620417
15141769,4,2025-09-10T19:12:49+00:00,track,,,2,13134760692 149676549
15141795,3,2024-02-14T19:00:45+00:00,track,,,1,11623973544
15141858,3,2023-08-15T15:01:57+00:00,track,,,3,11116911355 11116911356 11116911474
15141924,3,2026-04-09T21:25:30+00:00,track,,,1,13719603878
15141950,3,2025-01-26T16:59:44+00:00,track,,,4,12534386380 12534386379 12534386378 12534386377
15141952,5,2026-04-24T14:42:45+00:00,service,,,4,13758891167 13758891158 13758891154 13758891153
15142047,4,2026-04-09T20:23:23+00:00,track,,,4,11116993228 11116993227 11116993230 11116993231
15142093,3,2023-08-15T15:06:24+00:00,track,,,1,11116993296
15142180,3,2025-07-16T19:20:35+00:00,track,,,1,13005011476
15142249,4,2026-05-26T16:40:39+00:00,track,,,1,13884354596
15142353,3,2026-04-11T15:56:17+00:00,track,,,1,13723488947
15142397,4,2025-03-03T16:44:43+00:00,track,,,2,12146446001 12633668126
15142436,3,2026-03-27T18:08:51+00:00,track,,,3,13685245399 13685218248 149685604
15142467,3,2025-10-04T13:51:04+00:00,track,,,1,13192567201
15142597,3,2026-03-21T11:19:04+00:00,track,,,1,13666610344
15142641,3,2023-08-26T20:39:39+00:00,track,,,1,11146989456
15142653,8,2025-12-22T23:01:46+00:00,tertiary,County Road 406,CR 406,1,149689245
15142678,4,2025-04-02T13:23:45+00:00,residential,East Spanish Sky Road,,2,12723359504 12723359502
15142679,6,2025-09-09T23:59:54+00:00,track,,,1,13132052658
15142684,3,2023-06-13T13:52:38+00:00,track,,,1,10973906584
15142691,3,2023-08-09T15:44:27+00:00,track,,,1,11102107916
15142701,3,2024-12-24T17:01:20+00:00,track,,,1,12449824419
15142759,7,2025-07-12T17:42:30+00:00,track,,,7,149691336 11117008460 11117040717 12134207137 12134207140 12134207139 12134207138
15142764,35,2026-01-10T21:36:36+00:00,unclassified,Old San Saba Road,CR 108,1,7120433003
15142856,5,2024-12-25T20:23:19+00:00,track,,,1,11874401345
15142914,4,2023-06-13T14:01:48+00:00,track,,,8,10973937877 10973937878 10973937879 10973937880 10973937883 10973937881 10973937882 10973937851
15142927,2,2014-11-27T01:42:47+00:00,track,,,2,149694454 149694460
15142932,2,2014-11-27T01:42:51+00:00,track,,,1,149694670
15142953,3,2025-09-04T21:35:36+00:00,track,,,1,13120280841
15143178,3,2024-05-16T14:55:34+00:00,track,,,1,11910113615
15143180,3,2024-05-16T14:55:34+00:00,track,,,1,11910103441
15143225,4,2024-02-14T19:00:45+00:00,track,,,1,11623973576
15143302,3,2024-02-23T17:50:13+00:00,track,,,2,11657447035 11657447460
15143315,3,2023-08-09T15:55:46+00:00,track,,,4,11102146019 11102145946 11102146005 11102138497
15143321,4,2024-12-21T19:53:51+00:00,track,,,3,12439506082 12439506081 11657447459
15143453,3,2026-03-27T18:08:51+00:00,track,,,2,13685245412 13685245314
15143468,2,2024-11-13T18:42:30+00:00,track,,,1,12337703214
15143480,3,2023-08-26T12:04:10+00:00,track,,,2,11146074187 11146074186
15143510,4,2025-04-02T13:23:45+00:00,residential,Tennyson Desert Trail,,1,12723359614
15143556,4,2025-07-12T17:42:30+00:00,track,,,2,149705177 11117008412
15143645,2,2020-02-25T00:55:19+00:00,track,,,1,149706438
15143663,3,2023-08-15T15:14:18+00:00,track,,,1,11117004293
15143679,3,2026-04-09T20:23:23+00:00,track,,,2,13719505666 13719467497
15143703,4,2024-05-30T15:22:39+00:00,track,,,1,11945293273
15143720,4,2026-04-10T13:05:25+00:00,track,,,1,13720790365
15143740,3,2023-02-11T00:51:58+00:00,service,,,1,10647720992
15143751,3,2025-01-14T16:21:13+00:00,track,,,1,12501095379
15143811,3,2024-12-14T18:33:46+00:00,track,,,1,12423132766
15143848,3,2024-04-18T19:21:23+00:00,track,,,11,11829082768 11829095369 11617756306 11617756305 11617756307 149709233 11617756308 11617756309 11617756039 11617756310 11617756304
15143870,3,2025-01-24T21:06:50+00:00,track,,,1,12530171325
15143875,5,2025-03-28T17:11:41+00:00,track,,,2,11102145867 8828208410
15143894,4,2023-02-10T15:26:22+00:00,residential,Staton Road,,1,10642239931
15143900,9,2023-09-13T03:45:07+00:00,residential,Granite Oaks Drive,,1,149710422
15143969,4,2023-08-15T15:27:52+00:00,track,,,1,11117020971
15144029,17,2026-04-04T12:52:34+00:00,track,River Road East,,5,10647636331 10647636330 10647682398 10649546418 10649546308
15144032,3,2023-08-26T20:39:39+00:00,track,,,1,11146989472
15144053,2,2020-05-09T03:35:15+00:00,track,,,1,149712974
15144058,19,2026-07-17T12:28:52+00:00,residential,Baker-Fry Road,CR 110,1,13758890969
15144064,4,2025-03-28T17:11:41+00:00,track,,,1,8828208411
15144074,2,2014-11-27T01:43:19+00:00,track,,,1,149713248
15144102,2,2014-11-27T01:31:49+00:00,track,,,1,149713588
15144113,3,2023-06-13T14:01:48+00:00,track,,,4,149713698 10973937849 10973937848 149713778
15144145,4,2025-03-29T14:52:49+00:00,track,,,5,149714195 12709926942 12709926930 12709904356 12677011478
15144221,4,2025-07-06T14:37:44+00:00,track,,,3,12902620343 12902620419 12902620418
15144268,3,2023-06-13T14:08:33+00:00,track,,,3,10973951967 10973951966 10973951939
15144282,4,2023-06-13T14:08:33+00:00,track,,,3,10973937816 10973937916 10973951965
15144286,3,2023-06-13T14:08:33+00:00,track,,,1,10973951964
15144301,4,2025-04-02T13:23:45+00:00,track,,,2,12723359424 12717006331
15144318,3,2025-10-04T13:51:04+00:00,track,,,1,13192567208
15144321,3,2026-01-25T13:21:09+00:00,track,,,1,13483717275
15144326,6,2024-12-21T20:06:27+00:00,residential,Sombrero Peak Road,,1,12439525746
15144327,3,2024-06-21T22:14:30+00:00,track,,,1,11999840087
15144425,2,2020-05-09T03:35:15+00:00,track,,,1,149719609
15144446,4,2025-07-06T16:43:12+00:00,track,,,3,12146445759 12146445757 12146445756
15144462,3,2024-02-23T16:54:29+00:00,track,,,2,11657304206 11657304207
15144466,3,2025-09-10T19:12:49+00:00,track,,,1,13134760698
15144516,5,2026-09-05T16:23:15+00:00,track,,,1,14155788108
15144523,3,2026-06-09T21:08:30+00:00,track,,,1,13924288630
15144595,3,2025-12-14T15:41:29+00:00,track,,,1,13376097590
15144608,3,2025-12-14T15:41:29+00:00,track,,,1,13376097592
15144690,2,2014-11-27T01:43:36+00:00,track,,,1,149724098
15144695,2,2014-11-27T01:43:36+00:00,track,,,1,149724209
15144704,5,2023-06-13T13:52:38+00:00,track,,,1,10973906583
15144745,3,2025-03-03T16:44:43+00:00,track,,,1,12633668117
15144777,3,2024-02-13T03:04:21+00:00,track,,,1,11617755966
15144815,3,2025-01-22T18:54:19+00:00,track,,,1,12523681761
15144907,3,2025-01-22T18:54:19+00:00,track,,,1,12523681755
15144962,2,2020-05-09T03:35:15+00:00,track,,,1,149728151
15145053,3,2025-07-16T19:20:35+00:00,track,,,1,13005011458
15145060,5,2021-06-12T20:12:10+00:00,track,,,1,8828208413
15145102,4,2026-04-11T15:56:17+00:00,track,,,2,12441684425 13723488508
15145124,3,2025-04-03T13:42:53+00:00,track,,,1,12725856286
15145209,3,2025-01-03T19:17:58+00:00,track,,,1,12471934853
15145230,3,2024-08-16T03:08:01+00:00,track,,,1,12113904963
15145257,18,2025-11-29T04:27:17+00:00,tertiary,County Road 404,CR 404,1,13339750164
15145271,4,2025-09-23T17:40:02+00:00,track,,,3,13165701611 149733174 12501095378
15145273,18,2025-11-29T03:43:28+00:00,unclassified,County Road 404,CR 404,1,13339712097
15145317,1,2007-12-04T00:54:55+00:00,track,,,1,149734019
15145345,3,2023-06-13T14:17:52+00:00,track,,,1,10973969807
15145358,3,2023-06-13T14:01:48+00:00,track,,,1,10973937802
15145409,3,2023-08-26T20:39:39+00:00,track,,,1,11146989457
15145458,4,2026-01-25T13:21:09+00:00,track,,,7,13483717079 13483717437 149735771 13483717164 13483717165 13483717166 11623973580
15145483,4,2025-04-02T13:23:45+00:00,residential,Black Hill Road,,1,12723359575
15145491,3,2025-11-25T15:34:17+00:00,track,,,1,13330625190
15145498,3,2025-04-02T14:59:42+00:00,track,,,1,12723594054
15145503,3,2026-05-03T11:59:58+00:00,track,,,7,13789667006 13789667007 13789667008 13789667009 13789667010 13789666921 13789666922
15145521,3,2025-08-11T17:57:50+00:00,track,,,1,13063957586
15145563,3,2024-08-30T16:22:45+00:00,track,,,1,12146446000
15145575,3,2025-03-03T16:44:43+00:00,track,,,1,12633668121
15145602,3,2025-01-26T16:59:44+00:00,track,,,2,12534386470 12534386500
15145716,3,2026-05-03T11:59:58+00:00,track,,,14,13789667054 13789667055 13789667056 13789666999 13789667000 13789667001 13789667002 13789667003 13789667004 13789667005 13789666898 13789666899 13789666864 13789666841
15145718,3,2025-07-16T19:20:35+00:00,track,,,1,13005011487
15145749,3,2023-06-13T14:08:33+00:00,track,,,6,10973951940 10973952607 10973952606 149740559 10973952605 10973951980
15145785,2,2020-05-09T03:35:15+00:00,track,,,1,149741384
15145791,2,2024-12-14T18:22:46+00:00,track,,,1,12423120643
15145807,5,2024-10-25T23:03:05+00:00,residential,Foster Trail,,1,12289011008
15145820,3,2026-03-27T18:08:51+00:00,track,,,1,13685245315
15145852,3,2025-06-30T21:35:32+00:00,track,,,1,12965264144
15145877,3,2024-04-22T21:43:44+00:00,residential,Hays Road,,1,11839344762
15145908,4,2024-05-16T17:16:53+00:00,track,,,3,11910113268 11910119169 11910359852
15145933,7,2025-03-25T04:33:13+00:00,residential,County Road 222A,CR 222A,1,12697910243
15145956,2,2026-02-01T01:14:56+00:00,track,,,1,13515957600
15146021,3,2026-09-15T03:03:49+00:00,track,,,1,14182076885
15146127,2,2014-11-27T01:44:00+00:00,track,,,1,149747507
15146218,6,2024-12-23T16:46:00+00:00,service,,,1,12444655427
15146221,2,2026-03-27T18:08:51+00:00,track,,,1,13685245524
15146258,5,2024-12-14T18:33:46+00:00,track,,,2,12134206495 9611638839
15146277,3,2025-01-26T16:59:44+00:00,track,,,1,12534386942
15146326,3,2025-01-24T21:06:50+00:00,track,,,1,12530171317
15146330,3,2025-04-03T13:42:53+00:00,track,,,2,12725864439 12725864694
15146380,3,2026-04-11T15:56:17+00:00,track,,,1,13723488774
15146408,3,2026-04-11T15:56:17+00:00,track,,,1,13723488841
15146464,3,2026-04-11T15:56:17+00:00,service,,,1,13723489183
15146471,3,2025-01-26T17:29:26+00:00,track,,,1,12534445165
15146479,3,2024-08-16T03:17:57+00:00,track,,,1,12113930181
15146562,4,2024-12-25T20:23:19+00:00,track,,,1,12451705553
15146607,4,2024-12-21T20:06:27+00:00,track,,,1,11999840089
15146611,3,2024-12-22T16:51:04+00:00,service,,,1,12441880837
15146647,4,2025-03-28T22:58:28+00:00,track,,,4,11956131310 149754854 11956131309 11956131308
15146678,3,2025-08-11T17:57:50+00:00,track,,,1,13063957516
15146696,3,2023-08-15T15:38:14+00:00,track,,,1,11117040707
15146772,3,2025-08-01T19:15:36+00:00,track,,,1,13041880303
15146897,3,2024-04-22T21:43:44+00:00,residential,Coyote Flats Road,,1,11839344768
15146984,3,2024-12-17T22:33:17+00:00,residential,Claret Cup Road,,1,12427717704
15147042,2,2026-03-31T01:48:45+00:00,track,,,2,149761919 13694322322
15147045,4,2024-12-27T16:51:40+00:00,track,,,1,12456264505
15147048,3,2026-03-31T01:48:45+00:00,track,,,1,13694322515
15147064,3,2021-06-12T20:12:10+00:00,track,,,1,8828208455
15147083,3,2024-05-16T14:55:34+00:00,track,,,1,11910113616
15147084,3,2023-08-26T12:00:06+00:00,track,,,2,11146070319 149763584
15147108,5,2017-02-22T08:19:19+00:00,track,,,1,149764554
15147140,4,2025-03-28T22:58:28+00:00,track,,,3,11956131312 11956131313 149765407
15147243,3,2024-12-13T19:47:18+00:00,track,,,1,12421301413
15147269,2,2019-12-01T02:51:32+00:00,track,,,1,149767858
15147329,3,2024-12-25T20:23:19+00:00,track,,,1,12451705541
15147384,4,2025-03-28T17:11:41+00:00,track,,,1,8828208408
15147422,3,2021-06-12T20:12:10+00:00,track,,,2,149769391 8828208452
15147461,3,2023-08-15T15:14:18+00:00,track,,,1,11117004295
15147503,5,2025-11-17T15:57:21+00:00,track,,,1,13311203077
15147516,3,2023-07-02T03:42:48+00:00,service,,,1,11019031139
15147553,3,2025-09-29T18:01:38+00:00,track,,,1,13181175543
15147563,4,2025-07-06T14:37:44+00:00,track,,,1,12586171546
15147575,3,2025-06-24T17:36:59+00:00,track,,,2,12950064355 149771765
15147603,3,2023-06-13T14:01:48+00:00,track,,,3,10973937911 10973937912 10973937913
15147626,2,2024-02-28T17:45:54+00:00,track,,,4,11673171726 11673171794 11673171795 11673171796
15147650,3,2025-03-29T14:52:49+00:00,track,,,2,12709926754 12709926823
15147669,9,2025-12-12T14:04:06+00:00,residential,County Road 409,CR 409,1,13372014719
15147707,4,2023-08-09T15:44:27+00:00,track,,,3,11102107361 11102107360 8828208415
15147747,4,2024-10-25T23:03:05+00:00,residential,Oso Blanco Road,,1,12289011068
15147753,2,2019-04-30T07:22:08+00:00,service,,,1,149775339
15147835,2,2025-06-04T19:48:23+00:00,residential,Hatchett Hill,,1,149776639
15147837,3,2023-06-13T14:01:48+00:00,track,,,3,10973937806 10973937847 10973937846
15147924,4,2023-08-26T12:08:24+00:00,track,,,1,11146077884
15147957,3,2024-02-14T19:00:45+00:00,track,,,1,11623973547
15147979,5,2025-01-26T16:59:44+00:00,service,,,1,12534386616
15148025,5,2024-06-18T21:04:32+00:00,track,,,7,149778937 11146070565 11146070614 11146062702 11146074013 11990942969 11990942970
15148032,3,2024-06-18T21:04:32+00:00,track,,,2,11990942991 11990942992
15148136,3,2023-03-15T13:16:18+00:00,track,,,1,10737071857
15148157,3,2025-11-25T15:25:40+00:00,residential,Old Airstrip Road,,1,13330606573
15148164,3,2025-08-01T19:15:36+00:00,track,,,2,13041853038 13041853045
15148285,4,2024-02-08T23:49:04+00:00,track,,,3,11146064751 149783499 11600080036
15148298,6,2024-11-04T00:10:43+00:00,residential,Kiss Avenue,,3,6350701008 12289011035 12289010870
15148361,4,2025-09-23T17:40:02+00:00,track,,,7,149784544 13165701966 13165701967 149784575 149784618 11730803876 11730803877
15148380,3,2026-03-27T16:34:48+00:00,track,,,1,13685096254
15148404,3,2026-08-30T18:01:19+00:00,track,,,1,14135519721
15148513,4,2025-01-22T18:54:19+00:00,track,,,1,11146064830
15148516,3,2025-01-22T18:54:19+00:00,track,,,1,12523681726
15148527,3,2024-12-22T16:51:04+00:00,track,,,1,12441880810
15148552,3,2025-09-04T21:35:36+00:00,track,,,1,13120280705
15148582,4,2025-07-06T14:37:44+00:00,track,,,2,12633655128 12633655198
15148608,4,2023-03-15T13:16:18+00:00,track,,,1,10737071855
15148830,3,2023-06-13T14:01:48+00:00,track,,,1,10973937798
15148895,3,2026-05-26T17:23:55+00:00,residential,Red Fox Road,,1,13884566322
15148943,3,2025-11-25T15:34:17+00:00,track,,,1,13330603093
15148961,3,2026-05-26T17:23:55+00:00,track,,,1,13884566321
15148984,3,2023-07-02T04:03:32+00:00,track,,,1,11019039728
15149029,6,2026-03-30T16:50:59+00:00,track,,,2,11117020905 11117040706
15149036,5,2025-06-12T07:59:59+00:00,residential,Menard Road,,1,11839344770
15149048,2,2020-05-09T03:35:15+00:00,track,,,1,149797290
15149050,3,2026-03-27T18:08:51+00:00,track,,,1,13685244954
15149113,3,2026-03-27T16:45:25+00:00,track,,,1,13685123357
15149124,3,2025-08-11T17:57:50+00:00,track,,,1,13063957557
15149230,4,2024-11-13T18:42:30+00:00,track,,,1,12337704013
15149253,4,2025-04-02T13:23:45+00:00,residential,East Red Bluff Trail,,1,12723359609
15149263,6,2024-12-21T20:06:27+00:00,track,Old County Road,,1,12439525621
15149266,6,2026-04-09T21:25:30+00:00,residential,North Smiling Dog Trail,,2,11839344765 11839344764
15149292,4,2025-04-15T23:01:14+00:00,track,,,5,11910113267 11910113251 11910113252 12758568465 12758568464
15149334,3,2024-06-04T16:08:25+00:00,track,,,3,11956131314 11956131315 11956131155
15149369,5,2025-01-26T17:51:15+00:00,track,,,7,12534558709 7241214988 149785475 149802485 149785528 12530061266 7241214825
15149386,3,2020-05-09T03:35:15+00:00,track,,,2,149802917 4854035408
15149411,8,2025-11-13T05:14:05+00:00,residential,King Road,,1,12783362487
15149421,3,2026-03-27T16:45:25+00:00,track,,,1,13685123367
15149439,3,2026-03-27T16:34:48+00:00,track,,,1,13685091241
15149476,3,2025-01-24T20:57:37+00:00,track,,,1,12530157905
15149566,4,2025-03-29T14:52:49+00:00,track,,,1,12677011609
15149630,3,2023-08-26T20:39:39+00:00,track,,,2,11146989454 11146989455
15149651,3,2025-01-03T19:21:49+00:00,track,,,1,12471938458
15149671,3,2025-01-03T19:21:49+00:00,track,,,1,12471938499
15149687,3,2025-09-23T17:40:02+00:00,track,,,3,149807415 149807454 13165701667
15149700,2,2026-09-15T03:03:49+00:00,track,,,1,14182076846
15149738,3,2026-04-09T20:23:23+00:00,track,,,1,13719505488
15149775,4,2025-07-06T14:37:44+00:00,track,,,2,12902620405 12902620344
15149820,3,2023-08-09T15:44:27+00:00,track,,,2,11102107918 11102107917
15149840,3,2023-08-26T11:55:45+00:00,track,,,2,11146064823 11146065146
15149854,4,2023-08-15T15:14:18+00:00,track,,,1,11117004294
15149916,2,2026-07-08T20:21:08+00:00,track,,,2,13998449999 13998449998
15149968,3,2023-06-13T14:08:33+00:00,track,,,2,149812251 10973952894
15150011,3,2024-08-16T03:08:01+00:00,track,,,1,12113904970
15150074,3,2023-06-13T14:01:48+00:00,track,,,1,10973937713
15150079,3,2023-06-13T14:01:48+00:00,track,,,1,10973937714
15150083,3,2023-06-13T14:01:48+00:00,track,,,1,10973937614
15150089,3,2025-09-04T21:35:36+00:00,track,,,2,13120280836 13120280838
15150099,3,2025-01-26T16:59:44+00:00,service,,,1,12534386615
15150228,3,2024-02-14T19:00:45+00:00,track,,,1,11623973543
15150244,4,2023-11-12T05:14:58+00:00,track,,,1,8828208440
15150257,4,2025-01-26T17:29:26+00:00,track,,,3,12534445276 11654716864 11654716865
15150272,5,2025-01-26T17:29:26+00:00,track,,,8,11654716861 11654716862 11654716860 11654716863 11654803369 11654716868 11654716867 11654716866
15150276,3,2023-08-15T15:38:14+00:00,track,,,1,11117040704
15150307,3,2024-10-25T23:03:05+00:00,track,,,1,12289011024
15150384,6,2025-11-17T15:57:21+00:00,track,,,2,13005027715 13311203078
15150407,4,2025-04-02T13:23:45+00:00,residential,Jupiter Road,,1,12717006083
15150477,4,2026-07-08T20:21:08+00:00,track,,,2,12543968416 13998449997
15150481,7,2026-05-19T20:17:18+00:00,residential,South Rocky Trail,,1,13850517161
15150618,14,2026-03-30T02:10:57+00:00,tertiary,Ross Maxwell Scenic Drive,,1,13690100354
15150631,3,2024-10-25T23:03:05+00:00,track,,,1,12289011025
15150649,3,2025-07-16T19:20:35+00:00,track,,,1,13005011486
15150655,3,2025-07-16T19:20:35+00:00,track,,,2,13005027702 13005027701
15150678,3,2025-01-26T17:16:35+00:00,track,,,2,12534418681 12534418680
15150705,4,2026-03-30T16:22:00+00:00,track,,,1,11990942786
15150713,4,2025-07-12T17:42:30+00:00,track,,,1,11117017302
15150720,10,2025-11-24T16:38:30+00:00,residential,Haby Lane,,1,6654128738
15150794,4,2025-04-03T13:42:53+00:00,track,,,1,12725864533
15150913,5,2024-12-17T22:33:17+00:00,residential,Red Mountain Road,,3,10945040599 12427717737 12427717731
15150984,3,2026-07-22T14:07:15+00:00,track,,,2,14039634149 14039634148
15150985,2,2020-05-09T03:35:15+00:00,track,,,1,149827164
15151055,4,2019-03-09T22:09:59+00:00,residential,Jackass Road,,1,149618234
15151098,3,2024-02-14T19:00:45+00:00,track,,,3,149828589 11623973577 11623973578
15151117,3,2023-08-26T12:04:10+00:00,track,,,1,11146074188
15151133,2,2020-05-09T03:35:15+00:00,track,,,1,149829278
15151154,2,2020-05-09T03:35:15+00:00,track,,,1,149829904
15151156,3,2025-10-27T20:08:23+00:00,track,,,1,13263788949
15151172,3,2025-03-31T19:57:40+00:00,track,,,1,12717006332
15151203,3,2023-06-13T14:17:52+00:00,track,,,1,10973961961
15151214,4,2024-02-14T19:00:45+00:00,track,,,2,11623973545 10973970089
15151234,1,2007-12-04T01:47:11+00:00,track,,,1,149831208
15151262,4,2026-03-30T01:20:22+00:00,residential,Many Tows,,1,13690062241
15151291,6,2026-03-30T16:22:00+00:00,track,,,8,149831986 4854035413 4854035373 4854035367 12319039266 12319039338 12319039342 12319039362
15151322,3,2026-03-31T01:48:45+00:00,track,,,1,13694322407
15151362,3,2025-09-04T21:35:36+00:00,track,,,2,13120280850 13120280839
15151372,3,2025-03-03T16:44:43+00:00,track,,,1,12633655132
15151417,4,2026-04-09T21:25:30+00:00,residential,San Angelo Road,,2,11839345226 11839345225
15151439,3,2024-06-21T22:14:30+00:00,track,,,1,11999840086
15151450,3,2026-07-22T14:07:15+00:00,track,,,7,14039634105 14039634106 149835082 14039634107 14039634108 14039634109 14039592153
15151459,3,2025-06-24T17:36:59+00:00,track,,,1,12950064388
15151506,3,2025-01-26T16:59:44+00:00,service,,,1,12534386611
15151516,3,2025-11-25T15:34:17+00:00,track,,,1,13330625224
15151553,4,2025-11-17T15:57:21+00:00,track,,,1,13311203062
15151576,3,2024-02-29T19:01:04+00:00,track,,,5,11677813760 11677813764 11677813763 11677813762 11677813761
15151582,3,2024-02-29T19:01:04+00:00,track,,,5,149837214 11677813767 11677813766 11677813768 11677813765
15151589,8,2024-08-17T21:20:27+00:00,residential,Terlingua Springs Road,,2,149837311 11017312382
15151600,4,2026-04-10T13:05:25+00:00,track,,,1,149837513
15151624,3,2024-11-13T19:06:40+00:00,track,,,1,12337745752
15151657,3,2023-06-13T14:08:33+00:00,track,,,2,10973952844 10973951971
15151676,3,2023-06-13T14:08:33+00:00,track,,,2,10973951970 10973951969
15151697,3,2024-12-17T22:33:17+00:00,residential,Strawberry Cactus Road,,1,12427717738
15151704,2,2020-05-09T03:35:15+00:00,track,,,1,149838855
15151730,4,2026-03-30T16:22:00+00:00,track,,,3,13691895508 11146065144 11146064855
15151773,1,2007-12-04T01:52:48+00:00,track,,,1,149840142
15151816,3,2023-06-01T21:07:24+00:00,track,,,1,10945040600
15151869,5,2025-01-19T04:35:58+00:00,track,,,3,12513005647 12513275990 12513005975
15151961,3,2025-01-24T20:57:37+00:00,track,,,1,12530061265
15151988,3,2024-02-13T03:12:16+00:00,track,,,1,11617761129
15152000,3,2023-08-15T15:06:24+00:00,track,,,1,11116993371
15152022,3,2024-12-24T17:01:20+00:00,track,,,1,12449774993
15152089,4,2026-03-27T18:08:51+00:00,track,,,2,13685245413 13376097657
15152134,5,2025-08-01T19:15:36+00:00,track,,,3,8828208406 13041878005 13041853039
15152162,3,2023-08-09T15:55:46+00:00,track,,,1,11102145838
15152172,6,2025-06-24T17:36:59+00:00,track,,,1,12950064335
15152175,2,2025-08-11T17:57:50+00:00,track,,,3,13063866592 13063866591 13063866590
15152191,3,2024-08-16T03:20:49+00:00,track,,,2,12113874196 12113874197
15152193,2,2020-05-09T03:35:15+00:00,track,,,1,149846394
15152249,4,2025-03-28T17:11:41+00:00,track,,,2,8828208414 149847188
15152271,3,2023-08-09T15:44:27+00:00,track,,,1,11102107825
15152282,5,2024-01-26T22:09:34+00:00,track,,,3,11102145866 8828208409 11555190679
15152294,4,2026-03-30T16:22:00+00:00,track,,,3,11627426494 11627426493 13691895466
15152335,3,2024-02-13T03:04:21+00:00,track,,,1,11617756316
15152367,2,2026-02-01T01:14:56+00:00,track,,,1,13515949690
15152379,3,2024-11-06T16:56:36+00:00,track,,,1,12319039112
15152386,2,2020-02-25T00:55:19+00:00,track,,,5,149850304 149850343 149850348 149850356 149850363
15152462,3,2025-09-10T19:11:44+00:00,track,,,2,13134842148 13134842149
15152481,3,2024-05-02T15:48:10+00:00,track,,,1,11874401337
15152525,3,2023-08-15T15:18:24+00:00,track,,,1,149852821
15152626,3,2025-07-16T19:20:35+00:00,track,,,1,13005011500
15152671,3,2026-03-27T16:34:48+00:00,track,,,1,13685096238
15152679,8,2025-06-07T13:42:00+00:00,residential,Wickwilde,,1,12894983852
15152692,3,2025-01-24T21:06:50+00:00,track,,,2,12530171671 12484879386
15152706,4,2023-06-13T13:52:38+00:00,track,,,1,10973912574
15152730,3,2025-01-26T16:59:44+00:00,track,,,1,12534386285
15152751,3,2025-05-12T23:27:18+00:00,track,,,2,12832581490 12832581522
15152768,3,2025-02-24T18:33:45+00:00,track,,,1,12616376612
15152789,3,2021-06-12T20:12:10+00:00,track,,,3,8828208459 8828207344 8828208458
15152866,4,2024-04-22T21:43:44+00:00,track,,,1,11839344767
15152874,4,2025-07-06T14:37:44+00:00,track,,,3,12902620308 12902620342 12902620341
15152915,3,2025-11-12T22:23:28+00:00,track,,,3,13300503336 13300503337 13300503338
15152920,2,2020-05-09T03:35:15+00:00,track,,,1,149858248
15152924,3,2020-05-09T03:35:15+00:00,track,,,1,149858268
15152945,3,2023-08-26T12:00:06+00:00,track,,,2,11146070557 11146070396
15152959,4,2023-06-13T14:17:52+00:00,track,,,1,10973969842
15152989,3,2023-02-10T15:26:22+00:00,track,,,1,10642240181
15153007,3,2023-08-26T11:55:45+00:00,track,,,2,11146064854 11146065143
15153069,3,2024-11-13T18:58:16+00:00,track,,,1,12337730217
15153071,3,2025-01-24T21:06:50+00:00,track,,,2,12530171370 12530171615
15153124,6,2025-03-28T17:11:41+00:00,track,,,1,11102145868
15153145,3,2026-09-15T03:03:49+00:00,track,,,1,14182076900
15153187,4,2025-07-06T16:43:12+00:00,track,,,1,12534386850
15153299,4,2024-05-16T14:55:34+00:00,track,,,1,11910103442
15153343,4,2025-03-28T17:11:41+00:00,track,,,1,8828208412
15153349,3,2023-08-15T15:18:24+00:00,track,,,1,11117008484
15153550,3,2023-02-11T16:40:04+00:00,track,,,1,10649459113
15153629,3,2024-04-22T21:43:44+00:00,residential,Medina Road,,5,11839345234 11839345232 11839345235 11839345233 149869573
15153644,3,2023-08-09T15:55:46+00:00,track,,,1,11102146080
15153840,3,2023-02-11T16:51:44+00:00,track,,,1,10649481878
15153843,4,2026-04-09T21:25:30+00:00,track,,,1,11839344777
15153891,3,2024-02-14T19:00:45+00:00,track,,,1,11623973546
15153933,3,2023-03-16T14:45:22+00:00,track,,,1,10739367058
15154010,3,2024-12-17T22:33:17+00:00,track,,,3,12427717684 12427717696 12427717697
15154023,3,2024-12-13T19:47:18+00:00,track,,,1,12421301216
15154029,3,2025-11-25T15:21:17+00:00,residential,Tracy Road,,1,13330610186
15154031,3,2026-04-11T15:56:17+00:00,track,,,1,149876737
15154046,3,2023-08-09T15:55:46+00:00,track,,,2,11102146081 149877449
15154101,3,2024-02-28T17:45:54+00:00,track,,,20,11673171793 11673171724 11673171723 11673171725 11673171728 11673171727 11673172143 11673172144 11673171966 149878301 11673172084 11673172083 11673172081 11673172080 11673172078 11673172075 11673172076 11673172077 11673172079 11673172082
15154111,3,2023-08-15T15:18:24+00:00,track,,,1,11117008485
15154177,6,2026-03-30T16:50:59+00:00,track,,,1,11146065142
15154297,3,2025-01-03T19:17:58+00:00,track,,,1,12471934933
15154349,4,2025-04-02T13:23:45+00:00,residential,North Star Road,,1,12717006334
15154374,3,2023-08-26T11:55:45+00:00,track,,,3,11146064680 11146064752 11146064533
15154376,4,2020-05-09T03:35:15+00:00,track,,,1,149882467
15154384,3,2024-08-16T03:12:00+00:00,track,,,1,12113926426
15154387,3,2023-07-01T05:53:34+00:00,track,,,1,11017226059
15154452,13,2023-07-01T23:58:23+00:00,service,Old Ore Road,,16,10647273642 10647273717 10647651556 10647651555 10647651557 10647273198 10647284669 149922233 10647284670 10647284671 10647284672 10647284769 10647308861 10647651558 10647647062 10647619603
15154456,3,2025-06-10T15:56:36+00:00,track,,,1,12902620407
15154474,3,2023-06-13T14:17:52+00:00,track,,,2,149884047 10973970119
15154475,3,2024-02-14T19:00:45+00:00,track,,,1,11623973583
15154483,4,2025-07-06T16:43:12+00:00,track,,,1,12534386779
15154525,4,2026-02-01T01:14:56+00:00,residential,West Sabine Pass,,1,13515957601
15154586,4,2025-07-06T14:37:44+00:00,track,,,1,12586171624
15154590,3,2024-03-14T14:39:09+00:00,track,,,1,11730804420
15154619,4,2025-04-02T13:23:45+00:00,residential,Rutting Buck Road,,1,12723359577
15154631,3,2024-02-23T16:54:29+00:00,track,,,1,11657304223
15154651,3,2024-03-14T14:41:18+00:00,track,,,1,11730812624
15154727,5,2026-09-05T16:23:15+00:00,track,,,4,14155788155 8828208447 11990942887 11990942906
15154842,3,2026-03-30T02:50:22+00:00,track,,,1,12337745640
15154924,7,2025-04-02T14:53:46+00:00,residential,JH Mahan Road,,2,12289012306 12723582327
15154974,3,2025-01-19T01:37:58+00:00,track,,,1,149580051
15154989,2,2024-11-13T18:58:16+00:00,track,,,2,12337730143 12337730142
15155009,3,2024-02-13T03:04:21+00:00,track,,,1,11617756318
15155100,4,2023-06-13T13:52:38+00:00,track,,,1,10973912895
15155123,5,2025-04-02T14:53:46+00:00,track,,,2,12723582401 12289012307
15155130,4,2024-10-25T23:03:05+00:00,residential,Arroyo Track Road,,1,12289011029
15155183,3,2023-02-11T16:51:44+00:00,track,,,1,10649481873
15155260,4,2025-07-06T16:43:12+00:00,track,,,1,12441725904
15155314,3,2025-10-27T20:08:23+00:00,residential,Powerline Road,,1,13263788768
15155368,3,2024-10-25T23:03:05+00:00,residential,Big Dog Road,,1,12289011037
15155379,3,2023-08-15T15:18:24+00:00,track,,,1,11117008507
15155445,3,2024-12-22T15:28:32+00:00,track,,,1,12441725706
15155483,4,2025-01-24T21:06:50+00:00,track,,,2,12484879415 12530171700
15155485,3,2024-08-16T03:08:01+00:00,track,,,1,12113904972
15155525,3,2023-06-13T14:17:52+00:00,track,,,1,10973969811
15155546,5,2025-07-06T16:43:12+00:00,track,,,7,12146445758 12146445760 12146445761 12146445994 12146445995 12146445996 12146445997
15155650,3,2023-06-13T14:08:33+00:00,track,,,1,10973952837
15155688,6,2025-04-02T13:23:45+00:00,residential,Southeast Loma Prieta Road,,1,12723359579
15155745,4,2024-04-22T21:43:44+00:00,residential,Taurus Mesa Road,,1,11839344769
15155761,9,2025-09-16T19:46:35+00:00,residential,Hen Egg Road,,3,13148049707 10642843352 12519434002
15155832,3,2024-08-30T16:22:45+00:00,track,,,1,12146445999
15155853,3,2023-08-09T15:44:27+00:00,track,,,1,11102107920
15155863,4,2026-01-25T13:21:09+00:00,track,,,4,8828208433 8828208429 8828208428 13483717274
15155909,3,2023-06-13T14:01:48+00:00,track,,,2,10973937850 10973937852
15155975,3,2024-11-06T16:56:36+00:00,track,,,1,12319039157
15155989,5,2025-01-26T17:51:15+00:00,residential,Old Marathon Road,,1,12534559218
15156018,4,2025-01-26T17:51:15+00:00,track,,,1,12534559243
15156099,5,2025-04-29T19:17:46+00:00,track,,,3,12616366878 149907127 10649481847
15156115,3,2023-06-13T14:08:33+00:00,track,,,1,10973951938
15156213,3,2026-06-09T21:08:30+00:00,track,,,1,13924288717
15156319,8,2026-04-04T00:22:57+00:00,track,Glenn Springs Road,,2,10649817110 149936582
15156629,14,2026-06-15T12:31:38+00:00,residential,Fox Hall Lane,,1,149912174
15156658,3,2026-06-09T21:08:30+00:00,residential,Barbwire Road,,3,13924288780 13924288779 13924288781
15156704,10,2026-06-09T21:08:30+00:00,residential,Nine Point Mesa Road,,5,13924288629 13884354545 13884354544 13884354597 13789667086
15156713,5,2026-05-26T16:40:39+00:00,residential,Nine Point Mesa Ranch Road,,5,13884262886 13884262885 13884354547 149913082 13884354546
15156737,8,2024-12-21T20:06:27+00:00,residential,Sombrero Peak Ranch Road,,1,11999840088
15156793,6,2025-01-26T17:51:15+00:00,residential,Old Cemetery Road,,1,12534559219
15156815,3,2025-09-16T19:46:35+00:00,residential,Hen Egg Road,,1,13148049811
15156864,4,2018-09-28T08:01:40+00:00,residential,Los Ranchos Drive,,1,149914942
15156865,4,2024-12-22T16:51:04+00:00,residential,Los Ranchos Drive,,1,12441880836
15156919,5,2025-01-26T16:59:44+00:00,residential,Mullberry Road,,1,12534385864
15157074,8,2026-03-30T01:20:22+00:00,residential,Terlingua Ranch Road,,1,12439525748
15157099,5,2024-12-21T20:06:27+00:00,residential,Big Bender Road,,1,12439525750
15157103,3,2024-12-21T20:06:27+00:00,residential,Halls Road,,1,12439525745
15157118,4,2026-04-11T15:56:17+00:00,track,Pena Park Road,,1,149876737
15157121,10,2026-04-04T12:52:34+00:00,track,Black Gap Road,,3,149917911 149918009 10647744159
15157149,6,2025-01-26T16:59:44+00:00,service,Loma del Norte Road,,2,12530157803 12534385245
15157241,9,2024-10-25T23:03:05+00:00,residential,Terlingua Ranch Road,,1,149919450
15157273,8,2023-07-05T20:02:06+00:00,residential,East Avenue A,,1,3986126031
15157367,9,2025-02-16T20:22:14+00:00,residential,Fulcher Road,,2,10647437119 12512540782
15157377,5,2026-07-11T22:59:57+00:00,residential,South County Road,,1,10642240152
15157401,3,2024-05-16T14:55:34+00:00,residential,Pecan Grove Road,,1,149921314
15157411,7,2023-12-07T01:18:52+00:00,residential,North 8th Street,,1,3986126030
15157417,4,2017-12-28T07:23:18+00:00,track,Jewels Camp Road,,6,149921438 5307954972 5307955540 5307955549 5307955559 5307955589
15157434,4,2018-09-28T08:01:39+00:00,residential,North Los Ranchos Drive,,1,149734964
15157509,12,2023-02-08T20:23:51+00:00,track,Buena Suerte,,7,10624151692 10624151694 10624151697 10624151690 10624202305 10624151704 10624151703
15157590,11,2024-12-21T20:06:27+00:00,track,Marathon Road,,1,12439525623
15157599,6,2024-11-16T00:09:03+00:00,track,Marathon Road,,1,149924327
15157609,8,2024-04-23T00:05:49+00:00,service,Hot Springs Road,,1,11839483362
15157651,6,2025-01-26T16:59:44+00:00,unclassified,Hovey Road,,1,12534386727
15157660,5,2025-04-03T13:42:53+00:00,residential,Merriwether Ranch Road,,1,12725856239
15157680,5,2025-01-26T17:51:15+00:00,residential,Country Club Estates Drive,,1,12534559058
15157714,9,2026-04-04T12:52:34+00:00,track,Glenn Springs Road,,2,10647744161 13705472399
15157738,9,2026-04-09T21:25:30+00:00,residential,Agua Fria Road,,2,11839345223 11839344766
15157743,6,2026-03-30T01:20:22+00:00,residential,Church Road,,1,13690062650
15157757,4,2014-08-05T21:05:02+00:00,residential,West Avenue J,,1,149926388
15157759,8,2026-08-08T17:27:48+00:00,track,Talley Road,,1,10647169751
15157760,7,2023-02-14T14:24:34+00:00,track,River Road,,2,10657936846 10649546792
15157765,4,2025-01-20T23:58:53+00:00,residential,Herman's Peak Road,,1,12519432324
15157777,5,2025-09-16T19:46:35+00:00,residential,North County Road,,2,10642240269 13148049840
15157784,6,2026-03-27T18:08:51+00:00,track,Dove Mountain Road,,5,12523681759 11146064753 13685218266 13685245411 13685245238
15157790,4,2025-09-23T17:40:02+00:00,track,Dove Mountain Road,,1,13165702106
15157965,11,2026-04-04T00:22:57+00:00,track,Juniper Canyon Road,,2,10647744160 10656522862
15157976,5,2026-06-09T21:08:30+00:00,residential,West Cedar Springs Road,,1,13924288716
15158038,4,2026-03-30T13:48:33+00:00,residential,Lone Star Ranch Road,,1,13691597976
15158064,8,2026-03-30T14:59:43+00:00,tertiary,Ross Maxwell Scenic Drive,,1,13691723091
15158106,5,2026-04-09T21:25:30+00:00,residential,Alamo Creek Loop,,2,10737071856 10737071854
15158164,4,2025-01-26T17:51:15+00:00,residential,Las Auras,,1,12534559061
15158330,4,2023-03-16T14:45:22+00:00,track,Black Gad W M Dru Road,,2,10739322581 10739322580
15158370,5,2025-07-06T14:37:44+00:00,residential,Benge Ranch Road,,1,149936484
15158415,8,2024-01-14T04:05:38+00:00,residential,Indian Head Road,,1,10647237095
15159332,4,2025-05-20T16:38:19+00:00,track,,,1,12851355023
15160766,2,2024-07-03T21:06:46+00:00,service,,,1,12032000389
15161331,2,2025-05-13T20:36:27+00:00,track,,,1,12834775132
15162608,9,2020-10-31T23:42:32+00:00,service,,,1,149983663
15164357,3,2025-12-24T17:32:50+00:00,track,Garrett Trail,,1,150003452
15165208,6,2025-12-05T21:04:43+00:00,service,Pecan Valley,,1,13356455245
15165239,4,2025-12-24T17:32:50+00:00,residential,Knight Lane,,1,13401773529
15165314,5,2025-12-24T17:32:50+00:00,residential,Lewis Lane,,1,13401772606
15165381,5,2026-01-22T20:06:48+00:00,service,Dewberry Lane,,1,13477573591
15166252,5,2025-11-14T17:52:12+00:00,unclassified,Rifle Road,,1,13305045200
15169674,6,2025-08-25T18:19:15+00:00,track,Old Gold Lane,,1,3417106849
15170192,9,2025-07-14T23:18:19+00:00,residential,Baxtershire,,1,12894983854
15172270,6,2025-12-26T14:15:32+00:00,unclassified,Lewis Valley Road,,1,13408772528
15179779,7,2025-07-14T23:18:19+00:00,residential,Beverly Hills Drive,,1,12894983853
15180239,5,2025-10-15T18:39:34+00:00,residential,Hibiscus Lane,,1,150090810
15181139,2,2010-04-07T07:05:00+00:00,residential,Doheny Road,,1,150095230
15187895,8,2025-12-23T19:53:32+00:00,service,,,3,13398453163 13398453537 13398453158
15187940,4,2026-04-25T15:16:39+00:00,track,,,7,13760793037 13356683547 13356683546 4962046447 150126619 13356683545 13356683544
15188380,3,2025-12-20T15:44:30+00:00,track,,,1,12248589237
15188635,2,2024-10-13T16:08:34+00:00,service,,,1,12248589676
15188911,3,2025-12-24T18:03:09+00:00,track,,,1,13401830218
15189140,5,2025-12-22T19:28:27+00:00,track,,,1,13395880603
15189672,2,2020-06-10T04:32:32+00:00,service,,,1,7607537120
15189829,5,2025-12-20T16:44:42+00:00,service,,,1,13391121909
15189893,4,2025-12-20T15:44:30+00:00,track,,,2,12248589234 12248589235
15190192,4,2025-12-20T17:16:24+00:00,service,,,1,13391175469
15190877,3,2025-03-14T20:29:32+00:00,track,Lake Park Drive,,1,12663427203
15191463,3,2025-12-20T20:09:43+00:00,residential,,,1,13391453535
15191700,4,2025-12-22T20:22:20+00:00,track,,,1,13356634246
15197133,2,2024-10-16T21:06:43+00:00,residential,Scenic Oak,,1,12256298733
15197827,2,2025-12-20T20:09:43+00:00,residential,Bremer,,1,13391453441
15198320,3,2020-06-18T13:22:14+00:00,residential,Oso Arroyo,,3,4962045969 4962045970 4962045971
15198633,15,2021-03-08T17:54:50+00:00,residential,Fawn Lane,,1,7152500756
15200913,13,2025-12-24T14:41:53+00:00,residential,Cannan Road,,1,11948025415
15201179,6,2025-11-23T02:58:51+00:00,track,,,1,2070653521
15202720,11,2026-03-06T05:52:50+00:00,tertiary,Conrads Lane,,1,150270439
15203123,7,2021-12-09T22:18:00+00:00,service,Tank Trail,,1,9325686271
15203533,11,2025-12-20T20:09:43+00:00,residential,Shearer Road,,1,13391453444
15203673,11,2024-11-27T02:56:53+00:00,service,Tamk Trail,,1,9321971707
15204555,6,2023-06-16T23:21:22+00:00,track,,,1,10981697187
15204634,12,2026-03-17T05:37:10+00:00,service,Wingo Road,,1,12545658403
15204716,4,2025-01-29T16:52:23+00:00,unclassified,Jones Spur,,1,12542221772
15204756,3,2021-12-30T18:17:37+00:00,track,,,1,9379995577
15204776,4,2026-02-06T07:04:36+00:00,track,,,1,12254115277
15204786,2,2025-10-21T19:06:46+00:00,track,,,2,13248573454 13248573491
15204799,2,2026-08-15T17:41:46+00:00,service,,,1,14097501237
15204813,4,2021-12-30T18:17:37+00:00,unclassified,,,1,9379995576
15204832,3,2025-01-26T21:19:12+00:00,residential,Casa de Piedras Road,,3,10922311733 10922315173 10922315172
15204876,4,2025-01-24T21:25:59+00:00,track,,,1,12530206424
15204883,2,2024-12-28T01:17:20+00:00,residential,,,1,12457497458
15204959,3,2025-01-21T18:22:21+00:00,service,,,1,12521094361
15204973,5,2023-04-27T19:31:23+00:00,path,Sugar Loaf Road,,1,9332994586
15204982,3,2025-04-06T12:31:46+00:00,residential,,,1,12733803669
15204994,2,2025-04-06T12:31:46+00:00,residential,,,1,12733803684
15205171,3,2025-11-12T16:14:10+00:00,track,,,1,13299918750
15205183,3,2025-01-25T02:44:53+00:00,track,,,11,12530833046 12530832638 12530832637 12530832636 12530832635 12530832634 12530832633 12530832631 12530832632 12530832610 12530832609
15205199,4,2025-01-25T02:44:53+00:00,track,,,1,12530833045
15205227,2,2024-11-06T17:31:31+00:00,residential,,,1,12319126588
15205245,3,2026-08-15T17:41:46+00:00,track,,,1,14097501174
15205279,4,2026-05-22T10:21:23+00:00,track,,,2,11608793177 11608793190
15205294,7,2023-06-17T21:48:13+00:00,track,,,1,10983163043
15205306,4,2026-08-15T17:41:46+00:00,track,,,2,14097501239 14097501238
15205325,3,2026-02-02T19:25:11+00:00,track,,,2,13520213812 13097269069
15205333,2,2026-08-31T16:59:21+00:00,residential,,,2,14137897585 14137897586
15205354,2,2026-08-31T16:59:21+00:00,residential,,,1,14137897590
15205360,3,2025-10-08T15:06:55+00:00,track,,,4,13202979470 13202979469 13202979468 13202979384
15205389,2,2025-01-31T03:35:11+00:00,track,,,3,12545666665 12545666664 150299566
15205426,3,2024-12-23T17:59:01+00:00,track,,,1,12444826940
15205515,4,2023-01-25T21:10:06+00:00,service,,,1,9382969223
15205681,4,2025-01-26T20:19:40+00:00,residential,,,1,12534812893
15205689,2,2026-02-09T15:45:06+00:00,residential,,,2,150302521 13537133405
15205694,3,2025-01-31T03:08:18+00:00,residential,,,1,12545590580
15205784,4,2024-09-01T02:16:38+00:00,track,,,1,12148860786
15205801,2,2024-09-01T02:16:38+00:00,residential,,,1,12148860330
15205824,3,2026-08-15T17:41:46+00:00,track,,,1,14097501141
15205849,4,2025-01-21T16:50:33+00:00,residential,,,1,11650604799
15205863,2,2026-02-09T15:45:06+00:00,residential,,,1,13537133803
15205884,4,2026-05-22T10:21:23+00:00,service,,,2,13860154214 12146536498
15205899,2,2025-08-25T22:59:05+00:00,track,,,1,13097269032
15205917,1,2007-12-04T07:22:16+00:00,track,,,1,150304787
15205947,2,2026-08-19T15:56:46+00:00,residential,,,1,14105624539
15206025,3,2026-08-15T17:41:46+00:00,track,,,1,14097501140
15206046,3,2025-03-10T17:00:12+00:00,residential,,,3,12650321310 12650321330 12650321329
15206086,2,2025-01-26T20:09:22+00:00,track,,,1,12534820171
15206249,2,2025-01-17T23:33:37+00:00,residential,,,1,12511140925
15206312,3,2026-05-26T17:29:36+00:00,residential,,,8,13248573441 13884588041 13884514470 13884587916 13884587917 13884587918 13884587919 13884587920
15206368,4,2025-01-21T16:50:33+00:00,residential,,,1,11650604800
15206565,2,2025-01-24T21:25:59+00:00,track,,,1,150311022
15206596,3,2026-07-20T19:20:48+00:00,residential,,,2,13537133713 14029442883
15206628,3,2026-08-31T16:59:21+00:00,residential,,,5,14137897524 14137897523 14137897521 14137897522 14137897545
15206684,2,2025-03-02T15:53:32+00:00,track,,,1,12630529312
15206894,2,2025-08-25T22:59:05+00:00,residential,,,1,13097269033
15206980,3,2024-05-28T15:19:00+00:00,track,,,2,150316365 11939945088
15207107,2,2025-01-17T23:33:37+00:00,residential,,,4,12511140546 12511140530 12511140820 12511140830
15207144,3,2024-11-06T17:36:28+00:00,residential,,,6,12319133188 150317886 11939945087 150317939 11939945086 11939945085
15207192,5,2025-01-31T03:16:57+00:00,residential,,,3,12339638345 12545656829 12545656823
15207204,3,2025-01-31T03:16:57+00:00,residential,,,1,12545656825
15207230,6,2021-12-30T21:19:35+00:00,path,,,3,9380324281 9380324278 9380324274
15207268,3,2025-11-12T16:14:10+00:00,track,,,1,13299918749
15207282,2,2024-05-02T17:03:44+00:00,residential,,,1,11874527577
15207303,4,2026-02-06T07:04:36+00:00,residential,,,9,12254115303 12254115333 12254115334 12254115335 12254115336 12254115337 12254115338 12254115339 12254115340
15207349,2,2024-06-20T18:47:19+00:00,residential,,,1,11997219345
15207476,3,2025-01-29T20:42:06+00:00,track,,,1,12542628351
15207486,4,2026-03-27T16:17:49+00:00,residential,,,1,12784278468
15207494,3,2026-02-27T23:55:09+00:00,residential,,,2,12784278433 13606747447
15207523,3,2025-08-25T22:59:05+00:00,track,,,3,150322474 11839219069 13097269085
15207619,3,2025-01-21T18:22:21+00:00,residential,,,1,12521094326
15207666,4,2026-02-25T19:30:30+00:00,residential,,,2,12733821970 13598987045
15207691,4,2025-04-06T12:38:44+00:00,track,,,1,12733821962
15207742,2,2024-05-28T15:21:31+00:00,service,,,2,11939953500 11939953501
15207748,2,2024-05-28T15:21:31+00:00,service,,,1,11939953511
15207770,7,2026-03-17T05:37:10+00:00,track,,,1,12465445475
15207785,3,2026-02-09T15:45:06+00:00,residential,,,1,13537133853
15207839,6,2026-01-23T01:37:38+00:00,track,,,1,11608793307
15207873,4,2024-09-01T02:10:22+00:00,track,,,2,12148855283 12148855282
15207888,3,2024-12-17T19:26:17+00:00,track,,,1,12426899510
15207957,4,2024-12-22T01:17:08+00:00,residential,,,1,11874501630
15207964,3,2024-12-22T01:17:08+00:00,residential,,,1,11874501629
15208020,2,2024-11-06T17:31:31+00:00,track,,,1,12319126843
15208075,5,2024-09-01T02:16:38+00:00,track,,,2,12148860783 12148860784
15208110,2,2025-01-26T21:19:12+00:00,residential,,,1,12534968201
15208187,5,2026-05-20T03:22:45+00:00,service,,,1,13148770469
15208244,4,2024-09-01T02:10:22+00:00,track,,,1,12148855352
15208272,12,2026-03-18T13:00:17+00:00,unclassified,Shell Mount,,1,10983218430
15208347,3,2025-01-17T23:33:37+00:00,track,,,1,12511141070
15208354,4,2025-01-22T14:14:20+00:00,residential,,,2,12522922906 12522922905
15208366,4,2025-01-24T21:25:59+00:00,track,,,1,12530206454
15208385,2,2025-04-24T18:49:32+00:00,residential,,,2,12784278412 12784278337
15208403,4,2026-02-06T07:04:36+00:00,track,,,2,12784278456 12784278455
15208410,4,2025-01-22T21:28:06+00:00,residential,,,3,12524634973 12524634937 12524635168
15208439,4,2026-03-27T16:17:49+00:00,track,,,1,13685003072
15208448,3,2025-01-26T00:29:01+00:00,track,,,1,12532942400
15208469,4,2026-04-09T17:13:39+00:00,track,,,1,13719094894
15208473,6,2026-04-09T17:13:39+00:00,track,,,3,13719094897 13719094896 12527845259
15208477,2,2025-01-26T00:29:01+00:00,track,,,1,12532961802
15208486,6,2025-08-25T22:59:05+00:00,track,,,1,13097269099
15208497,2,2025-01-26T00:29:01+00:00,track,,,2,12532942392 12532961862
15208526,2,2025-01-26T00:29:01+00:00,track,,,2,12532961808 12532961809
15208551,4,2025-01-26T00:29:01+00:00,track,,,2,12529465815 12532942369
15208620,4,2026-02-06T07:04:36+00:00,track,,,13,12254115276 12254115275 12254115243 12254115242 12254115241 12254115240 12254110823 12254110822 12254110899 12254115294 12254115302 12254115293 12254115393
15208685,4,2025-01-26T00:29:01+00:00,track,,,1,12532942368
15208722,5,2026-03-29T20:06:00+00:00,unclassified,Screw Bean Road,,2,13574264749 13574264690
15208747,2,2026-07-20T19:18:36+00:00,residential,,,2,14029436783 14029436782
15208769,2,2025-01-26T00:29:01+00:00,track,,,1,12532961801
15208772,2,2025-01-26T00:29:01+00:00,track,,,1,12532961803
15208888,4,2025-01-26T20:19:40+00:00,residential,,,2,12534812894 12534812865
15208904,3,2025-01-21T16:50:33+00:00,track,,,1,11650605495
15208991,7,2026-04-06T05:02:51+00:00,service,,,2,12693593851 12552168190
15209030,4,2025-11-12T16:14:10+00:00,track,,,4,13299918772 12630529304 12630529082 13299918770
15209036,5,2025-01-17T23:33:37+00:00,track,,,2,12510453953 12511141053
15209063,7,2025-01-31T03:45:50+00:00,track,,,4,12534820174 12545649098 12545649081 12545663663
15209094,3,2025-01-26T00:29:01+00:00,track,,,2,12529465818 12532942387
15209146,2,2025-01-26T00:29:01+00:00,track,,,1,12532942371
15209286,3,2026-02-27T23:25:12+00:00,residential,,,1,13606719722
15209387,2,2024-05-08T15:30:18+00:00,residential,,,1,11889297914
15209389,17,2026-03-09T11:13:42+00:00,tertiary,Old Georgetown Road,,1,9325686255
15209453,3,2025-01-21T16:50:33+00:00,residential,,,1,11650604937
15209461,8,2026-05-21T23:57:59+00:00,service,,,2,11989042274 12733821963
15209468,2,2024-12-28T01:55:07+00:00,track,,,1,12457761662
15209499,2,2025-01-21T18:22:21+00:00,residential,,,1,12521094358
15209517,2,2024-02-21T22:12:19+00:00,residential,,,1,11650605496
15209554,2,2020-05-09T03:35:15+00:00,track,,,1,150346720
15209623,6,2025-01-31T03:35:11+00:00,residential,,,4,12545663645 12522922925 12522922899 12522916247
15209637,4,2025-01-22T21:39:11+00:00,track,,,1,12524667403
15209645,2,2025-01-31T03:35:11+00:00,residential,,,1,12545663646
15209650,13,2026-03-15T22:49:28+00:00,residential,Bald Knob Road,,1,9382969222
15209696,4,2024-12-23T17:59:01+00:00,track,,,1,12444826939
15209721,4,2026-05-22T11:10:37+00:00,track,,,1,10922293963
15209735,3,2025-01-26T00:29:01+00:00,track,,,2,12532961804 12529465812
15209764,2,2025-01-24T14:55:11+00:00,service,,,2,12529465810 12529465813
15209818,2,2025-09-29T18:19:52+00:00,residential,,,2,13181200879 13181202324
15209826,4,2025-01-26T00:29:01+00:00,unclassified,,,2,12532942370 12529465816
15209921,4,2025-03-02T15:53:32+00:00,track,,,1,12630529131
15209960,4,2025-01-21T16:50:33+00:00,track,,,1,11704489124
15209968,4,2026-01-18T18:46:02+00:00,track,,,1,12545658402
15209992,4,2025-01-21T16:50:33+00:00,track,,,3,11650605497 11650605258 11650605419
15210004,3,2025-01-21T16:50:33+00:00,track,,,1,11650604890
15210048,5,2025-04-06T12:38:44+00:00,track,,,2,12733821965 12733821964
15210058,4,2024-08-19T17:09:43+00:00,track,,,1,12120690282
15210084,4,2025-01-08T17:03:18+00:00,track,,,2,12484773550 12426899512
15210102,3,2025-01-20T23:48:40+00:00,track,,,1,12519407950
15210143,2,2025-01-21T18:22:21+00:00,residential,,,1,12521094357
15210202,2,2026-02-28T00:02:04+00:00,residential,,,1,13606740176
15210285,3,2024-12-24T17:20:17+00:00,track,,,1,12449846766
15210332,4,2026-02-06T07:04:36+00:00,track,,,3,12254115244 12254115246 12254115247
15210365,4,2025-01-31T03:16:57+00:00,residential,,,3,12545649632 12545656851 12545656854
15210410,4,2025-03-02T15:53:32+00:00,track,,,2,150355082 12630529130
15210498,3,2024-04-22T21:00:46+00:00,track,,,1,11839219073
15210583,4,2025-01-21T18:31:50+00:00,residential,,,2,12521091760 12457566489
15210676,3,2025-01-20T23:48:40+00:00,track,,,1,12519407949
15210701,4,2026-01-18T18:46:02+00:00,track,,,1,10899752644
15210719,6,2025-01-25T02:44:53+00:00,service,,,4,12530833028 12530833018 11917323148 10899978917
15210768,2,2025-01-26T21:19:12+00:00,residential,,,1,12534968318
15210796,6,2025-09-29T18:19:52+00:00,residential,,,4,12534968420 12650321339 13181202325 13181202323
15210801,2,2025-01-31T03:21:25+00:00,residential,,,1,12545658401
15210839,4,2024-12-17T19:26:17+00:00,track,,,1,12426899448
15210898,4,2016-06-28T01:07:58+00:00,track,,,5,150360299 4269045284 150360339 4269045352 4269045383
15210918,2,2026-08-19T15:56:46+00:00,residential,,,1,14105624501
15210936,3,2026-08-19T15:53:44+00:00,residential,,,1,150360685
15210954,2,2024-12-22T01:29:25+00:00,track,,,1,12440070003
15210990,3,2025-01-18T17:50:56+00:00,residential,,,2,9184268155 9184268352
15211018,3,2026-07-28T16:22:58+00:00,residential,,,2,14056618103 9184268095
15211022,3,2025-01-24T19:37:42+00:00,residential,,,1,12529974653
15211054,4,2025-01-08T17:14:12+00:00,track,,,4,12426899504 12426899509 12426899503 12484820133
15211066,4,2024-12-24T15:28:20+00:00,track,,,1,12449691348
15211079,2,2025-01-26T15:44:47+00:00,track,,,1,12534165077
15211090,4,2025-01-21T18:31:50+00:00,residential,,,1,12521109548
15211125,2,2025-01-26T15:44:47+00:00,track,,,2,12534164940 12534165076
15211297,8,2025-05-16T17:02:53+00:00,track,,,3,12842631674 12832442886 12832442810
15211303,3,2025-03-02T15:53:32+00:00,track,,,3,12457761656 12630529132 12457761658
15211326,2,2024-12-28T01:55:07+00:00,residential,,,1,12457761659
15211453,3,2025-01-31T03:21:25+00:00,track,,,1,12545658404
15211492,4,2026-02-06T07:04:36+00:00,track,,,2,12254115357 12254115392
15211536,5,2026-08-19T17:47:09+00:00,residential,,,1,11874527817
15211542,2,2025-01-21T18:22:21+00:00,residential,,,1,12521094356
15211553,4,2026-08-19T15:53:44+00:00,residential,,,2,11874527628 14105602189
15211569,2,2026-02-27T23:25:12+00:00,residential,,,1,13606719721
15211583,3,2025-01-21T18:22:21+00:00,track,,,2,12521094354 12521094353
15211590,5,2026-07-28T16:22:58+00:00,residential,,,2,11916581039 9184268277
15211599,4,2025-12-14T19:12:17+00:00,track,,,2,13376467859 12451270466
15211607,5,2025-01-19T23:45:16+00:00,track,,,1,9184267802
15211610,3,2024-04-22T21:00:46+00:00,track,,,1,11839208740
15211657,3,2025-01-26T20:19:40+00:00,track,,,1,12534165082
15211684,4,2025-01-31T03:16:57+00:00,track,,,2,12545649633 12545656855
15211718,5,2025-01-26T00:29:01+00:00,service,,,3,12319126599 12319133049 12319126844
15211744,3,2025-01-20T21:53:04+00:00,residential,,,1,12519250813
15211824,3,2026-02-28T00:02:04+00:00,residential,,,1,13606740177
15211829,4,2026-08-19T15:56:46+00:00,residential,,,2,14105624566 14105624538
15211844,2,2024-05-08T15:30:18+00:00,residential,,,1,11889294651
15211853,2,2024-05-08T15:30:18+00:00,residential,,,1,11889294624
15211873,8,2026-04-30T16:21:10+00:00,track,,,2,13781643504 10922293962
15211884,3,2025-03-02T15:53:32+00:00,track,,,1,12630528832
15211896,2,2025-01-21T18:22:21+00:00,residential,,,1,12521094355
15211925,2,2024-03-08T16:07:22+00:00,residential,,,2,11704489125 11704488741
15211955,4,2026-03-27T16:17:49+00:00,track,,,1,13685067526
15211973,2,2026-05-13T17:16:38+00:00,track,,,1,13825241759
15212051,4,2025-01-22T21:39:11+00:00,track,,,1,12524667405
15212082,4,2025-08-25T22:59:05+00:00,track,,,2,13097269097 11839208767
15212083,2,2025-01-26T00:29:01+00:00,track,,,1,12532961805
15212088,2,2025-01-26T00:29:01+00:00,track,,,2,12532961806 12532961807
15212092,2,2026-01-08T16:18:18+00:00,track,,,4,13440103437 13440103412 13440103414 13440103413
15212166,3,2025-01-21T16:50:33+00:00,track,,,1,12520968029
15212173,4,2025-01-22T21:28:06+00:00,residential,,,1,12524635324
15212194,2,2024-12-28T01:55:07+00:00,residential,,,1,12457761663
15212219,5,2025-01-24T22:47:20+00:00,track,,,1,11917392774
15212242,2,2025-01-08T17:14:12+00:00,track,,,1,12484820131
15212245,3,2026-08-19T15:53:44+00:00,residential,,,1,14105602190
15212256,4,2025-01-20T23:48:40+00:00,track,,,1,12519407951
15212271,3,2025-01-24T22:47:20+00:00,residential,,,1,10887133476
15212289,3,2024-12-17T19:26:17+00:00,track,,,1,12426899361
15212305,4,2025-10-08T15:07:59+00:00,track,,,2,13202979480 13202971846
15212336,2,2024-12-28T01:55:07+00:00,track,,,1,12457761648
15212369,2,2024-12-28T01:17:20+00:00,track,,,1,12457497441
15212372,2,2025-03-02T15:53:32+00:00,track,,,1,12630529309
15212379,4,2026-05-20T01:43:39+00:00,service,,,1,12441866137
15212414,4,2024-08-19T17:09:43+00:00,track,,,1,12120690283
15212432,3,2023-05-15T18:09:34+00:00,track,,,2,10899978915 10899978918
15212435,3,2025-09-02T20:27:10+00:00,track,,,1,13115293581
15212458,7,2026-07-28T16:22:58+00:00,track,,,5,11098408165 11098408166 11098408167 14056618159 10899978919
15212469,3,2025-01-29T20:42:06+00:00,track,,,1,12449847137
15212477,8,2026-06-30T13:24:15+00:00,track,,,3,13719094933 13977900263 12527845349
15212490,3,2025-01-20T19:15:44+00:00,residential,,,2,12518871099 12518871048
15212518,5,2025-05-05T22:38:59+00:00,residential,,,1,11704489032
15212527,3,2025-03-10T17:00:12+00:00,residential,,,1,12650321469
15212546,3,2025-01-08T17:03:18+00:00,track,,,1,12484773515
15212565,7,2025-01-24T22:47:20+00:00,service,Parker Road,,7,11917245775 11917245793 11917245788 10887133478 12530344374 11917230512 11917230533
15212583,2,2024-05-19T05:47:19+00:00,service,,,1,11917230501
15212591,3,2023-05-11T15:58:49+00:00,track,,,1,10887133479
15212595,4,2025-10-08T15:07:59+00:00,track,,,3,12120690372 13202971856 13202971857
15212600,3,2024-12-17T19:26:17+00:00,track,,,1,12426899350
15212601,3,2024-12-22T01:29:25+00:00,residential,,,1,4269045297
15212607,4,2026-04-30T16:21:10+00:00,track,,,2,13781643470 11098408168
15212616,5,2025-10-08T15:06:55+00:00,track,,,15,13202979465 13115293545 13115293546 13115293547 13115293549 13115293551 13115293550 13115293548 13115272875 13115272874 13115272876 13115272877 13115290657 13115290637 13115290684
15212627,3,2025-11-12T16:14:10+00:00,track,,,1,13299918771
15212630,4,2025-01-23T16:48:06+00:00,track,,,1,12526743405
15212632,3,2025-01-23T22:17:39+00:00,track,,,1,12527845350
15212657,5,2025-01-21T16:50:33+00:00,track,,,1,10922294110
15212666,4,2025-01-21T16:50:33+00:00,track,,,1,10922294108
15212669,3,2024-08-19T17:09:43+00:00,track,,,1,12120690371
15212676,2,2026-03-10T17:40:10+00:00,track,,,9,13634536625 13634536626 13634536627 13634536628 13634536629 13634536505 13634536504 13634536506 13634536547
15212694,4,2025-03-02T15:53:32+00:00,track,,,2,12630529081 12630528976
15212742,2,2025-08-25T22:59:05+00:00,track,,,1,13097269070
15212745,3,2024-05-08T15:30:18+00:00,residential,,,1,11889297912
15212772,3,2025-01-08T17:14:12+00:00,track,,,2,12484799678 12484799657
15212795,4,2025-12-06T20:56:20+00:00,track,,,3,13358197053 13358197054 12545656883
15212821,2,2020-05-09T03:35:15+00:00,track,,,1,150384563
15212826,2,2020-05-09T03:35:15+00:00,track,,,1,150384594
15212832,2,2024-12-28T01:55:07+00:00,residential,,,1,12457761660
15212858,3,2026-04-30T16:21:10+00:00,track,,,1,13781643437
15212861,4,2026-07-28T16:22:58+00:00,track,,,1,14056618181
15212892,4,2025-01-20T15:12:17+00:00,track,,,1,12181365006
15212895,3,2025-01-20T23:48:40+00:00,track,,,2,12519407948 12519407952
15212897,6,2026-08-19T15:56:46+00:00,residential,,,2,11874527629 14105624588
15212905,2,2025-01-26T00:29:01+00:00,track,,,1,12532942376
15212927,3,2024-12-17T19:26:17+00:00,track,,,3,12426899433 12426899430 12426899450
15212940,4,2021-11-19T10:03:58+00:00,track,,,1,9184317496
15212944,5,2025-08-25T22:59:05+00:00,track,,,4,11839219072 12426899449 13097269100 11839219070
15212950,3,2024-04-22T21:00:46+00:00,track,,,1,11839219071
15212952,4,2025-01-23T22:17:39+00:00,residential,,,2,11874527700 12527845341
15212956,2,2014-12-09T21:56:43+00:00,track,,,1,150386989
15212967,3,2025-01-23T16:48:06+00:00,residential,,,1,11874527663
15212975,2,2024-12-28T01:45:25+00:00,residential,,,1,12457566480
15212980,4,2025-01-21T18:31:50+00:00,residential,,,1,12521109547
15213010,6,2025-01-25T18:02:06+00:00,track,,,1,12532175521
15213021,2,2026-01-08T16:18:18+00:00,track,,,1,13440103436
15213054,3,2025-01-25T18:02:06+00:00,track,,,1,12532175520
15213066,3,2025-12-14T19:12:17+00:00,track,,,3,13376467810 13376467809 13376467808
15213081,3,2023-08-07T23:21:11+00:00,track,,,2,11098408170 11098408169
15213087,4,2025-09-02T20:27:10+00:00,track,,,2,13115293594 12120690312
15213090,4,2025-12-14T19:12:17+00:00,residential,,,1,13376432087
15213093,2,2025-01-23T22:17:39+00:00,residential,,,1,12527845342
15213110,4,2025-01-22T15:24:34+00:00,track,,,1,12523044863
15213112,2,2024-05-08T15:30:18+00:00,residential,,,1,11889297910
15213203,4,2025-01-20T15:12:17+00:00,track,,,2,12518437169 12181365720
15213207,2,2026-08-19T15:56:46+00:00,residential,,,1,150389665
15213221,5,2025-01-20T17:00:52+00:00,service,,,5,12518652993 12518617319 12518617023 12518616989 12518579982
15213243,7,2026-03-27T16:19:29+00:00,unclassified,,,6,12733821901 12733817236 13685065240 12733817215 12733817218 12733817219
15213251,3,2024-01-29T18:44:52+00:00,residential,,,9,11565138393 11565138392 11565138391 11210263621 11565138390 11565138389 11565138388 11565138387 11565138386
15213269,4,2026-05-20T01:43:39+00:00,service,,,1,11907917215
15213275,4,2025-01-20T19:15:44+00:00,track,,,1,12518870871
15213280,3,2025-01-20T16:02:58+00:00,track,,,1,12518524224
15213312,4,2026-07-28T16:22:58+00:00,residential,,,1,10899978920
15213315,2,2024-05-08T15:30:18+00:00,residential,,,1,11889297913
15213401,3,2025-01-21T18:31:50+00:00,residential,,,1,11997563291
15213478,2,2024-06-20T18:47:19+00:00,residential,,,1,11997563289
15213514,5,2025-01-25T02:44:53+00:00,track,,,3,12530832714 12530832715 11051664718
15213533,9,2025-06-25T05:09:59+00:00,service,Butterfield Trail,,4,12513278015 12513278156 12513278623 12518580103
15213556,3,2025-01-25T18:02:06+00:00,track,,,1,12532175512
15213569,2,2026-09-15T14:28:45+00:00,residential,,,1,14183169670
15213572,2,2025-01-23T22:17:39+00:00,track,,,2,12527845240 12527845239
15213654,2,2024-12-28T01:17:20+00:00,track,,,1,12457497457
15213658,2,2024-12-28T01:17:20+00:00,track,,,1,12457497442
15213715,3,2025-01-26T00:29:01+00:00,track,,,2,12532962232 12532942388
15213719,2,2025-03-02T15:53:32+00:00,service,,,1,12630529171
15213730,2,2026-02-02T19:25:11+00:00,residential,,,1,13520208796
15213786,3,2024-08-19T17:09:43+00:00,track,,,3,12120690296 12120690332 12120690333
15213824,3,2025-08-25T22:59:05+00:00,track,,,3,13097269098 150396463 11839208741
15213849,3,2025-01-20T19:15:44+00:00,track,,,1,12518870870
15213872,3,2025-01-19T23:45:16+00:00,track,,,2,12517148589 11917358051
15213894,3,2025-10-08T15:06:55+00:00,track,,,9,13202979467 13202979466 13202979462 13202979463 13202979464 13202979382 13202979383 13202979381 13202979380
15213903,3,2024-11-06T17:36:28+00:00,service,,,2,11939953488 12319133194
15213908,2,2024-05-28T15:21:31+00:00,service,,,1,11939953489
15213930,7,2026-03-15T18:52:52+00:00,service,,,1,150391973
15213980,5,2025-01-25T02:44:53+00:00,track,,,3,10942064162 10942064235 12530832981
15213983,3,2025-01-31T03:45:50+00:00,service,,,1,12545649082
15214001,3,2026-07-07T22:26:39+00:00,residential,,,1,13996382378
15214029,2,2026-08-15T17:41:46+00:00,service,,,2,14097501236 14097501204
15214128,4,2026-07-20T19:18:36+00:00,residential,Stone Road,,1,14029436796
15214136,3,2025-10-21T19:06:46+00:00,residential,Stone Road,,1,13248573440
15214137,3,2026-08-31T16:59:21+00:00,residential,Ranch Road,,1,14137897584
15214177,4,2025-08-20T15:18:10+00:00,track,,,1,13084773237
15214191,4,2024-05-08T15:30:18+00:00,residential,Lobo Road,,1,11889294590
15214212,4,2025-08-25T22:59:05+00:00,residential,Foster Road,,1,150401396
15214217,10,2025-01-08T17:14:12+00:00,tertiary,Elcor-Toyah Road,,2,12484819906 12484819907
15214226,3,2025-08-26T19:32:28+00:00,track,Elcor-Toyah Road,,1,13098961939
15214229,4,2025-01-20T16:02:58+00:00,track,Guadalupe School Road,,1,12518524091
15214232,7,2026-01-16T22:44:52+00:00,residential,Ramona Road,,2,12521094360 12440059594
15214238,3,2025-01-26T21:19:12+00:00,residential,North County Road,,1,12534968317
15214246,4,2025-01-24T21:25:59+00:00,track,Two Flat Road,,1,12530206483
15214247,9,2026-03-17T05:37:10+00:00,track,Two Flat Road,,1,12534812854
15214257,5,2024-12-24T17:20:17+00:00,residential,Richard Keohn Road,,1,12449846712
15214260,4,2023-05-23T19:01:50+00:00,residential,Looney Spur Road,,1,10922315174
15214279,5,2025-12-28T19:50:31+00:00,residential,101 Road,CR 101,1,11874527816
15214287,2,2024-05-08T15:30:18+00:00,residential,Lobo Spur 1,,1,11889294653
15214289,11,2025-11-12T16:14:10+00:00,unclassified,Moon Road,,2,12630529251 13299918776
15214296,25,2026-01-18T18:46:02+00:00,primary,State Highway 54,TX 54,5,12524634972 12524634936 12524667406 12530249226 12518871049
15214298,2,2024-05-08T15:30:18+00:00,residential,Lobo Spur 2,,1,11889294652
15214303,4,2025-01-21T18:22:21+00:00,residential,Sunsites Road,,1,12521094359
15214316,9,2026-05-21T23:57:59+00:00,unclassified,Rustler Springs Road,,2,11907917150 13063946292
15214332,2,2024-05-08T15:30:18+00:00,residential,Lobo Spur 3,,1,11889297482
15214342,9,2026-04-12T07:49:22+00:00,residential,Gresham Road,,3,12484820134 11759270538 11759270551
15214349,5,2025-01-31T03:16:57+00:00,residential,Whitehead Road,,1,12545656862
15214354,6,2025-01-31T03:08:18+00:00,residential,Whitehead Road,,3,12529974649 12534113793 12545649634
15214416,5,2025-01-25T18:02:06+00:00,track,Hurds Draw Road,,1,12532175522
15214427,5,2025-01-31T03:08:18+00:00,service,Apache Road,,1,12339638344
15214445,10,2025-01-29T16:52:23+00:00,service,Apache Road,,7,12319070788 12339638365 12339638366 12476332745 12532961956 12476332744 12542221746
15214451,5,2026-08-15T17:41:46+00:00,track,Apache Road,,1,14097501245
15214462,5,2025-01-29T16:52:23+00:00,service,Apache Road,,1,12542221749
15214465,5,2025-01-29T16:52:23+00:00,service,Apache Road,,1,12542221723
15214472,3,2025-01-05T20:16:39+00:00,service,Apache Road,,2,12476332748 12476337916
15214488,4,2026-02-06T07:04:36+00:00,track,Whitehead Hq Road,,1,12784278638
15214513,5,2025-01-23T16:48:06+00:00,residential,Scott Crossing Road,,1,12526743386
15214515,5,2026-06-30T13:24:15+00:00,unclassified,Scott Crossing Road,,2,13977900264 12527845343
15214518,2,2026-02-02T19:25:11+00:00,residential,Seven Heart Pass,,1,13520208782
15214534,8,2026-06-24T15:57:32+00:00,residential,Brooks Pecos Road,,1,13962713758
15214544,4,2025-01-31T03:16:57+00:00,residential,Jay Capp Spur,,1,12545656830
15214570,4,2026-02-02T19:25:11+00:00,unclassified,Jones-Kent Road,,1,13520208781
15214614,6,2026-05-21T23:57:59+00:00,service,,,1,150407440
15214619,7,2026-05-21T06:05:32+00:00,unclassified,KC Road,,4,12733821984 13598987046 13598987027 11608793227
15214631,5,2025-12-14T19:12:17+00:00,residential,Dellahunt Road,,2,13376467843 13376467860
15214657,6,2025-10-21T19:06:46+00:00,residential,Roberto Road,,1,13248573512
15214716,5,2025-01-26T21:19:12+00:00,residential,Jay Capp Road,,2,12534968446 10922315175
15214718,4,2023-05-23T19:01:50+00:00,residential,Jay Capp Road,,1,10922311796
15214719,6,2025-01-26T21:19:12+00:00,residential,Smileys Road,,1,12534968168
15214733,5,2026-05-22T10:21:23+00:00,service,,,4,12146536499 12146536457 12146536456 12146536497
15214743,10,2026-07-07T22:19:50+00:00,unclassified,Chico Road,,5,12703564181 13181202337 12733803685 13996373675 13537133819
15214750,6,2025-01-26T21:19:12+00:00,residential,Weatherby Road,,2,12534968167 11989042311
15214790,3,2024-04-22T21:00:46+00:00,residential,Kent Road,,1,11839208742
15214819,4,2016-07-12T06:14:54+00:00,tertiary,Toyah Road,,1,150410075
15214821,3,2026-08-15T17:41:46+00:00,residential,X Ranch Road,,1,14097501214
15214829,3,2026-08-15T17:41:46+00:00,residential,Boracho Station,,1,14097501203
15214956,5,2026-04-18T13:25:44+00:00,residential,Old Junction Road,,3,13518363614 13739986513 13739986514
15214963,3,2024-12-31T16:25:57+00:00,residential,County Road 39,,1,12465602963
15215017,2,2026-04-14T17:05:39+00:00,track,,,1,150414676
15215023,3,2026-04-15T20:10:23+00:00,residential,,,4,12465602688 150414840 13733349970 13733349969
15215038,1,2007-12-04T08:41:11+00:00,residential,,,1,150415446
15215145,2,2026-02-02T01:04:55+00:00,residential,,,1,13518363625
15215170,2,2026-02-02T01:04:55+00:00,residential,,,5,150419495 13518363685 13518363689 13518363695 13518363697
15215251,2,2026-03-25T16:35:17+00:00,residential,,,2,13679295094 13679295074
15215262,2,2026-03-25T16:50:16+00:00,residential,,,1,13679528181
15215323,2,2026-04-14T17:05:39+00:00,residential,,,3,13730528875 13730528874 13730528870
15215337,2,2025-06-16T17:18:54+00:00,residential,,,1,150426502
15215376,2,2026-02-03T23:06:54+00:00,residential,,,1,13523014895
15215385,3,2026-02-02T01:04:55+00:00,residential,,,1,13518363630
15215395,2,2024-12-05T17:44:02+00:00,residential,,,1,150429506
15215398,2,2024-12-31T16:25:57+00:00,residential,,,1,12465602939
15215416,2,2026-02-23T02:01:50+00:00,residential,,,2,13591791112 13591791111
15215417,2,2026-02-23T02:01:50+00:00,residential,,,1,13591791110
15215420,2,2026-07-28T15:45:01+00:00,track,,,5,14056550357 14056550356 14056550355 14056550354 14056550664
15215486,2,2026-02-02T01:04:55+00:00,residential,,,1,13518363688
15215535,2,2026-02-23T02:01:50+00:00,service,,,1,13591791118
15215542,2,2024-12-31T16:25:57+00:00,residential,,,1,12465602772
15215561,2,2026-03-25T16:50:16+00:00,residential,,,1,13679528245
15215565,3,2026-04-15T20:10:23+00:00,residential,,,1,13733350438
15215594,2,2025-04-23T15:41:28+00:00,track,,,4,12778899478 12778899474 12778899354 12778899353
15215627,3,2026-03-25T16:35:17+00:00,track,,,1,13679295129
15215631,3,2026-02-03T23:06:54+00:00,service,,,2,13523014917 13523014912
15215644,2,2026-03-25T16:50:16+00:00,residential,,,1,13679528165
15215681,1,2007-12-04T09:11:58+00:00,residential,,,1,150441654
15215712,2,2026-07-28T15:45:01+00:00,residential,,,1,14056550361
15215717,2,2024-12-31T16:25:57+00:00,residential,,,1,150443175
15215722,2,2023-06-15T05:13:53+00:00,service,,,1,10978206202
15215732,2,2026-02-23T02:01:50+00:00,residential,,,1,13591791120
15215764,5,2020-10-18T22:49:27+00:00,cycleway,The Long Way Home Trail,,12,226520598 8019703872 226520699 150420466 150420462 8019703711 150420454 8019703719 8019703724 8019703726 8019703729 8019703731
15215765,1,2007-12-04T09:16:00+00:00,residential,,,1,150444926
15215780,4,2022-07-19T20:53:15+00:00,track,,,1,150445522
15215789,2,2026-02-03T23:06:54+00:00,residential,,,1,13523014638
15215855,2,2026-03-25T16:50:16+00:00,residential,,,2,13679528243 13679528246
15215864,3,2026-08-04T19:37:32+00:00,track,,,4,14056550034 14056550036 14056550065 14073478305
15215894,2,2026-03-25T16:50:16+00:00,residential,,,1,13679528248
15215900,3,2023-06-15T05:32:08+00:00,service,,,1,10978206122
15215902,2,2026-02-02T01:04:55+00:00,residential,,,5,13518363702 13518363698 150450761 13518363699 13518363684
15215935,2,2026-02-03T23:06:54+00:00,residential,,,1,13523014904
15215949,2,2026-02-03T23:06:54+00:00,residential,,,1,13523014898
15215952,4,2023-06-15T05:01:12+00:00,service,,,2,10978124473 150452765
15215962,2,2026-04-15T20:10:23+00:00,track,,,1,13733350093
15215969,3,2023-06-15T05:32:08+00:00,service,,,1,10978218359
15215976,2,2026-02-02T01:04:55+00:00,residential,,,2,13518363605 13518363603
15215992,2,2026-07-28T15:45:01+00:00,residential,,,1,14056550353
15216026,2,2026-03-25T16:50:16+00:00,residential,,,1,150455453
15216027,2,2026-02-03T23:06:54+00:00,residential,,,1,13523014911
15216029,2,2026-02-03T23:06:54+00:00,residential,,,2,13523014669 13523014668
15216034,4,2025-04-22T19:16:53+00:00,track,,,2,12776943043 12776943053
15216053,2,2026-02-23T02:01:50+00:00,residential,,,1,13591791121
15216065,3,2025-04-23T15:41:28+00:00,track,,,1,12778899480
15216111,10,2024-09-06T14:48:12+00:00,unclassified,Main Park Road,,2,8019703743 226520462
15216190,2,2025-04-21T22:05:47+00:00,track,,,1,12773149452
15216191,2,2026-02-02T01:04:55+00:00,residential,,,2,150462486 150462493
15216203,2,2025-04-21T22:05:47+00:00,track,,,4,12773149328 12773149362 12773149363 12773149333
15216239,2,2025-08-21T04:30:37+00:00,residential,County Road 380,,1,12465602943
15216267,5,2020-10-18T22:22:16+00:00,footway,Stuart Bat Cave Cut-off,,1,150465792
15216274,2,2025-04-21T22:05:47+00:00,track,,,5,12773149409 12773149451 12773149491 12773149558 12773149563
15216325,2,2026-02-02T01:04:55+00:00,service,,,1,13518363676
15216348,4,2023-06-15T04:21:56+00:00,service,,,1,10978124435
15216352,3,2023-06-15T02:50:55+00:00,service,,,1,10978040825
15216403,3,2026-03-25T16:35:17+00:00,track,,,4,150471093 13679295195 13679295196 150471144
15216415,1,2007-12-04T09:55:49+00:00,residential,,,1,150471474
15216418,2,2011-02-04T17:02:10+00:00,residential,,,1,152273536
15216420,5,2026-05-22T14:57:36+00:00,track,,,1,150471701
15216424,3,2023-06-15T03:13:09+00:00,service,,,1,10978056570
15216464,2,2026-03-25T16:50:16+00:00,residential,,,1,13679528048
15216466,2,2026-04-14T17:05:39+00:00,track,,,1,13730528726
15216471,2,2026-02-02T01:04:55+00:00,residential,,,4,13518363679 13518363680 13518363682 13518363683
15216476,2,2026-02-02T01:04:55+00:00,residential,,,1,13518363675
15216494,2,2026-04-15T20:10:23+00:00,track,,,3,13733350543 150474789 13733329555
15216499,2,2026-02-03T23:06:54+00:00,residential,,,1,13523014641
15216505,2,2024-12-31T16:25:57+00:00,residential,County Road 24,,1,150526753
15216520,2,2025-04-22T19:16:53+00:00,track,,,1,12776943294
15216540,2,2026-04-18T13:25:44+00:00,track,,,3,13739986544 13739986543 13739986542
15216555,5,2026-03-25T16:35:17+00:00,residential,,,1,13679295343
15216558,2,2023-06-15T05:13:53+00:00,service,,,3,10978206170 10978206123 10978160201
15216583,2,2026-02-02T01:04:55+00:00,residential,,,1,13518363677
15216593,1,2007-12-04T10:04:28+00:00,residential,,,1,150478792
15216595,2,2026-02-23T02:01:50+00:00,residential,,,2,13591791114 13591791115
15216596,2,2026-02-23T02:01:50+00:00,residential,,,1,13591791113
15216660,2,2026-02-02T01:04:55+00:00,residential,,,1,13518363635
15216662,2,2026-03-25T15:39:40+00:00,residential,,,1,13679194426
15216678,2,2023-06-15T02:50:55+00:00,service,,,1,10978040818
15216777,2,2026-02-23T02:01:50+00:00,service,,,2,13591791108 13591791109
15216808,2,2026-02-02T01:04:55+00:00,residential,,,2,13518337770 13518337777
15216824,2,2026-04-15T20:10:23+00:00,residential,,,5,13733350479 13733350478 13733350477 13733350476 13733350439
15216838,3,2026-04-15T20:10:23+00:00,residential,,,6,13733350264 13733350263 13733350262 13733350245 13733350202 150488228
15216932,2,2024-12-31T16:25:57+00:00,residential,,,2,150491153 12465602941
15217014,3,2026-04-18T13:25:44+00:00,residential,,,2,13518363615 13739986511
15217074,2,2026-02-23T02:01:50+00:00,residential,,,1,13591791117
15217102,2,2026-02-03T23:06:54+00:00,residential,,,1,13523014901
15217140,3,2026-03-25T16:35:17+00:00,residential,,,1,13679295362
15217179,2,2026-04-15T20:10:23+00:00,residential,,,1,13733350542
15217206,2,2026-02-02T01:04:55+00:00,residential,,,2,13518363703 13518363708
15217223,3,2026-08-04T19:37:32+00:00,track,,,6,14056551199 14056551123 14056551124 14056551125 14056551126 14056551127
15217227,2,2025-04-23T15:41:28+00:00,track,,,2,12778899208 12778899344
15217236,2,2025-04-23T15:41:28+00:00,track,,,1,12778899580
15217253,3,2023-06-15T04:21:56+00:00,service,,,1,10978124481
15217265,2,2025-04-23T15:41:28+00:00,track,,,1,12778899252
15217292,2,2026-04-15T20:10:23+00:00,residential,,,1,13733350389
15217296,3,2026-04-15T20:10:23+00:00,residential,,,2,13733349968 12465602729
15217332,2,2026-07-28T15:56:51+00:00,residential,,,2,14056574577 14056575933
15217424,2,2026-02-23T02:01:50+00:00,residential,,,4,13591791106 13591791160 13591791159 13591791161
15217426,2,2026-07-28T15:45:01+00:00,residential,,,3,14056550360 14056550359 150505972
15217483,4,2026-08-04T19:37:32+00:00,residential,,,2,14056550035 14056576050
15217488,3,2026-08-04T19:37:32+00:00,residential,,,4,14056551183 14056550716 14056550612 14056550550
15217587,2,2026-02-03T23:06:54+00:00,residential,,,1,13523014888
15217604,2,2026-02-03T23:06:54+00:00,residential,,,1,13523014907
15217608,2,2026-02-02T01:04:55+00:00,residential,,,1,13518363681
15217724,2,2026-04-18T13:25:44+00:00,residential,,,1,13739986515
15217755,2,2026-02-02T01:04:55+00:00,residential,,,1,13518337798
15217980,2,2024-12-31T16:25:57+00:00,residential,,,1,12465602827
15218121,4,2025-04-21T22:05:47+00:00,unclassified,Hackberry Road,,1,150521009
15218133,3,2026-08-04T19:37:32+00:00,residential,County Road 16,,5,14056550352 14056550351 14056550350 14056550349 14056550348
15218161,2,2026-02-02T01:04:55+00:00,residential,Ranch Road 2630,,1,13518363608
15218201,13,2026-03-25T16:50:16+00:00,secondary,Ranch to Market Road 2523,RM 2523,3,13679528064 13679528077 13679528122
15218210,4,2026-02-03T23:06:54+00:00,residential,Cedar Creek Road,,1,13523014923
15218225,5,2026-03-25T15:39:40+00:00,residential,Cedar Creek Road,,3,12465602685 12465602686 12465602687
15218238,3,2024-12-31T16:25:57+00:00,residential,County Road 24,,1,12465602826
15218258,2,2026-03-25T16:50:16+00:00,residential,County Road 26A,,3,13679528166 13679528164 13679528163
15218260,2,2026-04-14T17:05:39+00:00,residential,County Road 27,,7,13730528876 13730528749 13730528719 13730528720 13730528721 13730528722 13730528723
15218265,2,2026-03-25T16:50:16+00:00,residential,County Road 26B,,1,13679528180
15218288,3,2025-08-21T04:30:37+00:00,residential,County Road 390,,2,13084760098 13084789704
15218298,3,2024-12-31T16:25:57+00:00,residential,Cardells,,1,12465602968
15227839,1,2007-12-04T20:31:54+00:00,residential,,,1,150713359
15228441,2,2025-12-14T21:48:36+00:00,residential,,,1,13376750200
15229307,2,2024-04-30T02:12:51+00:00,residential,,,1,11867791861
15232863,4,2024-04-30T01:36:57+00:00,unclassified,Rocky Creek Road,,1,11867707055
15233188,4,2024-04-30T01:36:57+00:00,residential,Sand Rock Road,,1,11867707111
15233257,2,2021-06-13T01:23:41+00:00,service,,,1,8828716312
15233464,4,2017-02-07T21:47:05+00:00,service,,,1,4673224377
15235006,6,2025-01-09T13:03:32+00:00,residential,South Weyand Road,,1,11918022779
15235089,4,2025-02-07T18:56:30+00:00,track,,,1,12566140425
15236305,3,2024-05-19T15:39:07+00:00,residential,Schmidt Road,,1,11918022778
15237092,3,2026-02-24T19:59:46+00:00,residential,Demel Road,,1,13596416893
15245694,3,2024-06-19T13:07:17+00:00,residential,Nixon Cemetery Road,,1,11992042911
15245762,2,2026-04-24T18:19:21+00:00,service,,,1,13759212947
15245816,3,2026-04-16T20:25:41+00:00,residential,,,1,13735794696
15245827,3,2026-04-23T17:48:38+00:00,residential,,,1,13735057053
15245977,2,2025-11-24T16:08:57+00:00,track,,,1,13328488555
15246033,2,2024-10-03T16:56:37+00:00,service,,,1,12219071729
15246099,4,2026-04-23T17:48:38+00:00,service,,,1,13755741694
15246160,2,2025-10-22T15:03:13+00:00,track,,,1,13250071644
15246260,2,2025-05-19T14:45:41+00:00,track,,,1,12849104632
15246269,2,2024-10-06T19:23:11+00:00,service,,,1,12230287182
15246300,2,2026-02-14T20:12:51+00:00,residential,,,1,13565052520
15246407,2,2026-04-16T20:25:41+00:00,service,,,1,13735793590
15246441,2,2023-01-30T03:13:30+00:00,service,,,1,10593197701
15246566,4,2025-05-15T00:30:34+00:00,service,,,1,10593203993
15246669,4,2026-04-16T16:05:56+00:00,residential,,,1,13735073588
15246672,2,2026-02-14T20:12:51+00:00,service,,,1,13565053172
15246768,2,2026-03-01T15:15:20+00:00,service,,,1,13609557493
15246862,2,2026-04-16T15:54:29+00:00,track,,,1,13735056949
15246961,2,2024-05-13T20:16:47+00:00,service,,,1,11902070198
15247037,2,2026-04-23T20:37:21+00:00,service,,,1,13756613861
15247198,2,2024-06-19T13:07:17+00:00,track,,,1,11992042928
15247244,2,2026-04-20T16:14:28+00:00,track,,,1,13746029853
15247262,2,2026-04-16T15:54:29+00:00,track,,,2,13735056776 13735056740
15247299,2,2025-10-22T15:03:13+00:00,track,,,1,13250071505
15247302,3,2025-10-22T15:03:13+00:00,track,,,1,13250071778
15247402,2,2018-11-30T04:22:42+00:00,residential,,,1,151055601
15247663,2,2026-02-14T20:12:51+00:00,residential,,,1,13565052795
15247736,5,2025-05-15T19:52:32+00:00,track,,,1,12840665843
15247805,4,2026-04-16T21:27:08+00:00,residential,,,1,13735897949
15247923,3,2025-10-22T15:03:13+00:00,track,,,1,13250071616
15248048,3,2025-05-18T18:56:05+00:00,service,,,1,10593187415
15248180,2,2024-10-03T16:56:37+00:00,service,,,1,12219071632
15248394,2,2026-04-20T16:14:28+00:00,track,,,1,13746030253
15248512,3,2024-10-08T16:48:35+00:00,service,,,1,12235919750
15248605,2,2026-04-16T15:54:29+00:00,residential,,,1,13735056580
15248618,3,2026-04-24T18:19:21+00:00,track,,,1,13759212864
15249328,4,2023-02-01T21:56:03+00:00,residential,Koennecke-Eckhardt Road,,1,10600020609
15249447,5,2026-04-23T20:37:21+00:00,residential,Crenwelge Road,,1,13756613900
15250235,4,2024-10-06T19:23:11+00:00,residential,Land Ranch Road,,1,12230287223
15250353,6,2026-03-12T09:45:30+00:00,track,Wilhelm Road,,1,7103667475
15250404,3,2026-04-23T20:37:21+00:00,residential,Nixon Creek Road,,1,13756613862
15250914,4,2026-04-16T20:48:26+00:00,residential,Lochte Road,,1,13735799385
15250974,4,2026-04-16T15:54:29+00:00,residential,Woerner Road,,1,13735056781
15251041,4,2024-10-03T16:56:37+00:00,residential,Bennett Ranch Road,,1,12219071685
15251155,4,2023-01-30T03:13:30+00:00,residential,Pump Station Road,,1,10593197703
15251156,4,2026-09-12T14:08:59+00:00,service,,,1,12219254017
15251254,2,2024-06-16T14:50:04+00:00,service,,,1,11985587138
15251594,3,2026-04-16T15:54:29+00:00,residential,Becker Road,,1,13735056780
15251600,4,2026-02-14T20:12:51+00:00,residential,Highland Drive,,1,13565052748
15251610,3,2023-01-30T03:13:30+00:00,service,Schnerr Lane,,1,10593203971
15251822,3,2026-04-23T17:48:38+00:00,residential,Wendel Road,,1,13755741649
15253068,3,2024-10-03T13:45:17+00:00,track,,,1,12218771911
15253910,5,2024-06-18T21:18:31+00:00,track,,,1,11990957202
15254110,7,2025-10-23T19:40:53+00:00,track,,,1,13252933934
15254442,4,2024-12-24T14:20:43+00:00,residential,Cummins Road,,1,12449614509
15254457,4,2025-03-16T23:36:25+00:00,unclassified,Batey Road,,1,12670962680
15254521,17,2022-04-28T01:13:49+00:00,unclassified,Laubach Road,,1,151143222
15254646,4,2020-06-15T07:13:31+00:00,residential,Hassouk Lane,,1,1974379410
15254727,7,2020-08-04T03:57:27+00:00,residential,Deer Ridge,,1,151146953
15254931,8,2024-10-05T02:16:38+00:00,residential,Joye Lane,,2,12223607325 12223607324
15255002,3,2024-10-13T22:29:03+00:00,residential,Coyote Trail,,1,12249196877
15255026,7,2016-05-23T13:37:57+00:00,residential,Boyd Road,,2,4195812906 151151661
15255245,14,2024-12-24T00:29:12+00:00,unclassified,Smith Falor Road,,1,12446046711
15255426,5,2016-05-10T10:40:05+00:00,track,Swallows Lane,,4,151159896 151159871 151159823 4161780578
15255467,33,2024-12-24T01:05:19+00:00,unclassified,Jakes Colony Road,,2,12446088493 12446088522
15255540,42,2024-12-24T01:05:19+00:00,unclassified,Mesquite Pass,,4,12446088496 12446088337 12446088451 12446088523
15255732,12,2022-04-26T19:42:25+00:00,residential,Willmann Road,,1,151166142
15255787,7,2022-04-28T01:13:49+00:00,unclassified,Emmons Road,,1,151166957
15255891,16,2025-11-13T08:43:47+00:00,unclassified,Westmeyer Road,,1,151168466
15256129,12,2026-02-21T23:55:41+00:00,residential,Blue Stem Road,,1,13588598415
15256294,5,2024-12-24T01:05:19+00:00,residential,Uncle Dicks Road,,1,12446088448
15256359,4,2018-11-14T20:47:24+00:00,residential,Cordova Loop,,1,1998703071
15256494,4,2012-11-09T13:50:53+00:00,track,,,1,2004499032
15256529,23,2024-10-04T21:49:47+00:00,unclassified,Nockenut Road,,1,12223093631
15256565,9,2024-12-24T00:29:12+00:00,unclassified,Sweet Home Road,,1,12446046706
15256999,7,2024-06-17T12:37:20+00:00,residential,Annies Lane,,2,11987508796 11987508703
15257082,5,2020-09-29T04:08:35+00:00,residential,Engler Dairy Road,,2,151184059 151184074
15257096,35,2024-10-03T22:46:14+00:00,unclassified,Altwein Lane,,1,2023233618
15257123,9,2022-04-28T01:13:51+00:00,track,Hardy Road,,1,2023227153
15257132,11,2024-12-24T00:29:12+00:00,unclassified,Olmos Road,,1,12446038294
15257216,18,2025-07-20T22:22:00+00:00,unclassified,Saengerhalle Road,,1,5150790060
15257367,9,2021-05-19T13:51:26+00:00,service,Ridge Drive,,1,151188204
15257381,14,2024-12-24T01:05:19+00:00,unclassified,Land Ranch Road,,1,12446088369
15257555,49,2024-12-24T01:05:19+00:00,unclassified,Good Luck Road,,2,12446088449 12446088495
15257749,2,2024-12-24T01:05:19+00:00,residential,Tumbleweed,,1,12446088368
15257771,11,2022-04-28T01:13:51+00:00,unclassified,Red Road,,1,151192919
15257988,28,2021-07-16T13:37:27+00:00,residential,Hickory Forrest Drive,,1,151148847
15258133,28,2026-01-20T13:34:00+00:00,unclassified,Dreibrodt Road,,1,151197893
15258205,7,2020-06-25T02:51:17+00:00,residential,Sandstone Lane,,1,4144245777
15258334,4,2024-12-24T01:05:19+00:00,service,Wilcox Road,,1,12446088301
15258428,5,2024-10-13T22:29:03+00:00,unclassified,County Road 409,,2,12249196873 12249196874
15260245,6,2024-08-11T16:44:11+00:00,residential,Long X Ranch Road,,3,12104558819 12104558546 12104558556
15260396,7,2026-06-30T15:43:55+00:00,residential,Limpia Creek Road,,1,13978187067
15260401,3,2023-03-25T16:06:04+00:00,residential,Limpia Creek Road,,1,10761407690
15260439,3,2024-08-11T16:44:11+00:00,service,,,2,12104558788 5877178598
15260445,3,2026-07-23T17:23:53+00:00,track,,,1,14042019028
15260470,3,2025-03-31T21:13:41+00:00,track,,,2,12717125717 12717119743
15260484,3,2025-01-26T16:09:59+00:00,track,,,1,12534229285
15260494,12,2023-08-19T14:47:30+00:00,service,48 Tank Loop,,5,10945224892 10945255135 5732659654 151242423 10899414106
15260499,3,2024-11-27T00:54:57+00:00,track,,,1,12377452953
15260502,8,2023-06-01T16:36:13+00:00,residential,Boy Scout Road,,1,10944425628
15260538,4,2021-10-21T01:48:32+00:00,track,,,1,9188735611
15260577,3,2025-01-25T18:02:06+00:00,track,,,1,12532175344
15260622,3,2025-02-02T19:46:53+00:00,track,,,1,12552152922
15260648,4,2024-12-22T01:47:04+00:00,track,,,1,12440274829
15260677,2,2020-05-09T03:35:15+00:00,track,,,1,151244755
15260685,5,2024-02-12T20:30:31+00:00,track,,,2,10761407560 11616281351
15260691,3,2024-12-25T20:29:56+00:00,track,,,1,12451715174
15260694,3,2023-05-15T13:29:24+00:00,track,,,1,10899414109
15260705,4,2024-12-23T17:13:05+00:00,track,,,2,12104558757 12444721495
15260711,3,2024-06-11T06:56:13+00:00,track,,,1,151245513
15260720,4,2024-12-25T20:29:56+00:00,track,,,3,12451705567 12451715145 12451715146
15260746,4,2024-12-25T20:29:56+00:00,track,,,1,12451715162
15260762,11,2024-08-12T00:20:45+00:00,track,Tobe Gap Road,,6,5732608218 10945255552 5732628637 10945255569 151245986 12105324961
15260775,3,2023-03-25T16:06:04+00:00,track,,,1,10761407370
15260803,3,2026-08-04T16:08:51+00:00,track,,,3,12534229051 12534228989 14073087586
15260837,9,2023-08-20T15:22:58+00:00,track,Cherry Canyon Road,,11,11132211824 11132211830 5732582923 11132211847 151247062 151247069 11132211871 11132237306 5732582890 151247092 11132237329
15260855,2,2024-05-02T15:48:10+00:00,track,,,9,11874401184 11874395653 11874395652 11874395651 11874395650 11874395649 11874395648 11874395647 11874395646
15260865,3,2024-08-11T16:44:11+00:00,track,,,1,12104558771
15260883,3,2025-10-05T20:04:46+00:00,track,,,5,12695790044 151247800 12695790043 12695790042 13196444567
15260907,4,2024-06-17T18:56:32+00:00,track,,,10,11988189669 11988189617 11988189615 11988189614 11988189613 11988189755 11988189802 11988189801 11988189918 11805423706
15260925,3,2024-06-17T18:56:32+00:00,track,,,1,11988189916
15260952,3,2025-03-31T21:13:41+00:00,track,,,1,12717125726
15260953,4,2025-07-03T18:32:20+00:00,track,,,1,12974498278
15260971,4,2025-10-01T15:16:40+00:00,track,,,2,12053166882 13186215924
15260992,4,2024-11-27T00:54:57+00:00,track,,,2,11739600146 12377452930
15261008,4,2021-07-12T06:29:27+00:00,service,,,4,8870964595 8870964594 8870964592 8870964593
15261049,3,2025-08-14T21:34:30+00:00,track,,,8,13071590121 13071590125 13071590166 13071590167 13071590168 13071590169 13071590288 13071590289
15261068,3,2025-03-02T15:53:32+00:00,track,,,1,12618639921
15261078,3,2025-07-03T18:32:20+00:00,service,,,2,151250718 9984238103
15261123,4,2024-12-28T01:45:25+00:00,track,,,3,12457496802 12457566269 12457497029
15261137,4,2021-07-12T06:29:27+00:00,service,,,1,8870964591
15261150,3,2026-07-23T17:23:53+00:00,track,,,4,14042019027 14042019026 14042019025 14042019024
15261247,9,2026-08-18T22:01:39+00:00,track,Brown Mountain Road,,1,12529539484
15261254,8,2025-04-27T14:47:37+00:00,track,,,1,12791738718
15261276,3,2023-06-01T16:36:13+00:00,track,,,1,10944425639
15261283,6,2024-12-24T15:28:20+00:00,track,,,2,12104558756 12104558809
15261309,4,2024-06-27T23:35:01+00:00,track,,,2,11608890796 11971401002
15261347,3,2023-05-23T17:00:14+00:00,residential,,,2,10922143732 10922152729
15261355,4,2024-02-27T23:07:43+00:00,track,,,2,11670360617 11670360616
15261403,5,2024-12-23T01:42:18+00:00,track,,,5,12442658684 12442658668 12442658669 12442658670 12442658687
15261414,4,2024-12-22T01:47:04+00:00,track,,,1,12440274848
15261438,1,2007-12-05T21:44:04+00:00,track,,,1,151255718
15261458,4,2025-01-25T18:02:06+00:00,track,,,1,12532175473
15261475,6,2026-07-23T17:23:53+00:00,track,,,2,14042018972 11101909020
15261489,4,2024-02-22T21:59:20+00:00,track,,,2,11654677733 11654677761
15261510,3,2024-04-09T17:33:02+00:00,track,,,2,11805423787 11805424332
15261515,4,2025-01-26T16:09:59+00:00,track,,,1,11101909019
15261575,3,2024-12-28T01:45:25+00:00,track,,,2,12457566145 12457566133
15261597,4,2024-12-28T01:45:25+00:00,track,,,4,12457566138 11608929360 11608929359 11608929358
15261633,2,2022-09-16T20:15:21+00:00,residential,,,1,10030353546
15261653,2,2020-05-09T03:35:15+00:00,track,,,1,151258405
15261661,4,2024-08-11T16:44:11+00:00,track,,,1,12104558807
15261715,6,2026-02-09T09:43:20+00:00,track,,,13,13076773408 13076773409 13076745879 13076773411 13076743676 13076743677 13076743679 13076743680 13076743678 13076743681 13076743682 13076743658 10761407526
15261730,3,2026-09-18T22:52:51+00:00,track,,,1,14195598457
15261767,3,2024-02-22T21:51:12+00:00,track,,,1,11654666328
15261771,3,2025-04-25T15:23:26+00:00,track,,,1,12786291998
15261809,5,2025-09-23T19:26:20+00:00,residential,,,2,151260148 13165892265
15261829,3,2023-05-23T17:00:14+00:00,residential,,,2,10922152734 10922152733
15261841,3,2024-11-27T00:54:57+00:00,track,,,1,12377453141
15261861,9,2025-06-28T10:32:38+00:00,track,,,6,151260852 12442658685 11608890788 11608890790 11608890789 11608890786
15261945,2,2025-04-27T14:47:37+00:00,track,,,1,151262026
15262020,4,2025-01-26T16:09:59+00:00,track,,,1,11101884217
15262062,3,2025-08-17T22:55:33+00:00,track,,,1,13076773410
15262087,3,2024-04-09T17:33:02+00:00,track,,,1,11805419238
15262122,3,2024-08-11T16:44:11+00:00,track,,,1,12104549965
15262206,5,2024-12-21T15:56:37+00:00,track,,,3,11608890787 12438831669 12438831647
15262226,3,2025-03-31T21:17:24+00:00,track,,,2,12717124295 12717128046
15262268,3,2026-07-20T15:47:24+00:00,track,,,1,14029010365
15262319,5,2024-12-22T01:47:04+00:00,track,,,1,11889297909
15262351,3,2024-02-22T21:59:20+00:00,track,,,6,11654677757 11654677758 11654677759 11654677760 151266769 11654677756
15262399,2,2023-08-03T19:27:22+00:00,track,,,2,11086799840 11086799841
15262400,3,2024-03-17T20:10:44+00:00,track,,,1,11739600153
15262403,3,2024-03-17T20:10:44+00:00,track,,,1,11739600154
15262428,5,2025-07-10T01:47:35+00:00,track,,,3,12990949608 12990949642 12990949610
15262429,3,2025-03-20T22:11:56+00:00,track,,,1,12685838976
15262457,4,2026-06-02T15:46:39+00:00,track,,,1,13904914529
15262470,5,2024-08-11T16:44:11+00:00,track,,,2,11654666327 12104558821
15262477,3,2026-06-02T15:46:39+00:00,track,,,1,13904914528
15262483,4,2023-06-01T16:36:13+00:00,track,,,1,10944425638
15262497,5,2025-06-24T17:56:56+00:00,track,,,4,11086174393 11086174394 11086174395 11086186134
15262539,3,2025-03-31T21:17:24+00:00,track,,,1,12717128071
15262621,3,2026-08-04T16:08:51+00:00,track,,,1,14073087587
15262679,3,2024-12-25T20:23:19+00:00,track,,,1,12451705585
15262688,3,2024-12-25T20:23:19+00:00,track,,,1,12451705582
15262691,3,2024-12-22T01:47:04+00:00,residential,,,1,11889309431
15262704,2,2024-02-22T21:59:20+00:00,track,,,1,11654677642
15262732,3,2024-03-09T03:19:05+00:00,track,,,8,11707383864 11707383863 11707383862 11707383861 11707383860 11707383859 11707383858 11707383857
15262799,3,2024-12-28T01:17:20+00:00,track,,,2,12457497031 151272118
15262809,3,2026-08-25T18:13:49+00:00,track,,,3,14123378055 14123378056 14123378057
15262830,3,2025-08-25T22:31:23+00:00,residential,,,1,10922143739
15262831,4,2024-08-11T16:44:11+00:00,track,,,2,12104558790 12015419116
15262860,3,2026-01-20T23:01:02+00:00,track,,,4,13472328241 13472328242 13472328243 13472328244
15262908,4,2026-02-09T09:43:20+00:00,track,,,2,13076745880 13076745895
15262966,4,2024-06-10T17:47:10+00:00,track,,,1,11608890793
15262973,3,2025-07-28T16:51:12+00:00,track,,,1,13031956031
15262978,5,2025-06-07T19:02:31+00:00,track,,,1,12372684844
15263008,3,2024-02-22T21:59:20+00:00,track,,,13,11654677643 11654677644 11654677645 11654677646 11654677647 11654677771 11654677772 11654677773 11654677774 11654677775 11654677776 11654677777 11654677770
15263014,8,2025-06-24T17:56:56+00:00,track,,,12,12884020604 12883989356 12883989357 12884020605 12884020606 12884020607 12884020608 12884020609 12884020610 12884020611 11976433045 12884020612
15263031,3,2025-08-20T18:38:24+00:00,track,,,1,13085079544
15263052,4,2024-06-11T06:56:13+00:00,track,,,1,10899414111
15263061,2,2022-08-28T22:31:02+00:00,residential,,,1,9984199788
15263097,3,2023-05-15T13:29:24+00:00,track,,,1,10899414113
15263101,3,2024-03-09T03:19:05+00:00,track,,,1,11707046839
15263154,4,2026-08-07T18:53:28+00:00,track,,,4,11739599980 11739599968 14079124546 14079124554
15263352,4,2025-07-28T16:51:12+00:00,track,,,1,13031956076
15263380,3,2023-07-16T13:03:31+00:00,residential,,,1,11049371095
15263408,4,2025-09-23T19:26:20+00:00,residential,,,6,13165892394 151277462 13165892435 13165892266 11049371253 11049371254
15263426,4,2025-09-30T17:26:29+00:00,track,,,1,13184520079
15263433,4,2024-03-17T20:10:44+00:00,track,,,1,11739600144
15263439,3,2024-12-28T01:45:25+00:00,track,,,2,12457566288 12457496955
15263462,2,2023-03-25T16:06:04+00:00,track,,,1,10761407341
15263494,3,2025-08-20T18:38:24+00:00,track,,,1,13085079560
15263498,3,2025-07-28T16:51:12+00:00,track,,,1,13031956074
15263510,3,2026-08-11T17:20:39+00:00,track,,,1,14088118032
15263516,3,2024-03-09T03:19:05+00:00,track,,,2,11707046854 11707046835
15263521,3,2025-07-28T16:51:12+00:00,track,,,2,13031956075 13031956030
15263528,3,2025-07-28T16:51:12+00:00,track,,,1,13031956029
15263588,3,2025-01-26T16:09:59+00:00,track,,,1,12534229074
15263658,5,2024-12-21T15:56:37+00:00,track,,,3,151280605 12438814824 12438831631
15263664,3,2025-08-20T18:38:24+00:00,track,,,1,13085079543
15263711,5,2024-12-27T18:56:10+00:00,track,,,7,12456431510 151280877 11555193784 11555193783 151280926 11555193781 11086186125
15263741,3,2024-03-17T20:10:44+00:00,track,,,2,11739600049 11739600076
15263749,9,2024-12-22T17:42:04+00:00,track,,,2,11608890794 12441963808
15263755,3,2024-03-17T20:10:44+00:00,track,,,1,11739579561
15263791,3,2024-03-09T03:19:05+00:00,track,,,6,151282082 151282095 11707383868 11707383867 11707383866 11707383865
15263796,4,2023-07-16T13:03:31+00:00,track,,,4,11049371252 151282127 11049371250 11049371249
15263818,4,2026-09-15T14:28:45+00:00,residential,,,2,14183169676 14183169631
15263830,4,2026-08-11T17:20:39+00:00,track,,,2,14088118035 14088118031
15263834,3,2026-06-30T15:43:55+00:00,track,,,1,13978187051
15263856,4,2025-08-21T15:14:01+00:00,track,,,3,13087110926 13087110947 13087110972
15263860,3,2024-03-17T20:10:44+00:00,track,,,1,11739600145
15263903,3,2025-08-25T22:31:23+00:00,residential,,,1,13097265468
15263970,2,2024-09-01T02:16:38+00:00,residential,,,2,12148860570 12148860785
15263974,3,2025-08-14T17:07:56+00:00,service,,,1,9984199789
15263992,2,2024-12-28T01:17:20+00:00,track,,,1,12457496956
15264002,6,2024-12-23T19:23:09+00:00,track,,,5,11608890791 12438814831 12438814830 11608890792 12445006139
15264031,4,2024-06-27T18:01:54+00:00,track,,,1,151284642
15264038,3,2025-10-08T15:10:42+00:00,track,,,1,13202984705
15264052,3,2024-03-09T03:19:05+00:00,track,,,1,11707046833
15264193,4,2024-12-21T15:56:37+00:00,track,,,1,12438814825
15264233,3,2026-07-23T17:23:53+00:00,track,,,1,14042019087
15264238,3,2024-09-24T16:02:22+00:00,track,,,1,12197353037
15264242,3,2023-03-25T16:06:04+00:00,track,,,1,10761407320
15264248,3,2023-03-25T16:06:04+00:00,track,,,1,10761407693
15264249,4,2023-03-25T16:06:04+00:00,track,,,1,10761407692
15264282,3,2024-12-03T22:25:47+00:00,track,,,2,11086186126 11086186127
15264301,4,2024-09-24T16:02:22+00:00,track,,,3,12197353050 12197353036 12197353035
15264312,3,2023-05-15T13:29:24+00:00,track,,,1,10899414102
15264378,3,2024-03-17T20:10:44+00:00,track,,,1,11739600048
15264399,3,2023-08-03T19:27:22+00:00,track,,,1,11086799986
15264419,4,2024-08-11T16:44:11+00:00,track,,,1,151288126
15264502,4,2024-09-24T16:02:22+00:00,track,,,1,12197353017
15264530,3,2024-06-17T18:56:32+00:00,track,,,1,11988189915
15264533,3,2024-06-17T18:56:32+00:00,track,,,1,11988189616
15264555,3,2024-03-17T20:10:44+00:00,track,,,8,11739600142 11739600066 151289104 11739600148 11739600149 11739600150 11739600151 11739600152
15264569,4,2024-08-11T16:44:11+00:00,track,,,1,12104558820
15264576,3,2024-05-02T15:48:10+00:00,track,,,1,11874401143
15264611,3,2024-03-09T03:19:05+00:00,track,,,1,11707046834
15264620,2,2024-05-08T15:30:18+00:00,residential,,,1,11889297836
15264631,3,2025-10-05T20:04:46+00:00,track,,,1,13196444560
15264689,4,2024-12-27T18:56:10+00:00,track,,,6,11174814193 12456431460 12456431454 12456431446 12456431407 12456431406
15264785,4,2023-05-23T17:00:14+00:00,residential,,,1,10922137776
15264851,3,2025-02-25T16:58:07+00:00,track,,,1,12618640014
15264879,2,2025-08-14T17:07:56+00:00,residential,,,1,151292423
15264916,3,2024-01-26T22:09:09+00:00,track,,,1,11555193785
15264924,5,2024-06-27T23:35:01+00:00,track,,,1,11608890800
15265059,5,2026-06-02T15:54:57+00:00,track,,,2,13904998260 12104558564
15265080,3,2024-05-08T15:37:08+00:00,residential,,,1,11889290344
15265133,3,2025-10-22T19:11:14+00:00,track,,,3,13250537426 13250537425 13250537474
15265154,3,2025-10-22T19:11:14+00:00,track,,,1,13250537424
15265171,4,2022-08-28T23:05:32+00:00,track,,,1,9984260361
15265188,4,2024-12-25T20:23:19+00:00,track,,,1,12451705570
15265208,3,2024-06-27T23:35:01+00:00,track,,,2,12015956192 151295573
15265221,3,2026-08-04T16:08:51+00:00,track,,,1,14073087679
15265234,3,2025-01-25T18:02:06+00:00,track,,,3,12532175315 12532175413 12532175412
15265240,3,2025-01-25T18:02:06+00:00,track,,,1,12532160885
15265298,3,2023-03-25T16:06:04+00:00,track,,,1,10761407691
15265360,5,2025-08-14T17:07:56+00:00,track,,,1,151296834
15265406,3,2024-08-24T17:17:21+00:00,track,,,2,12134227712 151297260
15265482,5,2025-06-24T17:56:56+00:00,track,,,1,11608890799
15265486,3,2023-03-25T16:06:04+00:00,track,,,1,10761407689
15265515,3,2024-08-11T16:44:11+00:00,track,,,1,12104558808
15265524,3,2025-01-25T18:02:06+00:00,track,,,2,12532175358 12532175387
15265537,3,2025-01-26T16:16:33+00:00,track,,,1,12534245522
15265578,5,2024-06-11T06:56:13+00:00,track,,,5,11086106083 11086106086 11086106085 11086106084 11086174387
15265581,4,2024-06-11T06:56:13+00:00,track,,,1,11086174388
15265608,2,2023-03-25T16:12:26+00:00,track,,,1,10761437394
15265717,12,2023-06-04T00:27:25+00:00,service,Madera Canyon Road,,5,10945255214 10899414108 151300255 10899414104 10899414103
15265741,3,2025-04-27T14:47:37+00:00,track,,,1,12791738738
15265759,3,2023-09-07T15:02:05+00:00,track,,,1,11174814192
15265796,3,2025-10-05T20:04:46+00:00,track,,,4,151300958 151300971 13196444547 13196444509
15265802,3,2025-10-05T20:04:46+00:00,track,,,1,13196444546
15265824,3,2024-12-27T17:11:40+00:00,track,,,1,12456285488
15265832,5,2026-03-27T17:04:11+00:00,track,,,2,13685145944 13250537490
15265835,4,2025-01-26T16:16:33+00:00,track,,,1,12534245622
15265875,3,2025-10-22T19:11:14+00:00,track,,,3,13250520381 13250520380 13250520398
15265881,3,2024-12-23T17:02:00+00:00,track,,,1,12444699951
15265965,3,2024-08-24T17:17:21+00:00,track,,,3,12134227762 12134227714 12134227713
15266012,5,2025-08-14T21:34:30+00:00,track,,,3,13071590240 13071590278 13071590279
15266017,3,2025-08-14T21:34:30+00:00,track,,,1,13071590277
15266029,4,2025-03-14T15:09:56+00:00,track,,,2,12662926999 12104558810
15266051,3,2023-06-01T16:36:13+00:00,track,,,1,10944425640
15266097,3,2023-08-03T19:27:22+00:00,track,,,7,11086800042 11086800000 11086799947 11086799888 11086799889 11086799890 11086799891
15266178,5,2026-03-27T17:18:03+00:00,track,,,3,13250520399 13685168032 13250537473
15266245,3,2024-03-09T03:25:13+00:00,track,,,5,11707390724 11707390786 11707390721 11707390722 11707390723
15266261,3,2025-08-14T21:34:30+00:00,track,,,1,13071590202
15266348,5,2023-08-19T14:45:13+00:00,track,Road Canyon Road,,1,10945225054
15266486,4,2024-03-09T03:25:13+00:00,track,,,5,11086799839 11086799838 11086799892 11086799987 11707390883
15266537,3,2025-01-26T16:16:33+00:00,track,,,1,12534245618
15266599,2,2014-12-09T21:57:05+00:00,track,,,1,151307796
15266636,5,2025-08-14T21:34:30+00:00,track,,,4,13071590276 151308156 10761437390 10761437389
15266702,3,2024-12-25T20:23:19+00:00,track,,,1,12451705568
15266704,3,2024-12-23T17:59:01+00:00,service,,,1,12444826937
15266706,2,2024-05-08T15:30:18+00:00,residential,,,1,11889297908
15266712,3,2024-12-23T17:59:01+00:00,service,,,1,12444826938
15266716,3,2024-06-17T18:56:32+00:00,track,,,1,11988189917
15266753,5,2024-12-23T19:23:09+00:00,track,,,8,12444978700 12444978699 12444978691 12444978689 12438831656 12015956294 12438831654 12015955149
15266822,2,2025-07-28T16:51:12+00:00,track,,,1,13031956073
15266922,3,2025-02-02T19:46:53+00:00,track,,,1,12552152923
15266980,3,2024-02-22T21:59:20+00:00,track,,,7,11654677641 11654677640 11654677639 11654677638 11654677637 11654677636 11654677635
15267019,6,2024-12-23T19:23:09+00:00,track,,,3,12445006135 9188736321 12442660239
15267115,3,2024-12-28T01:17:20+00:00,residential,Moon Ranch Road,,1,12457497425
15267118,3,2024-12-28T01:17:20+00:00,residential,Moon Ranch Road,,1,12457496902
15267130,5,2024-12-28T01:17:20+00:00,residential,Moon Ranch Road,,1,12457497032
15267160,4,2023-05-15T13:29:24+00:00,track,Madera Canyon Road,,3,10899414101 10899414105 10899414107
15267172,5,2024-12-27T18:56:10+00:00,residential,Caldwell Ranch Road,,2,12456431513 12456431512
15267182,3,2026-07-23T17:23:53+00:00,residential,Barrel Springs Ranch Road,,1,14042019055
15267308,7,2025-03-24T04:26:54+00:00,residential,Yellow Knife Trail,,1,12695790040
15267345,4,2023-03-25T16:12:26+00:00,unclassified,Olds Creek Drive,,1,10761437391
15267366,4,2025-03-24T04:26:54+00:00,residential,Arrowhead Pass Trail,,2,12695790029 12695790030
15267382,9,2025-03-24T04:26:54+00:00,residential,Colleen Canyon Trail,,5,12695790033 12695790036 12695790035 12695790034 12695790022
15267432,5,2025-03-24T04:26:54+00:00,residential,Bandellero Trail,,1,12695790025
15267454,4,2026-08-04T16:08:51+00:00,residential,Gearhart Ranch Road,,1,14073087588
15267470,4,2024-12-28T01:45:25+00:00,residential,Agua Calient Lodge Road,,2,12457497030 12457566240
15267474,4,2024-12-28T01:45:25+00:00,residential,Agua Calient Lodge Road,,2,12457566287 12457566189
15267516,5,2024-08-11T16:44:11+00:00,track,Buffalo Pasture Road,,1,12104558806
15267697,4,2025-03-24T04:26:54+00:00,residential,Crazy Horse Trail,,1,151316031
15267822,8,2023-05-23T17:00:14+00:00,residential,Chispa Road,,2,10922143729 10922152728
15267832,10,2025-03-24T04:26:54+00:00,residential,Cochise Canyon Trail,,4,12695790032 151316867 12695790031 151316911
15267881,4,2024-06-27T23:35:01+00:00,track,Woulfter Ranch Road,,1,151295573
15267895,6,2026-04-11T16:54:28+00:00,residential,Limpia Trail,,2,13723597317 13723597318
15267923,5,2025-03-02T15:53:32+00:00,track,Fence Post Road,,2,12618640067 12618640068
15267948,5,2023-03-25T16:12:26+00:00,residential,Limpia Creek Drive,,1,10761437392
15267961,6,2025-03-24T04:26:54+00:00,residential,Stage Coach Pass,,1,12695790038
15267975,4,2023-03-25T16:06:04+00:00,residential,Painted Trees Road,,1,10761407319
15267986,8,2025-03-24T04:26:54+00:00,residential,Tomahawk Trail,,6,12695790021 12695790026 12695790020 12695790028 151316031 12695790027
15268003,3,2025-03-24T04:26:54+00:00,residential,Winchester Pass,,1,12695790024
15268031,6,2025-03-24T04:26:54+00:00,residential,Whiskey Run Trail,,1,12695790023
15268041,10,2025-04-27T14:47:37+00:00,tertiary,7 Mile Line,7N,2,151318500 151318503
15268107,5,2025-03-14T15:09:56+00:00,track,Broken Tank Road,,2,12104558811 12662926998
15268161,3,2024-12-23T17:02:00+00:00,residential,Ranch Road 1832,,1,12444699953
15268179,5,2023-03-25T16:12:26+00:00,residential,Sproul Road,,1,10761437393
15268185,11,2025-06-24T17:56:56+00:00,track,03 Ranch Road,,1,11086106316
15268236,7,2024-02-12T20:30:31+00:00,residential,Powell Ranch Road,,14,11616281353 11616281363 11616281364 11616281362 11616281361 11616281360 11616281359 11616281358 11616281357 11616281356 11616281355 11616281354 11616281352 151319856
15268242,4,2026-08-11T17:20:39+00:00,track,Jeff Ranch Road,,1,14088118030
15268247,4,2023-03-25T16:06:04+00:00,track,Jeff Ranch Road,,1,10761407688
15268255,17,2025-06-02T06:12:36+00:00,tertiary,Mitre Peak Camp Road,RM 1837,1,11739600147
15272781,7,2025-07-03T18:32:20+00:00,residential,Jara Chinas Road,,1,9984199787
15272994,5,2025-07-18T14:48:01+00:00,track,,,1,12314300118
15275463,5,2026-02-14T20:33:47+00:00,residential,Boggy Creek Road,,1,13565207320
15275923,6,2026-04-26T21:18:16+00:00,residential,,,1,13765046783
15276023,4,2021-03-14T04:26:15+00:00,track,,,2,151361578 8515848471
15276168,3,2020-04-20T04:17:40+00:00,residential,,,2,7424282652 151362509
15276182,4,2026-04-24T22:18:47+00:00,residential,,,2,13759697041 13759697019
15277233,12,2021-04-04T05:05:11+00:00,residential,Stagecoach River Road,,1,8591726256
15278047,3,2023-11-17T18:56:37+00:00,track,,,1,151380473
15279951,6,2025-05-08T16:27:03+00:00,service,,,1,12820516381
15281462,4,2025-12-18T18:51:15+00:00,service,,,1,13387180124
15282502,4,2025-05-09T00:03:03+00:00,track,,,1,12821396113
15282602,8,2026-05-21T15:27:45+00:00,residential,,,1,13570620006
15283007,11,2026-07-02T23:24:17+00:00,track,,,1,12585350309
15285275,2,2016-11-28T02:39:57+00:00,service,,,1,151448808
15286294,4,2025-05-11T14:37:47+00:00,unclassified,Bucy Road,,1,12314300117
15286295,5,2025-07-18T14:48:01+00:00,unclassified,Bucy Road,,1,12314300200
15286348,3,2020-01-26T14:20:01+00:00,track,,,1,5070490608
15288190,5,2024-12-09T22:12:27+00:00,service,,,1,12408234969
15289148,6,2024-06-24T16:24:15+00:00,service,,,1,12007193677
15289318,7,2026-04-26T22:30:00+00:00,residential,,,7,13765211409 13765211387 13765211386 13765211388 13765211410 13765211416 12849343640
15289499,3,2026-04-24T22:18:47+00:00,residential,,,2,13759696961 13759696982
15290311,2,2026-04-26T21:18:16+00:00,residential,,,1,13765046541
15290368,2,2020-12-02T01:38:22+00:00,service,,,1,8185765895
15291069,2,2026-04-25T14:37:49+00:00,residential,,,1,13760773424
15291597,3,2025-12-05T22:14:52+00:00,service,,,1,8868924719
15291627,6,2025-09-09T17:24:45+00:00,service,,,1,13131431642
15291809,13,2025-02-09T04:29:01+00:00,tertiary,Gatlin Creek Road,CR 191,1,6335693677
15291837,6,2026-04-26T22:30:00+00:00,service,,,2,13765211923 13765212023
15292008,2,2026-04-26T21:18:16+00:00,residential,,,1,13765046951
15292036,3,2023-01-17T19:51:44+00:00,service,,,1,10563411192
15292135,4,2026-04-26T21:18:16+00:00,residential,,,1,13765047056
15292945,12,2026-04-26T22:30:00+00:00,residential,,,1,13765211775
15293022,7,2025-12-01T18:18:16+00:00,residential,,,1,13346202465
15293097,2,2026-04-15T18:12:06+00:00,track,,,1,13733040721
15293441,4,2026-04-26T21:18:16+00:00,residential,,,1,13765046867
15293543,3,2025-12-01T18:18:16+00:00,service,Sleepy Hollow,,1,13346202579
15293811,32,2026-02-14T18:32:59+00:00,residential,Pursley Road,,1,13564857874
15294316,5,2026-04-26T22:40:30+00:00,residential,,,1,13765238115
15294726,9,2021-03-08T11:43:00+00:00,residential,Winning Colors Drive,,1,8242043922
15295649,4,2025-12-05T22:14:52+00:00,residential,Foster Road,,1,151539727
15295969,7,2026-04-26T21:18:16+00:00,residential,Bradley Road,,1,13765046863
15296646,5,2019-11-14T09:28:03+00:00,residential,Upper Cibolo Creek Road,,2,3279487196 151548945
15296700,4,2026-04-24T22:18:47+00:00,residential,Acker Road,,1,13759697122
15296806,3,2021-07-22T18:30:10+00:00,residential,Cypress Bend,,1,8942261620
15296904,6,2020-12-02T05:22:30+00:00,residential,James Street,,1,3442345369
15297307,8,2021-05-19T09:54:35+00:00,residential,East San Antonio Avenue,,1,3442345380
15297840,4,2025-12-05T22:14:52+00:00,residential,Lewis Road,,1,151560686
15297940,9,2021-07-22T18:32:36+00:00,residential,Ernst Road,,1,151561655
15298133,9,2026-04-15T18:12:06+00:00,residential,Upper Sisterdale Road,,1,13733040684
15298336,19,2026-02-01T00:44:06+00:00,residential,Rosewood Avenue,,1,3442345375
15298486,8,2021-06-26T22:34:40+00:00,service,,,1,8868924731
15299493,8,2026-02-28T23:40:32+00:00,residential,Lane Valley Road East,,1,13608501639
15299623,3,2025-07-17T16:58:14+00:00,service,,,1,12999696998
15299639,3,2025-07-15T13:48:24+00:00,track,,,4,13001903923 13001903921 13001903920 13001903924
15299666,4,2025-07-15T13:48:24+00:00,track,,,5,13001904116 13001904092 13001904114 13001904115 13001904117
15299860,7,2025-07-13T15:36:26+00:00,track,,,2,12996212673 12996212672
15300066,7,2025-12-20T19:30:22+00:00,service,Golf Crest Drive,,1,12241988856
15300081,3,2025-07-12T14:00:21+00:00,service,,,1,12995888753
15300150,3,2025-07-11T20:52:36+00:00,track,,,1,12994940786
15300213,3,2025-07-07T16:34:46+00:00,residential,,,1,3763312967
15300439,4,2025-07-16T23:47:55+00:00,track,,,1,13000303142
15300773,3,2025-07-12T14:00:21+00:00,service,,,1,12995888965
15300889,3,2025-07-15T13:48:24+00:00,track,,,3,13001903776 12999319241 13001903790
15300987,4,2025-07-13T15:11:45+00:00,track,,,1,12996542443
15301001,6,2025-07-18T13:20:25+00:00,track,,,1,12996233209
15301107,4,2025-07-16T23:47:55+00:00,service,,,1,13005498992
15301172,7,2025-07-11T21:16:46+00:00,service,,,1,12994959248
15301182,2,2026-02-01T23:55:56+00:00,service,,,1,13518304808
15301391,3,2025-07-13T13:16:56+00:00,track,,,4,12997415435 12996167650 12996167648 12996167646
15301732,2,2026-04-16T22:38:00+00:00,track,,,8,13736055825 13736055693 13736055817 13736055794 13736055790 13736055784 13736055775 13736055773
15301820,5,2025-07-13T13:16:56+00:00,track,,,1,12997415482
15301927,3,2025-07-12T17:34:40+00:00,track,,,5,12996138794 12996138730 12996138783 12996138774 12996138784
15302161,4,2025-07-17T16:58:14+00:00,track,,,1,12999696984
15302221,2,2025-07-12T17:34:40+00:00,track,,,1,12996138506
15302283,3,2025-07-14T14:04:25+00:00,residential,Rio Vista Road South,,1,12999319542
15302396,3,2021-12-28T22:55:09+00:00,residential,,,1,6371484018
15302421,2,2025-07-15T19:16:16+00:00,track,,,1,13002504319
15302463,3,2025-07-17T16:58:14+00:00,track,,,1,13007029651
15302471,4,2025-07-15T17:13:02+00:00,track,,,2,13002272420 12999696652
15302619,6,2025-07-13T15:11:45+00:00,track,,,4,12997588495 12994940792 12994940787 12994940788
15302757,3,2025-07-13T17:57:47+00:00,track,,,1,6371483704
15302763,3,2025-07-12T14:57:06+00:00,service,,,1,12995960994
15302800,2,2019-03-30T04:35:11+00:00,service,,,1,6371484192
15302865,5,2025-07-13T14:47:58+00:00,track,,,1,12997547788
15302881,2,2025-07-13T17:57:47+00:00,track,,,1,12997818804
15302883,2,2026-04-01T15:13:13+00:00,service,,,1,13698920402
15303280,3,2025-07-12T15:38:57+00:00,track,,,5,12996000978 151617975 151617992 151618003 151618009
15303315,3,2025-07-12T17:34:40+00:00,unclassified,,,1,12996138307
15303328,4,2025-07-13T16:11:41+00:00,service,,,1,12994940784
15303430,3,2025-07-15T01:12:13+00:00,track,,,3,13000303083 13000303080 13000273891
15303476,2,2023-01-19T20:35:29+00:00,residential,County Road 441,,1,10568667027
15303527,10,2026-08-12T20:29:32+00:00,residential,County Road 443,,5,11263792864 11263792866 11263792865 11263792785 11263792784
15303569,2,2026-04-18T21:40:35+00:00,residential,,,1,13741142587
15303638,2,2025-07-17T14:22:04+00:00,residential,,,1,13006706649
15303658,2,2023-01-21T05:25:20+00:00,service,,,1,10572162706
15303673,4,2025-07-17T14:22:04+00:00,residential,,,4,9194787993 9194787992 9194787994 6486775381
15303700,3,2025-07-15T17:13:02+00:00,track,,,1,13002272950
15303720,3,2025-07-13T15:36:26+00:00,track,,,1,12996212683
15303777,3,2025-07-12T21:49:08+00:00,service,,,1,12996446404
15303853,2,2025-07-12T23:38:10+00:00,track,,,1,12996542542
15303857,2,2019-12-31T03:40:14+00:00,service,,,1,7097354165
15303867,4,2025-10-10T18:19:50+00:00,track,,,1,9203635919
15303905,2,2021-10-23T01:51:28+00:00,residential,,,2,9194832688 9194832682
15303910,3,2023-10-15T05:02:40+00:00,residential,,,1,11263792873
15303916,2,2025-07-17T14:22:04+00:00,residential,,,1,13006706838
15303925,2,2023-10-15T05:02:40+00:00,residential,,,1,11263792763
15304314,2,2026-03-01T15:02:11+00:00,residential,,,1,13609536826
15304343,2,2019-05-20T21:41:10+00:00,residential,,,1,6486732404
15304391,3,2026-04-15T20:24:12+00:00,track,,,1,13733375673
15304490,3,2021-10-23T01:51:28+00:00,residential,,,1,9194832743
15304527,4,2026-02-02T01:42:30+00:00,residential,,,3,9194852649 9194852668 13518386004
15304591,2,2026-02-02T01:42:30+00:00,service,,,1,13518386171
15304607,2,2026-02-02T01:42:30+00:00,residential,,,1,13518386170
15304637,2,2025-07-12T23:38:10+00:00,track,,,1,12996542417
15304646,4,2025-07-12T21:49:08+00:00,track,,,2,12996446566 12996446543
15304746,3,2025-07-12T21:49:08+00:00,track,,,1,12996446567
15304759,3,2026-04-18T20:35:11+00:00,track,,,5,13741029024 13741029022 13741029023 13741029015 13741029007
15304784,3,2023-01-20T23:49:33+00:00,service,,,3,10571717755 10571717778 10571717795
15304853,3,2025-07-21T22:40:57+00:00,track,,,1,151634220
15304866,3,2026-04-18T20:35:11+00:00,service,,,1,13741029101
15304936,3,2026-03-01T14:31:04+00:00,track,,,1,13609486126
15304952,3,2025-07-16T20:43:39+00:00,track,,,2,13002272947 13005153530
15305005,3,2023-01-19T20:35:29+00:00,service,,,1,10568667022
15305104,2,2025-07-17T14:22:04+00:00,residential,,,2,13006706863 13006706866
15305203,4,2025-07-15T17:13:02+00:00,track,,,2,13002272442 12999697216
15305238,4,2025-07-17T14:22:04+00:00,track,,,2,11987784399 151638369
15305246,3,2023-10-15T05:02:40+00:00,unclassified,,,1,11263792789
15305248,2,2025-01-08T15:30:28+00:00,service,,,1,12484653157
15305275,4,2025-07-12T17:34:40+00:00,track,,,1,151638723
15305285,7,2025-07-13T15:36:26+00:00,track,,,2,12996233267 12994959205
15305361,2,2026-04-18T20:35:11+00:00,residential,,,1,13741029325
15305385,2,2026-04-18T20:35:11+00:00,residential,,,1,13741029315
15305397,2,2026-02-02T01:42:30+00:00,residential,,,1,13518386169
15305416,4,2025-07-12T18:41:15+00:00,track,,,1,12996212484
15305438,2,2026-04-18T20:35:11+00:00,residential,,,1,13741029461
15305534,2,2023-05-15T23:28:03+00:00,residential,County Road 181,,2,6486728261 6486728264
15305576,3,2026-04-15T20:24:12+00:00,service,,,1,13733375632
15305666,3,2025-07-12T15:38:57+00:00,track,,,1,12996010385
15305886,3,2025-12-01T18:40:14+00:00,track,,,1,13346239037
15306003,3,2025-07-17T13:33:47+00:00,track,,,4,13006618023 13006618022 13006618021 13006618020
15306064,2,2026-04-21T16:27:00+00:00,residential,,,2,151645615 13749637452
15306070,2,2023-01-19T21:03:59+00:00,service,,,1,10568725176
15306155,5,2025-07-15T17:13:02+00:00,track,,,3,13002272543 13002272471 13002272454
15306263,2,2026-04-18T20:35:11+00:00,residential,,,1,13741029317
15306575,3,2019-05-20T21:41:11+00:00,service,,,1,6486732600
15306634,3,2026-04-16T22:38:00+00:00,track,,,2,13736055394 13736055395
15306806,3,2026-04-15T20:31:24+00:00,service,,,1,13733385849
15306921,4,2026-04-18T20:35:11+00:00,track,,,2,9194896290 13741029006
15307083,2,2026-04-21T15:50:20+00:00,service,,,1,13749533472
15307205,3,2026-04-15T20:24:12+00:00,track,,,1,13733375506
15307221,2,2025-07-17T14:22:04+00:00,residential,,,1,13006706799
15307460,3,2026-04-15T20:24:12+00:00,track,,,1,13733375626
15307559,1,2007-12-06T02:56:11+00:00,residential,,,1,151660495
15307675,3,2026-04-15T20:31:24+00:00,track,,,1,13733385874
15307705,4,2025-07-13T13:16:56+00:00,track,Pot Luck Road South,,9,12994940650 12994940651 12994940649 12994940648 12994940647 12994940646 12994940624 12994940652 12994940664
15307719,6,2025-07-12T14:57:06+00:00,service,,,1,12995048340
15307787,2,2026-04-21T15:50:20+00:00,residential,,,1,13749533477
15307813,2,2021-10-27T04:53:49+00:00,service,,,1,9203755883
15307959,2,2023-01-20T23:49:33+00:00,service,,,2,10571717921 10571717922
15308159,4,2025-07-12T17:34:40+00:00,service,2404 Southwest,,2,12996138471 151668112
15308444,2,2021-10-27T03:05:24+00:00,residential,Llano Springs Ranch Road,,1,9203653013
15308543,3,2025-07-12T18:58:56+00:00,residential,Hugo Real Ranch Road,,1,12996233203
15308580,2,2021-10-27T04:53:49+00:00,service,,,1,9203755825
15308762,3,2025-07-15T00:51:28+00:00,track,Aime Real Ranch Road South,,1,13000274118
15308785,2,2026-04-21T15:50:20+00:00,track,,,3,13749533506 13749533570 13749533580
15308894,5,2021-10-23T01:51:28+00:00,track,,,2,6486732703 9194832659
15308950,4,2026-04-15T20:31:24+00:00,track,,,1,13733385845
15309000,2,2023-01-20T23:29:46+00:00,service,,,1,10571700251
15309030,3,2025-07-15T14:22:46+00:00,residential,Mary Ruth Road,,1,13001966798
15309082,3,2025-07-20T21:26:14+00:00,service,,,1,10568757569
15309153,4,2025-07-20T15:40:36+00:00,residential,Fox Trail,,1,13013836158
15309163,2,2023-01-19T21:19:38+00:00,service,,,1,10568757599
15309212,2,2023-06-10T22:30:02+00:00,service,,,1,10968346743
15309235,3,2020-11-18T14:12:34+00:00,track,,,1,6486732641
15309354,3,2026-03-01T15:15:20+00:00,residential,,,3,13609557298 13609557299 13609557313
15309393,5,2026-04-12T01:17:25+00:00,service,,,1,13253000231
15309432,6,2025-07-12T14:57:06+00:00,service,Flaming Arrow Road South,,1,12995960594
15309538,5,2025-07-20T15:40:36+00:00,residential,Grey Moss Court,,1,13013836159
15309672,4,2025-07-17T14:22:04+00:00,track,,,1,13006706758
15309842,5,2025-07-13T13:16:56+00:00,unclassified,Auld Road South,,1,12994940665
15309900,2,2026-03-01T15:02:11+00:00,residential,,,1,13609536819
15309910,4,2025-07-15T18:25:52+00:00,service,Check Station Road Southwest,,1,12996491847
15309911,2,2026-03-01T15:15:20+00:00,residential,,,2,13609540871 13609557210
15309978,3,2023-01-21T05:47:29+00:00,service,,,1,10572182529
15310005,2,2026-03-01T15:02:11+00:00,residential,,,1,13609536738
15310030,2,2026-04-18T21:40:35+00:00,residential,,,1,13741142503
15310055,2,2026-04-18T21:40:35+00:00,residential,,,2,13741142594 13741142525
15310183,2,2023-01-19T19:44:40+00:00,service,,,1,10568586313
15310422,6,2025-07-17T06:29:40+00:00,track,2352 Southwest,,3,12994940421 12994940428 151694528
15310591,4,2026-04-18T20:35:11+00:00,track,,,4,9194896271 9194896272 9194896273 9194896291
15310648,2,2026-04-18T21:40:35+00:00,residential,,,1,13741142936
15310818,3,2025-07-17T14:22:04+00:00,track,,,1,13006706839
15311028,2,2026-02-02T01:42:30+00:00,residential,,,1,13518386172
15311184,2,2021-10-27T02:33:15+00:00,residential,,,1,9203635839
15311218,5,2025-07-18T13:09:04+00:00,residential,Louis Real Road South,,1,12996233306
15311248,12,2025-07-13T14:47:58+00:00,residential,Byas Springs Road,,1,151702525
15311446,2,2025-07-17T14:22:04+00:00,residential,,,1,13006706850
15311468,2,2026-04-21T15:50:20+00:00,track,,,1,13749533579
15311727,2,2026-04-21T15:50:20+00:00,track,,,1,13749533573
15311770,3,2025-07-15T19:16:16+00:00,residential,Carpenter Road Northwest,,1,13002504362
15312012,3,2023-01-19T20:35:29+00:00,residential,County Road 473,,1,10568667025
15312017,2,2026-03-01T15:02:11+00:00,residential,County Road 473,,1,13609536712
15312030,4,2024-12-13T19:15:42+00:00,residential,Little Field Road,,1,12421256319
15312068,2,2023-01-19T20:35:29+00:00,residential,County Road 475,,1,10568667026
15312083,4,2025-07-11T22:31:53+00:00,track,2380 South,,4,12995065809 12995065810 12995065811 12995065812
15312087,3,2021-10-27T03:05:24+00:00,residential,Cotterell Road,,2,9203655748 9203655712
15312218,6,2022-06-15T18:51:22+00:00,service,2284 North,,1,6615413420
15312333,4,2025-07-20T15:40:36+00:00,residential,Acorn Drive,,1,13013836157
15312343,2,2019-04-09T20:00:26+00:00,residential,County Road 320,,1,6394754320
15312471,3,2023-10-15T05:02:40+00:00,unclassified,County Road 4301,,1,151715728
15312481,4,2023-10-15T05:02:40+00:00,tertiary,County Road 430,CR 430,1,151715795
15312528,5,2025-07-20T21:26:14+00:00,residential,Rio Bonita Ranch Road,,1,13006706812
15312542,3,2023-01-19T21:03:59+00:00,service,,,2,10568725109 10568725148
15312574,4,2023-01-21T00:24:49+00:00,residential,County Road 270,,2,10571830233 10571830209
15312580,4,2026-04-16T22:38:00+00:00,service,Clark Ranch Road West,,1,13736055326
15312591,2,2026-03-01T15:02:11+00:00,residential,County Road 432,,1,13609536820
15312599,2,2026-03-01T15:02:11+00:00,residential,County Road 432,,1,13609536749
15312617,5,2026-04-18T20:35:11+00:00,residential,County Road 271,,1,6488437057
15312637,3,2025-07-20T21:26:14+00:00,residential,County Road 460,,1,13014451066
15312664,4,2026-04-21T16:27:00+00:00,residential,County Road 272,,5,13749637468 13749637493 13749637496 13749637497 13749637498
15312676,4,2021-10-27T02:33:15+00:00,residential,Kennedy Ranch Road,,1,9203635894
15312691,3,2025-07-12T15:38:57+00:00,track,Honey Creek Road,,1,12996010384
15312767,2,2019-07-02T03:13:44+00:00,residential,County Road 275,,1,6583124947
15312774,2,2021-10-27T02:33:15+00:00,residential,County Road 275,,1,9203635988
15312848,3,2023-01-20T23:49:33+00:00,residential,County Road 371X,,2,10571717727 10571717728
15312888,3,2023-01-19T19:44:40+00:00,residential,Stapp Road,,1,10568586460
15312902,2,2026-04-18T20:35:11+00:00,residential,County Road 3721,,1,13741029455
15312946,2,2019-07-02T03:13:44+00:00,residential,County Road 2752,,1,6583125001
15313026,2,2026-04-21T15:50:20+00:00,residential,County Road 2754,,1,13749533440
15313112,2,2023-10-15T05:02:40+00:00,residential,County Road 421,,3,11263792766 11263792777 11263792781
15313254,4,2021-10-27T03:49:38+00:00,residential,County Road 260,,1,9203687789
15313276,4,2025-07-20T21:26:14+00:00,residential,County Road 451,,1,6394755653
15313293,2,2019-05-20T21:41:10+00:00,residential,County Road 181X,,1,6486732396
15313303,3,2025-07-17T15:14:44+00:00,residential,Johnson Creek Road,,1,13006833890
15313306,4,2025-07-20T15:40:36+00:00,residential,Candlelite Drive,,1,13013836156
15313345,2,2023-10-15T05:02:40+00:00,residential,County Road 4421X,,1,151725976
15313512,2,2026-03-01T15:02:11+00:00,residential,County Road 4732,,3,13609536818 13609536815 13609536817
15313514,3,2025-07-17T14:22:04+00:00,track,Cummings Road,,1,13006706828
15313523,4,2019-04-09T20:00:27+00:00,residential,Bierschwale Road,,1,6394755441
15313583,3,2021-10-23T02:25:36+00:00,residential,Fox Hollow Road,,1,9194852536
15313672,7,2025-07-20T21:26:14+00:00,residential,County Road 110,,1,10568567135
15313691,7,2025-01-21T14:29:15+00:00,residential,County Road 25,,1,9203636175
15313758,3,2026-04-18T20:35:11+00:00,residential,County Road 112,,2,13006706854 13006706853
15313774,2,2025-07-17T14:22:04+00:00,residential,County Road 112,,1,13006706855
15313815,4,2025-07-12T17:34:40+00:00,service,B F Klein Ranch Road Southwest,,1,12996138104
15313829,2,2026-04-18T20:35:11+00:00,residential,County Road 140,,3,151731579 13741028876 13741028879
15313920,2,2019-04-09T20:00:27+00:00,residential,County Road 410,,1,6394755301
15313970,5,2021-10-27T04:35:09+00:00,residential,D'Spain Lane,,1,9203655557
15315111,10,2025-07-15T16:02:17+00:00,unclassified,Kelly Creek Road,,1,13001903627
15315317,6,2025-07-14T15:05:59+00:00,residential,Stablewood Springs Drive West,,1,12996010456
15316098,2,2025-07-15T18:25:52+00:00,residential,Yellowstone Lane Southwest,,1,13002418933
15316300,5,2022-06-17T02:22:17+00:00,service,2153 West,,1,9823990399
15316856,3,2026-04-16T22:38:00+00:00,service,Fossler Ranch Road West,,2,13736046887 13736046897
15317096,8,2025-07-13T16:53:04+00:00,residential,Camp Verde Road East,,1,6363796542
15317128,4,2025-09-12T16:35:25+00:00,residential,Yancy,,1,12519440890
15317437,3,2025-07-17T15:14:44+00:00,residential,Dominion Road Northwest,,1,13006833881
15317473,3,2025-07-12T17:34:40+00:00,residential,Lower Bee Cave Road,,1,12996138228
15317479,3,2025-07-15T18:25:52+00:00,residential,Lower Bee Cave Road,,1,13002418973
15317621,4,2026-08-07T21:35:14+00:00,residential,Main Road,,2,12519440942 151767430
15317627,5,2025-01-08T15:30:28+00:00,service,Kimble County Road 111 Northwest,,1,12484653145
15317807,1,2007-12-06T03:56:27+00:00,track,,,1,151769209
15318092,5,2022-06-15T18:51:22+00:00,service,2283 North,,1,6615413419
15318121,4,2023-03-12T23:56:24+00:00,service,,,1,9258706054
15318520,4,2025-07-14T16:39:39+00:00,residential,Turner Road,,1,151775719
15318636,3,2025-02-04T15:18:36+00:00,track,,,1,12556683790
15318638,4,2025-07-15T18:57:06+00:00,residential,Sara Saphronia Road West,,1,151776637
15319171,3,2026-02-01T23:55:56+00:00,service,Apache Trace Northwest,,1,13518304910
15319246,5,2022-07-21T17:21:19+00:00,unclassified,County Road 2901,,1,5799431426
15320064,10,2025-12-30T04:26:26+00:00,tertiary,County Road 3210,,1,13417268329
15320354,7,2025-07-20T15:40:36+00:00,residential,Ingram Hills Road,,1,12996479037
15320812,6,2025-01-19T01:35:17+00:00,unclassified,County Road 3421,,1,9258617437
15320832,12,2025-01-25T22:51:32+00:00,residential,County Road 3420,,1,9258843716
15320884,7,2025-01-25T22:51:32+00:00,residential,County Road 3480,,1,9258843702
15320933,6,2025-01-19T01:35:17+00:00,residential,County Road 3010,,1,6901049476
15321047,4,2025-07-13T14:47:58+00:00,unclassified,Holcomb Road West,,1,12997547789
15321203,4,2025-07-17T15:14:44+00:00,unclassified,Elm Waterhole Road Northwest,,2,13006818100 13006706829
15321302,12,2025-01-22T02:46:57+00:00,unclassified,County Road 2207,,1,9258617485
15321308,6,2025-07-17T06:31:13+00:00,track,2351 Southwest,,2,12994940407 12994940422
15322030,3,2025-07-15T18:25:52+00:00,service,,,1,13002418894
15322176,4,2026-04-12T01:17:25+00:00,service,,,1,151807995
15322197,3,2024-05-17T21:12:24+00:00,track,,,1,11914245576
15322569,4,2026-04-10T23:08:30+00:00,residential,Ace Reid Road,,3,151811157 151811359 151811398
15322691,6,2022-09-25T15:44:45+00:00,service,The Mikulin Mile,,1,8048191330
15322733,4,2025-07-12T18:58:56+00:00,residential,1906 South,,1,12996202799
15322866,4,2025-07-15T00:51:28+00:00,residential,Echo Hill Road South,,3,151814031 7452084879 13000273860
15322981,10,2026-07-04T04:03:13+00:00,residential,Cade Loop South,,1,11287206228
15323085,2,2024-05-24T13:54:54+00:00,track,,,1,11930687361
15323220,4,2025-07-11T22:31:53+00:00,track,2382 South,,1,151817460
15323440,6,2025-07-14T23:47:26+00:00,residential,1784 South,,1,6371494041
15323458,3,2025-07-14T18:25:11+00:00,service,Henry Priour Ranch Road West,,1,12999697892
15323648,3,2024-12-31T00:55:01+00:00,track,,,1,12464061362
15324788,3,2025-07-12T17:34:40+00:00,service,Leinweber Ranch Road Southwest,,1,12996138103
15324847,4,2020-01-01T07:51:13+00:00,service,1467 North,,2,7099291235 7099291264
15324859,3,2025-07-12T17:34:40+00:00,track,Rocky Top Road Southwest,,2,12996138569 12996138568
15325094,2,2024-12-31T00:55:01+00:00,residential,,,1,12464060915
15325504,3,2025-07-13T14:11:56+00:00,residential,Apache Springs Ranch Road West,,2,12997488688 12997488699
15325716,4,2014-11-21T20:27:03+00:00,service,Stowers Ranch Road Southwest,,2,151840129 151840271
15326648,5,2025-07-11T22:15:25+00:00,service,Prieto Trail Southwest,,1,12995048564
15326955,4,2026-04-15T17:46:30+00:00,residential,1349 North,,1,13732971748
15326965,4,2026-04-15T17:46:30+00:00,residential,1349 North,,1,13732971875
15327125,4,2025-07-12T14:57:06+00:00,residential,Joelle Rodgers Road West,,1,12995960854
15327200,7,2025-07-15T18:25:52+00:00,service,2390 South,,1,151852607
15327571,3,2025-07-15T18:25:52+00:00,residential,Tunstalls Nest Road Southwest,,1,13002418932
15327626,7,2026-03-18T10:41:26+00:00,residential,Peterson Farm Road,,1,151855912
15328437,3,2025-07-17T15:14:44+00:00,residential,Camino Real Road Northwest,,1,13006833882
15328543,4,2025-07-13T14:11:56+00:00,track,2186 West,,1,12997488780
15328687,8,2025-07-18T07:50:20+00:00,track,Buffalo Creek Road,,4,12989203376 12994940469 12994940473 12987846246
15328878,6,2025-07-12T16:23:28+00:00,service,First Draw Trail Southwest,,1,12996057298
15329206,5,2025-07-15T18:25:52+00:00,service,2386 South,,1,151869240
15329448,5,2025-07-12T18:58:56+00:00,residential,1101 East,,1,6371484053
15329961,3,2025-07-12T17:34:40+00:00,service,Black Dog Run Southwest,,1,12996138497
15330100,2,2017-12-21T20:45:03+00:00,residential,Private Road 2102,,1,5298305383
15330165,4,2019-03-30T04:35:11+00:00,residential,1105 East,,1,6371484191
15330517,4,2025-07-15T18:25:52+00:00,residential,Cross Cut Road,,1,13002418931
15330921,4,2025-07-21T22:40:57+00:00,service,Two Dot Lane Northwest,,1,13006706832
15330992,3,2014-11-21T20:27:04+00:00,track,,,2,151886868 3199117994
15331187,3,2023-10-20T16:29:42+00:00,residential,Private Road 2135,,1,11277820492
15331495,3,2025-07-16T23:47:55+00:00,service,Downing Road South,,1,13005498989
15331526,14,2025-07-18T13:09:04+00:00,unclassified,Felix Fisher Road South,,1,12987795825
15331605,3,2026-04-10T23:08:30+00:00,residential,Brown Sugar Road,,1,13722149252
15331896,7,2025-07-16T21:57:29+00:00,service,Ringtail Road West,,2,13002272946 13002272930
15332702,4,2025-07-12T17:34:40+00:00,service,Joy Springs Ranch Road Southwest,,1,12996138360
15332749,2,2010-04-07T10:25:48+00:00,residential,Homillus Road East,,1,151907306
15333656,3,2025-12-01T20:02:53+00:00,track,,,1,13346586896
15333745,4,2024-10-06T19:23:11+00:00,track,,,2,12230286689 151917789
15333810,3,2024-10-06T19:23:11+00:00,track,,,1,12230286790
15334038,10,2024-10-30T13:46:26+00:00,residential,County Road 113,,1,11919867008
15334344,3,2025-09-12T13:36:24+00:00,track,,,2,13138245371 151924763
15335131,2,2020-08-13T19:40:03+00:00,track,,,1,151932408
15335722,3,2026-04-24T14:42:45+00:00,track,,,1,13758891256
15335747,2,2020-08-07T19:28:51+00:00,service,,,1,151938322
15336209,3,2020-08-29T00:10:55+00:00,track,,,1,2520286428
15336650,3,2024-10-06T19:23:11+00:00,track,,,1,12230286789
15336722,3,2026-04-18T00:13:50+00:00,track,,,1,13738825730
15336745,4,2026-04-18T00:13:50+00:00,service,,,1,13738826235
15336843,3,2026-04-19T15:04:22+00:00,service,,,1,13742984491
15336952,3,2026-04-19T15:04:22+00:00,track,,,1,13742984324
15337157,2,2020-08-21T16:00:47+00:00,service,,,1,151952733
15337584,3,2026-04-19T15:04:22+00:00,track,,,1,13742984733
15337920,4,2026-04-16T16:05:56+00:00,track,,,1,13735073481
15338601,3,2026-04-18T21:40:35+00:00,residential,Bluff Creek Road,,1,13741142930
15338796,3,2026-04-18T00:13:50+00:00,service,,,1,13738826108
15339075,2,2025-12-01T19:09:29+00:00,track,,,1,13346289768
15339093,4,2025-09-12T13:36:24+00:00,track,,,1,13138245434
15339229,3,2025-10-24T17:46:52+00:00,track,,,1,13254657896
15339240,7,2023-05-20T03:08:50+00:00,service,,,1,10913395661
15339269,3,2026-05-23T20:04:02+00:00,residential,,,1,13868855328
15339314,2,2026-04-16T14:59:46+00:00,residential,,,1,13734926677
15339620,3,2026-02-01T22:13:09+00:00,track,,,1,13517917968
15339811,2,2026-04-16T14:59:46+00:00,residential,,,1,13734927077
15340070,2,2024-06-19T13:07:17+00:00,residential,,,1,11992042933
15340149,2,2024-06-19T13:07:17+00:00,residential,,,1,11992042859
15340369,3,2026-02-01T22:13:09+00:00,track,,,1,13517918108
15340397,2,2026-05-17T16:30:53+00:00,residential,,,1,13840680003
15340420,4,2026-02-01T22:13:09+00:00,track,,,1,13517917955
15340627,4,2026-02-16T02:31:30+00:00,track,,,1,13568637789
15340651,3,2026-02-16T02:31:30+00:00,service,,,1,13568637786
15340751,2,2026-04-18T21:40:35+00:00,residential,,,3,13741142869 13741142870 13741142894
15340790,3,2020-08-28T02:43:34+00:00,track,,,1,151987969
15340901,3,2026-04-16T14:59:46+00:00,track,,,1,13734927319
15341007,5,2026-02-16T02:31:30+00:00,track,,,1,11123660645
15341029,4,2025-09-12T14:53:29+00:00,service,,,1,13138352180
15341129,1,2007-12-06T06:11:03+00:00,residential,,,1,151991123
15341343,2,2024-06-19T13:07:17+00:00,residential,,,1,11992042898
15341464,2,2023-05-19T22:05:59+00:00,residential,,,1,10913113909
15341639,3,2026-04-18T00:13:50+00:00,track,,,1,13738826195
15342703,7,2025-12-03T18:50:08+00:00,track,,,5,13351911136 13138245651 13138245541 13138245479 13342679432
15342753,2,2026-04-16T15:54:29+00:00,residential,,,3,13735056449 13735056453 13735056443
15343082,4,2026-04-24T15:33:17+00:00,service,,,1,13758978502
15343133,3,2026-04-18T00:47:14+00:00,residential,,,1,13738849585
15343335,2,2026-04-20T14:11:56+00:00,residential,,,1,13745610420
15343577,2,2026-04-16T15:54:29+00:00,residential,,,1,13735056436
15343621,2,2023-05-19T22:05:59+00:00,residential,,,1,10912836157
15343700,3,2025-10-24T17:46:52+00:00,track,,,1,13254668035
15343746,4,2026-04-18T00:47:14+00:00,track,,,1,13738849596
15343828,2,2026-04-18T00:47:14+00:00,residential,,,1,13738849692
15343875,2,2026-04-18T00:47:14+00:00,residential,,,1,13738849774
15343964,3,2026-04-16T14:59:46+00:00,track,,,1,13734921863
15344420,2,2026-04-16T20:25:41+00:00,service,,,1,13735793890
15344515,4,2025-12-01T20:02:53+00:00,track,,,2,13346586916 13138245283
15344601,2,2026-04-18T00:47:14+00:00,residential,,,1,13738849813
15344688,3,2026-04-16T14:59:46+00:00,track,,,1,13734926609
15344707,3,2026-04-16T14:59:46+00:00,track,,,3,13734921838 13734921834 13734926608
15344890,3,2025-10-24T17:46:52+00:00,track,,,1,13254668077
15344958,3,2024-02-28T09:36:10+00:00,track,,,1,11263792741
15345107,3,2026-04-19T14:37:38+00:00,track,,,1,13742923737
15345156,3,2026-04-19T14:37:38+00:00,service,,,1,13742923984
15345237,4,2026-04-16T16:05:56+00:00,track,,,1,13735073535
15345339,3,2025-10-24T17:46:52+00:00,track,,,1,13254668029
15345612,3,2026-04-16T14:59:46+00:00,track,,,3,13734921859 13734921896 13734926834
15345901,3,2026-04-16T14:59:46+00:00,residential,,,2,13734926912 12316544592
15346363,2,2026-04-16T15:54:29+00:00,residential,,,3,13735056510 13735056497 151991123
15346502,2,2026-04-16T20:25:41+00:00,service,,,1,13735793941
15346852,3,2026-04-16T14:59:46+00:00,residential,Panther Circle Road,,1,13734926954
15346976,4,2026-04-16T20:25:41+00:00,residential,Cold Spring Creek Road,,1,13735794692
15347067,6,2024-11-06T02:50:36+00:00,residential,Schep Creek Road,,3,12316544597 12316735914 12316735905
15347146,3,2026-04-18T21:40:35+00:00,residential,Chimney Hollow Road,,1,13741142896
15347477,11,2026-04-20T14:11:56+00:00,residential,Old Katemcy Mason Road,,1,10912686299
15347653,2,2026-04-16T14:59:46+00:00,residential,Salt Branch Loop,,1,13734926910
15347767,5,2024-02-28T09:36:10+00:00,residential,James River Road,,4,11263792744 11263792755 11263792756 11263792745
15347842,4,2026-04-18T21:56:14+00:00,residential,Camp Holland Road,,1,13741158815
15348063,4,2026-04-18T00:13:50+00:00,residential,Annex Springs Road,,1,13738825857
15348177,4,2023-10-15T08:21:42+00:00,residential,Eagle Ridge Road,,1,11263792867
15348235,5,2026-09-14T12:53:48+00:00,residential,Loeffler Lane,,1,11992042868
15348350,4,2024-06-19T13:07:17+00:00,unclassified,Simonsville Road,,1,11992042877
15348375,3,2023-10-15T05:02:40+00:00,residential,Zesch Road,,1,11263792805
15352443,5,2025-09-12T13:36:24+00:00,residential,Dojo Street,,1,13138245655
15352936,7,2026-04-24T15:33:17+00:00,tertiary,Nixon Road,CR 407,2,13758978572 13758978615
15353107,4,2026-03-24T19:50:04+00:00,unclassified,County Road 410,,1,13675805311
15353459,6,2025-09-12T01:14:14+00:00,tertiary,Freeman Road,CR 414,1,13137315932
15353526,8,2026-02-16T01:13:32+00:00,service,,,1,13568571291
15354774,8,2026-04-19T15:04:22+00:00,unclassified,Packsaddle Mountain Road,CR 309,1,13742984749
15355282,4,2020-08-28T01:58:55+00:00,unclassified,County Road 315,,1,2520286580
15356725,4,2026-04-24T15:33:17+00:00,tertiary,County Road 612,CR 612,1,13758978230
15357358,4,2026-04-25T21:26:36+00:00,residential,County Road 104,,2,152137445 152137694
15357696,5,2026-04-16T20:25:41+00:00,unclassified,County Road 110,,1,13735793855
15358955,4,2026-06-11T21:19:14+00:00,residential,,,1,13929868626
15359751,3,2025-08-14T19:08:55+00:00,track,,,7,11990951665 11990951666 13071389553 13071389554 13071389555 13071389349 13071389536
15359758,4,2025-08-14T19:12:45+00:00,track,,,1,13071398462
15359787,4,2026-04-30T14:51:50+00:00,track,,,4,12450012699 12450012641 13781363854 13781363853
15359822,3,2025-06-26T21:51:10+00:00,track,,,1,12955137708
15359836,2,2024-01-12T18:09:18+00:00,track,,,3,11511675780 11511675779 11511675778
15359854,5,2023-05-24T00:35:33+00:00,track,,,5,152163316 10923065296 10923054936 10923054935 10923054934
15359867,2,2023-05-23T16:53:00+00:00,residential,,,1,10922143731
15359896,3,2023-05-24T00:31:37+00:00,track,,,2,10923054938 10923054933
15359928,3,2025-03-25T23:25:05+00:00,track,,,3,10923054937 152164099 12700731887
15359943,3,2025-06-26T21:51:10+00:00,track,,,2,12955137744 12955137743
15359960,2,2025-03-29T23:37:40+00:00,track,,,1,12710865008
15359963,4,2026-04-09T16:19:30+00:00,track,,,1,13719015392
15359996,6,2026-03-20T22:27:12+00:00,footway,Rancherias Canyon Trail,,2,13665801230 13665801127
15360024,3,2025-07-01T16:20:00+00:00,track,,,2,12966786610 12966786581
15360108,3,2025-02-05T12:45:05+00:00,track,,,1,12558824824
15360140,2,2026-06-19T14:12:00+00:00,residential,,,1,13952219784
15360141,3,2025-11-28T16:34:21+00:00,track,,,2,13338787438 13338787446
15360156,3,2025-11-28T16:34:21+00:00,track,,,1,13338787466
15360201,2,2020-05-09T03:35:15+00:00,track,,,1,152167639
15360212,3,2025-07-01T16:20:00+00:00,track,,,1,12966786580
15360243,4,2025-07-01T16:20:00+00:00,track,,,1,12966786429
15360250,3,2025-07-01T16:23:34+00:00,track,,,1,12966750685
15360257,2,2025-03-26T17:06:50+00:00,residential,,,2,12703136376 12703136362
15360327,3,2025-08-25T18:59:51+00:00,track,,,3,13071331344 13071318800 13071331400
15360350,4,2023-06-08T13:04:28+00:00,track,,,1,10963547259
15360364,3,2025-03-26T00:05:56+00:00,residential,,,1,12700771207
15360365,3,2025-02-05T12:45:05+00:00,track,,,1,12558824827
15360448,4,2025-03-26T00:02:41+00:00,residential,,,1,12700769122
15360450,2,2025-08-14T19:08:55+00:00,track,,,1,13071389429
15360452,2,2024-12-14T18:22:46+00:00,track,,,1,12423088960
15360475,3,2026-06-12T14:13:53+00:00,residential,,,1,13931399028
15360505,2,2024-03-16T01:47:38+00:00,track,,,1,11735684036
15360513,2,2020-05-09T03:35:15+00:00,track,,,1,152171170
15360521,3,2024-05-30T15:22:39+00:00,track,,,1,11945293420
15360568,5,2024-07-05T21:42:22+00:00,unclassified,,,4,11565126848 11565126849 11565126850 11565126851
15360621,3,2025-06-26T21:51:10+00:00,track,,,2,12955137683 12955137639
15360626,6,2026-06-12T14:13:53+00:00,residential,,,1,13931398987
15360697,3,2024-05-30T15:22:39+00:00,track,,,1,11945293419
15360705,2,2026-06-12T13:19:25+00:00,residential,,,1,13931200410
15360728,3,2024-05-30T15:22:39+00:00,track,,,1,11945293548
15360757,8,2025-09-30T23:27:34+00:00,track,,,4,13185067486 152174002 13185067488 13185067487
15360787,3,2025-10-13T19:01:47+00:00,track,,,2,13231539816 13231539815
15360804,2,2023-06-08T13:18:11+00:00,track,,,1,10963577316
15360826,4,2024-05-29T14:06:23+00:00,track,,,2,11942308306 11940382497
15360840,4,2025-10-13T19:01:47+00:00,track,,,2,12955137592 13231555012
15360859,4,2025-10-13T19:01:47+00:00,track,,,2,13231539886 12955137538
15360911,2,2024-06-18T21:12:50+00:00,track,,,2,11990951663 11990951617
15360940,3,2025-11-28T16:34:21+00:00,track,,,1,13338787413
15360963,2,2024-03-16T01:47:38+00:00,track,,,2,11735684035 11735683839
15360967,5,2023-06-27T00:14:13+00:00,service,,,1,7374749088
15360972,3,2023-02-10T19:34:34+00:00,track,,,1,10646935123
15360992,2,2024-01-12T18:09:18+00:00,track,,,4,11511675856 11511675876 11511675874 11511675875
15361071,5,2024-06-30T17:50:42+00:00,track,,,1,10971457163
15361081,6,2024-03-16T01:47:38+00:00,track,,,1,11735684038
15361094,4,2024-03-16T01:47:38+00:00,track,,,2,11735683343 11735683305
15361110,1,2007-12-06T08:07:59+00:00,track,,,1,152177758
15361135,4,2025-08-14T19:08:55+00:00,track,,,3,13071389982 11735684054 11735684055
15361179,3,2020-05-09T03:35:15+00:00,track,,,1,152178543
15361212,3,2026-06-18T20:38:40+00:00,residential,,,1,13311280110
15361253,4,2024-05-31T16:23:36+00:00,track,,,1,11948232454
15361277,3,2024-05-29T14:12:07+00:00,track,,,7,11942294099 11942321784 11942321785 11942294101 11942294100 11942321786 11942321787
15361309,5,2024-05-29T14:17:10+00:00,track,,,1,11942294097
15361336,4,2024-03-16T01:47:38+00:00,track,,,3,11735682850 11735683037 11735683036
15361412,3,2025-07-01T16:20:00+00:00,track,,,1,12966786699
15361424,5,2025-10-13T16:19:25+00:00,track,,,2,13230759528 13230759543
15361447,4,2024-12-14T18:22:46+00:00,track,,,3,12181354929 12181354930 12181354351
15361509,3,2025-03-03T17:05:43+00:00,track,,,3,12633697081 12633697066 12633697073
15361575,5,2026-04-17T14:51:16+00:00,track,,,3,12685852382 12709862142 12685852383
15361675,4,2025-05-05T22:37:23+00:00,track,,,2,152184913 12813041307
15361758,3,2025-03-20T22:16:12+00:00,track,,,2,12685855854 12685855855
15361766,6,2023-03-26T06:03:04+00:00,residential,Big Bend Sp Main Road,,2,10763113321 10763113320
15361786,5,2026-04-17T14:51:16+00:00,track,,,3,12685813856 12685855856 13737938080
15361894,3,2024-09-17T02:42:39+00:00,track,,,1,12181354538
15361920,3,2025-08-14T19:12:45+00:00,track,,,3,13071398308 13071379693 13071390099
15362125,3,2024-03-16T01:47:38+00:00,track,,,1,11735664627
15362215,2,2025-08-14T19:08:55+00:00,track,,,2,13071367482 152191758
15362219,2,2020-05-09T03:35:15+00:00,track,,,1,152191782
15362266,3,2024-03-26T17:24:27+00:00,track,,,4,11764359012 11764359048 11764359029 11764359109
15362282,3,2025-11-28T16:34:21+00:00,track,,,1,13338787453
15362329,3,2023-02-11T18:01:59+00:00,track,,,1,10649670871
15362342,2,2023-02-11T18:01:59+00:00,track,,,4,10649670867 10649668460 10649670868 10649670869
15362350,3,2026-03-25T13:26:33+00:00,track,,,2,13678297504 13677994060
15362370,3,2026-03-25T13:26:33+00:00,track,,,1,13678297505
15362392,2,2025-03-06T16:41:31+00:00,track,,,1,12641162510
15362460,4,2024-06-04T04:23:03+00:00,track,,,1,11955002527
15362471,3,2024-06-04T04:23:03+00:00,track,,,2,11955002530 11955002531
15362507,3,2024-04-25T21:40:57+00:00,track,,,1,11848484581
15362519,3,2024-04-25T21:40:57+00:00,track,,,1,11848484582
15362537,3,2026-03-25T13:26:33+00:00,track,,,2,13677994048 13677994046
15362567,3,2026-03-25T13:26:33+00:00,track,,,1,13677994022
15362583,2,2025-05-05T22:37:23+00:00,track,,,1,12812618900
15362604,4,2024-12-14T17:40:18+00:00,track,,,3,11940382470 11940382471 11940382472
15362616,4,2025-04-27T18:28:12+00:00,track,,,1,12792155167
15362636,3,2025-03-06T16:41:31+00:00,track,,,1,12641162418
15362806,4,2023-06-12T16:13:44+00:00,track,,,5,10971446594 10971457017 10971457018 10971457019 10971457054
15362843,3,2024-05-28T19:20:32+00:00,track,,,1,11940382498
15362858,5,2025-09-06T19:43:26+00:00,track,,,1,152199307
15362869,3,2025-07-28T16:51:12+00:00,track,,,1,13031956033
15362876,4,2025-07-28T16:51:12+00:00,track,,,1,13031956032
15362908,2,2025-03-06T16:47:53+00:00,track,,,3,12641186852 152199927 152199940
15362933,4,2024-04-25T21:40:57+00:00,track,,,1,11848484529
15362957,3,2024-04-25T21:40:57+00:00,track,,,2,11848484534 11848484528
15362993,4,2025-01-25T17:46:27+00:00,residential,,,2,11048147868 11048139359
15363044,3,2025-09-16T20:09:35+00:00,residential,,,5,13148120981 13148120982 13148124709 13148124710 13148124711
15363095,4,2025-09-06T19:59:58+00:00,track,,,1,13085079508
15363107,3,2024-12-23T16:27:40+00:00,track,,,1,12444612204
15363124,3,2024-03-19T23:00:54+00:00,track,,,1,11746868380
15363126,3,2024-03-19T23:00:54+00:00,track,,,1,11746868379
15363144,3,2024-05-29T14:06:23+00:00,track,,,3,11942307771 11942307803 152202919
15363212,3,2025-03-25T23:25:05+00:00,track,,,2,10923049377 12700734348
15363225,4,2025-03-10T19:45:16+00:00,track,,,2,152204019 10963547254
15363251,2,2023-06-01T21:01:03+00:00,track,,,2,10945029276 10945029277
15363272,3,2024-06-04T04:23:03+00:00,track,,,10,11955002543 11955002542 11955002541 11955002540 11955002539 11955002538 11955002537 152204694 11955002536 152204707
15363282,2,2025-03-25T23:25:05+00:00,track,,,1,12700734347
15363312,3,2025-09-02T19:19:33+00:00,track,,,2,13115198959 152205147
15363322,3,2025-02-19T20:43:05+00:00,track,,,1,12601805587
15363332,3,2025-07-28T16:51:12+00:00,track,,,1,13031956116
15363399,3,2024-09-17T02:33:10+00:00,track,,,2,12181343038 12181343003
15363473,3,2025-03-06T16:41:31+00:00,track,,,1,12641162555
15363512,4,2025-10-13T16:19:25+00:00,track,,,1,13230759807
15363524,3,2025-08-20T18:38:24+00:00,track,,,1,13085076397
15363568,2,2024-09-17T02:33:10+00:00,track,,,1,12181342907
15363584,3,2025-08-20T18:38:24+00:00,track,,,1,13085076398
15363590,4,2024-12-14T18:22:46+00:00,track,,,1,12181342909
15363628,4,2024-04-25T21:40:57+00:00,track,,,1,11848484583
15363703,6,2024-12-23T16:27:40+00:00,track,,,6,12181342849 12181343144 12181343189 12444610879 12423120642 11746868544
15363743,2,2025-03-06T16:41:31+00:00,track,,,1,12641162498
15363770,3,2024-03-26T17:24:27+00:00,track,,,1,11764359126
15363777,2,2025-03-06T16:41:31+00:00,track,,,1,12641162509
15363818,3,2024-03-26T17:24:27+00:00,track,,,1,11764358976
15363865,3,2025-09-06T19:43:26+00:00,track,,,1,13123870499
15363873,4,2025-09-06T19:43:26+00:00,track,,,1,13123870496
15363887,3,2023-06-08T13:18:11+00:00,track,,,1,10963577496
15363900,3,2024-03-19T23:00:54+00:00,track,,,1,11746868391
15363907,3,2025-09-06T19:59:58+00:00,track,,,1,13123891442
15363948,3,2025-03-06T16:47:53+00:00,track,,,2,12641187188 12641187190
15363953,3,2024-05-08T15:45:19+00:00,track,,,1,11889333145
15363961,3,2023-06-08T13:04:28+00:00,track,,,1,10963547132
15364005,5,2024-06-18T13:04:36+00:00,track,,,1,10963587459
15364032,4,2025-03-29T14:22:11+00:00,track,,,2,12709871922 12650600448
15364042,3,2024-05-28T19:20:32+00:00,track,,,1,11940382425
15364133,3,2026-01-19T19:31:45+00:00,track,,,1,13468956114
15364149,3,2024-05-28T19:20:32+00:00,track,,,1,11940382424
15364152,3,2024-09-17T02:33:10+00:00,track,,,1,12181342908
15364157,3,2023-06-08T13:18:11+00:00,track,,,1,10963577497
15364163,3,2025-03-10T19:45:16+00:00,track,,,1,12650600415
15364189,3,2025-03-10T19:45:16+00:00,track,,,5,152215744 12650600274 12650600257 12650600258 12650600205
15364256,3,2025-03-10T19:45:16+00:00,track,,,1,12650600414
15364287,3,2025-09-06T19:54:38+00:00,track,,,1,13123900325
15364302,3,2023-06-08T13:18:11+00:00,track,,,2,10963577422 10963577622
15364316,3,2025-09-06T19:54:38+00:00,track,,,1,13123900354
15364333,2,2025-03-26T17:12:48+00:00,residential,,,1,12703147137
15364341,2,2025-09-06T19:43:26+00:00,track,,,1,13123888933
15364369,8,2025-10-28T16:43:54+00:00,residential,,,9,13265355825 12703147339 152217479 12703147340 12703147341 12703147206 12703147205 12703147287 12703147279
15364406,3,2025-08-20T18:38:24+00:00,track,,,2,13085079525 13085079524
15364514,3,2023-06-08T13:18:11+00:00,track,,,1,10963577754
15364536,3,2023-06-08T13:31:25+00:00,track,,,8,10963602885 10963602886 10963602887 10963602888 10963602889 10963602890 10963602891 10963602892
15364542,3,2025-03-10T19:45:16+00:00,track,,,1,12650600204
15364627,2,2024-05-29T14:12:07+00:00,track,,,4,11942321780 11942321781 11942321782 11942321783
15364684,3,2025-03-29T13:36:14+00:00,track,,,3,12709799746 12709799747 11216233114
15364702,4,2026-03-27T15:33:29+00:00,track,,,2,11889333199 13684981199
15364772,5,2026-03-27T15:33:29+00:00,track,,,3,13684941367 11889333200 13684981192
15364800,4,2026-04-17T14:51:16+00:00,track,,,2,11889333061 11889333051
15364826,3,2024-05-08T15:45:19+00:00,track,,,1,11889323416
15364843,4,2025-03-29T13:36:14+00:00,track,,,1,11555212043
15364858,4,2025-09-06T19:54:38+00:00,track,,,1,13123870456
15364868,2,2023-07-15T14:53:31+00:00,residential,,,1,11048149159
15364890,3,2024-04-30T15:49:20+00:00,residential,,,1,11869402720
15364897,3,2026-04-17T14:51:16+00:00,track,,,1,13737938239
15364905,4,2026-08-02T01:37:11+00:00,track,,,3,12337711357 13728440487 14067347107
15364919,5,2025-01-26T16:16:33+00:00,track,,,2,11889309467 12534245584
15364954,3,2025-09-06T14:08:17+00:00,residential,,,2,11889309394 13123462001
15364968,3,2024-05-29T14:12:07+00:00,track,,,1,11942294098
15364975,3,2023-06-08T13:25:01+00:00,track,,,1,10963587137
15365031,3,2026-01-19T19:31:45+00:00,track,,,1,13468862200
15365060,5,2026-09-07T16:26:17+00:00,track,,,7,10963587138 10963587139 10963547134 10963547133 152227177 14159966674 14159966673
15365076,4,2025-03-29T13:36:14+00:00,track,,,1,12709799743
15365120,2,2026-03-25T16:11:02+00:00,residential,,,1,13679255093
15365145,2,2024-05-31T16:23:36+00:00,track,,,1,11948232409
15365166,6,2024-03-16T01:47:38+00:00,track,,,1,11735684051
15365181,3,2023-06-08T13:18:11+00:00,track,,,3,10963577753 10963577752 10963577751
15365190,8,2024-06-18T20:38:14+00:00,track,Oso Loop,,3,11990894958 11990894954 11990894953
15365249,2,2021-06-14T01:24:17+00:00,residential,,,1,8830640682
15365292,3,2024-05-08T15:45:19+00:00,track,,,1,11889333052
15365295,3,2023-06-12T16:09:45+00:00,track,,,1,10971446547
15365362,3,2024-12-22T01:47:04+00:00,track,,,1,12440274853
15365389,3,2024-12-22T01:47:04+00:00,track,,,1,12440274852
15365393,2,2026-04-18T22:59:59+00:00,residential,,,4,13741230561 13741230562 13741230537 13741230538
15365421,3,2025-01-26T16:16:33+00:00,track,,,1,12534245623
15365441,3,2025-03-29T13:36:14+00:00,track,,,2,12709799742 12709799740
15365493,2,2021-06-14T01:24:17+00:00,track,,,1,8830640684
15365497,3,2025-04-06T12:15:13+00:00,track,,,1,12733625383
15365502,4,2024-12-22T01:47:04+00:00,track,,,2,12440274913 11564610879
15365504,3,2026-04-17T14:51:16+00:00,track,,,1,13737938051
15365509,3,2024-05-31T16:23:36+00:00,track,,,1,11948232453
15365511,3,2024-05-08T15:45:19+00:00,track,,,1,11889333024
15365515,4,2024-05-08T15:37:08+00:00,track,,,1,11889309280
15365516,2,2026-04-18T22:59:59+00:00,residential,,,1,13741230581
15365517,3,2024-05-08T15:45:19+00:00,track,,,1,11889333023
15365542,8,2024-03-23T15:17:01+00:00,track,Old Government Road,,21,11755669162 11755684771 11755684770 11755684769 152236593 11755669160 11755669165 11755669163 11755669164 11755669167 11755669168 11755669166 11755684772 11755684780 11755684781 11755684782 11755684783 11755684784 11755684785 11755684786 11755684787
15365557,3,2025-04-06T12:15:13+00:00,track,,,2,12733637373 12733637374
15365597,4,2026-04-09T21:25:30+00:00,track,,,1,13719603613
15365608,3,2026-03-25T01:12:57+00:00,track,,,1,13676599404
15365620,3,2025-04-06T12:15:13+00:00,track,,,2,12733625362 12733625363
15365631,2,2026-02-02T16:47:40+00:00,residential,,,1,13519911130
15365634,2,2023-05-23T16:53:00+00:00,residential,,,3,10922143336 10922143288 10922143257
15365654,4,2025-08-26T19:42:14+00:00,track,,,6,13098980905 13098980917 13098980916 13098980914 13098980908 13098980906
15365690,2,2024-02-27T23:02:10+00:00,track,,,2,152239540 11670356701
15365722,2,2026-04-18T22:59:59+00:00,residential,,,3,13741230519 13741230521 13741230523
15365723,3,2026-03-27T15:03:29+00:00,track,,,1,13684941360
15365755,3,2026-02-09T20:51:03+00:00,track,,,1,13538792112
15365763,2,2023-06-20T19:34:56+00:00,residential,Leinweber Boulevard,,1,10992687332
15365816,3,2024-12-22T01:47:04+00:00,track,,,1,12440274916
15365827,2,2023-05-23T16:53:00+00:00,residential,,,1,10922143289
15365839,2,2023-06-20T20:03:55+00:00,service,,,2,10992721225 10992721110
15365840,4,2025-09-06T19:59:58+00:00,track,,,2,13085079509 13123891450
15365845,2,2019-08-15T23:07:18+00:00,residential,,,1,6713295794
15365857,2,2019-08-15T23:07:18+00:00,residential,,,1,6713295793
15365866,2,2019-08-15T23:07:18+00:00,residential,,,1,6713295779
15365879,2,2024-02-27T23:02:10+00:00,track,,,1,11670356702
15365882,3,2025-01-12T16:14:09+00:00,residential,,,1,12496160269
15365928,5,2025-01-26T16:16:33+00:00,track,,,3,11889309468 11889309469 11889309470
15365937,3,2024-01-29T18:21:43+00:00,residential,,,4,11048148968 11565084913 11565084937 11565084938
15365947,3,2026-04-17T14:51:16+00:00,track,,,8,13737938256 13737938257 13737938255 13737938184 13737938254 13737938253 13737938252 152244703
15365957,5,2025-10-21T17:27:48+00:00,track,,,2,13248254817 11670356954
15365997,2,2023-12-18T18:01:09+00:00,residential,,,1,11429395261
15366013,3,2026-06-18T20:38:40+00:00,residential,,,2,10922144769 10922144762
15366047,3,2025-10-21T17:27:48+00:00,track,,,1,13248254816
15366062,6,2024-03-24T19:50:28+00:00,track,,,2,11758967901 11758967900
15366077,3,2023-05-23T16:53:00+00:00,service,,,4,10922143735 10922143734 10922143738 10922143733
15366119,3,2026-03-27T15:03:29+00:00,track,,,1,13684941353
15366148,3,2024-01-29T15:34:24+00:00,track,,,1,11564610878
15366189,5,2024-12-24T19:16:37+00:00,service,,,2,11041587048 12450012711
15366224,5,2024-12-24T19:16:37+00:00,service,,,1,12450012704
15366228,3,2026-03-27T15:03:29+00:00,track,,,1,13684941361
15366244,3,2025-11-28T16:34:21+00:00,track,,,1,13338787488
15366262,4,2024-10-26T00:25:14+00:00,track,,,2,12289085473 12289085464
15366316,4,2025-10-21T17:27:48+00:00,track,,,1,13248254854
15366319,2,2026-02-02T16:47:40+00:00,residential,,,2,13519911124 13519911128
15366331,3,2026-03-27T15:03:29+00:00,track,,,1,13684941305
15366348,4,2025-09-23T19:26:20+00:00,track,,,1,13165892512
15366383,2,2026-03-25T16:11:02+00:00,residential,,,2,13679255374 13679255375
15366412,2,2025-03-26T17:12:48+00:00,residential,,,1,152253441
15366419,2,2025-03-26T17:12:48+00:00,residential,,,1,12703058450
15366451,5,2025-03-03T17:05:43+00:00,track,,,2,11880506994 11880506882
15366456,6,2024-03-24T19:50:28+00:00,track,,,2,11758967929 6333998893
15366465,3,2023-07-16T13:03:31+00:00,track,,,1,11049371189
15366477,3,2023-07-16T13:03:31+00:00,track,,,1,11049371190
15366512,5,2026-05-17T23:31:00+00:00,track,,,1,12710864995
15366513,3,2025-08-26T19:42:14+00:00,track,,,1,6713295683
15366549,10,2024-09-20T20:16:15+00:00,unclassified,Rincon Road,,3,8483508060 12188950518 6333998907
15366555,2,2025-08-25T22:31:23+00:00,residential,,,1,13097265488
15366557,3,2026-02-02T16:47:40+00:00,residential,,,11,13519911167 13519911157 13519911162 13519911166 13519911179 13519911181 152256135 13519911177 13519911161 13519911148 13519910844
15366594,2,2026-04-18T22:59:59+00:00,residential,,,1,13741230458
15366597,3,2025-09-16T20:09:35+00:00,residential,,,1,13148124770
15366612,5,2025-11-24T05:17:02+00:00,track,,,1,11670356951
15366619,4,2025-03-26T00:02:41+00:00,residential,,,2,152257344 12700768890
15366660,13,2024-04-09T22:54:53+00:00,unclassified,Madrid Falls Road,,4,6333998927 11805996162 11758990726 6333998928
15366675,3,2024-12-18T17:08:23+00:00,track,,,2,12431294600 10887441978
15366700,3,2026-02-02T16:47:40+00:00,service,,,2,152258235 13519911132
15366701,8,2024-04-09T22:56:49+00:00,track,,,1,11805975093
15366739,4,2023-09-15T14:23:08+00:00,track,,,1,11193754857
15366775,2,2023-07-12T03:23:59+00:00,track,,,1,11041513540
15366825,4,2024-06-30T17:50:42+00:00,track,,,3,10971457142 10971457055 10971457081
15366837,2,2026-04-18T22:59:59+00:00,residential,,,2,13741230491 13741230607
15366840,5,2025-03-29T19:17:25+00:00,track,,,1,11735664628
15366861,2,2026-04-18T22:59:59+00:00,residential,,,1,13741185992
15366872,6,2025-11-17T16:45:59+00:00,service,,,5,13311280111 10922287726 10922287727 10922156539 12733627935
15366882,5,2025-03-29T14:26:59+00:00,track,,,2,12289085463 12289097320
15366900,5,2023-07-12T04:06:58+00:00,service,,,2,11041587055 11041564287
15366904,2,2025-06-13T21:35:05+00:00,residential,,,1,12913452457
15366937,3,2024-06-04T04:23:03+00:00,track,,,1,11955002529
15366954,2,2025-06-13T21:35:05+00:00,residential,,,1,12913452409
15366961,3,2026-03-25T01:12:57+00:00,track,,,1,13676599403
15366973,4,2024-12-24T19:16:37+00:00,track,,,2,11041538708 12450012714
15366977,3,2024-03-26T17:28:52+00:00,track,,,1,11764366233
15367018,10,2025-05-05T22:37:48+00:00,residential,La Mota Road,,3,12812868768 12812868767 6333947670
15367027,3,2024-04-09T22:52:27+00:00,track,,,3,11805998048 11805998049 11805998050
15367029,2,2026-03-25T16:11:02+00:00,residential,,,1,13679254968
15367051,3,2023-02-11T18:01:59+00:00,track,,,1,10649670872
15367057,3,2023-07-12T03:23:59+00:00,track,,,1,11041513579
15367063,3,2026-03-25T01:12:57+00:00,track,,,1,13676598948
15367079,3,2024-04-03T20:31:02+00:00,residential,,,1,11784597901
15367112,4,2023-07-12T03:49:28+00:00,track,,,3,11041564300 11041538710 11041513585
15367155,3,2024-06-04T04:23:03+00:00,track,,,2,11955002533 11955002532
15367160,2,2024-12-24T17:30:21+00:00,track,,,1,12449864981
15367201,2,2026-03-25T16:11:02+00:00,service,,,1,13679254944
15367225,3,2024-06-04T04:23:03+00:00,track,,,1,11955002526
15367258,3,2024-06-04T04:23:03+00:00,track,,,1,11955002534
15367270,3,2025-09-02T19:19:33+00:00,track,,,1,13115198744
15367284,3,2024-03-26T17:28:52+00:00,track,,,1,11764366314
15367300,3,2023-07-02T03:50:42+00:00,track,,,1,11019034715
15367323,3,2025-03-03T17:05:43+00:00,track,,,1,12633697124
15367324,3,2023-07-16T13:03:31+00:00,track,,,1,11049371199
15367333,2,2025-09-23T19:26:20+00:00,track,,,1,13165892511
15367348,3,2023-07-12T02:48:20+00:00,track,,,1,11041499084
15367361,3,2025-08-26T19:42:14+00:00,track,,,1,6713295640
15367363,2,2024-12-19T20:19:40+00:00,residential,,,1,12434295693
15367402,2,2024-01-09T22:46:23+00:00,track,,,3,11504486154 11504486155 11504486156
15367431,4,2025-03-29T14:26:59+00:00,track,,,1,12289097413
15367457,4,2024-12-14T20:41:16+00:00,track,,,3,11570562539 11210317017 12423321946
15367468,4,2024-12-14T20:41:16+00:00,track,,,1,11555364131
15367475,3,2026-04-30T14:50:21+00:00,track,,,1,13781368779
15367484,4,2023-06-19T20:31:41+00:00,service,,,1,10990269211
15367530,4,2024-06-04T04:23:03+00:00,track,,,2,11955002535 11955001925
15367564,2,2024-03-26T17:24:27+00:00,track,,,2,11764359493 11764359458
15367570,1,2007-12-06T09:03:57+00:00,residential,,,1,152273536
15367584,2,2025-08-24T17:14:59+00:00,track,,,1,13094838799
15367619,3,2025-03-03T17:05:43+00:00,track,,,1,12633697083
15367627,3,2026-04-30T14:51:50+00:00,track,,,1,13781363833
15367648,3,2026-02-02T16:47:40+00:00,residential,,,1,13519911011
15367655,3,2026-04-30T14:50:21+00:00,track,,,1,13781368775
15367669,2,2025-09-02T19:19:33+00:00,track,,,1,13115198743
15367686,1,2007-12-06T09:05:28+00:00,track,,,1,152276034
15367690,3,2024-12-24T19:16:37+00:00,track,,,1,12450012703
15367697,3,2024-06-04T04:23:03+00:00,track,,,1,11955002544
15367720,2,2026-03-25T16:11:02+00:00,residential,,,1,13679232376
15367743,8,2024-01-29T18:37:42+00:00,unclassified,,,1,11565126852
15367760,2,2024-03-26T17:24:27+00:00,track,,,1,11764359494
15367807,3,2025-06-26T21:51:10+00:00,track,,,1,12955137826
15367814,3,2025-04-06T12:15:13+00:00,track,,,1,12733637447
15367845,2,2011-02-04T17:01:18+00:00,residential,,,1,150443175
15367864,3,2025-09-02T19:19:33+00:00,track,,,3,13115198953 13115198938 13115198605
15367875,2,2026-03-25T16:11:02+00:00,residential,,,1,13679232377
15367877,2,2021-06-14T01:24:17+00:00,service,,,1,8830640681
15367880,3,2024-12-14T17:40:18+00:00,track,,,1,12423051345
15367956,6,2026-07-03T17:06:18+00:00,residential,,,6,12700768889 11504486157 13986396926 13986396889 12423321945 12423321943
15368006,2,2025-08-14T19:12:45+00:00,track,,,2,13071398399 13071398401
15368017,3,2025-08-26T19:42:14+00:00,track,,,1,6713295661
15368036,3,2025-04-06T12:15:13+00:00,track,,,1,12733637444
15368047,3,2025-08-19T18:25:45+00:00,track,,,1,13082365780
15368061,3,2026-04-11T16:41:26+00:00,track,,,2,152282436 13723568133
15368070,2,2026-02-02T16:47:40+00:00,residential,,,6,13519911071 13519911064 13519911055 13519911045 13519911030 13519911018
15368071,3,2024-06-04T04:23:03+00:00,track,,,1,11955002545
15368083,3,2025-08-19T18:25:45+00:00,track,,,1,13082365810
15368115,3,2026-08-02T01:37:11+00:00,track,,,4,13728464896 14067347176 14067347106 14067347218
15368147,3,2025-08-14T19:12:45+00:00,track,,,1,13071398398
15368154,3,2024-04-25T21:40:57+00:00,track,,,1,11848484390
15368171,3,2024-04-25T21:40:57+00:00,track,,,1,11848484391
15368184,3,2025-04-27T18:28:12+00:00,track,,,1,12792155166
15368223,3,2026-07-03T17:06:18+00:00,track,,,5,13986396815 13986396785 13986396723 13986396630 13986394948
15368236,3,2025-08-19T18:25:45+00:00,track,,,1,13082365648
15368250,2,2026-04-18T22:59:59+00:00,residential,,,2,13741230454 13741230452
15368256,2,2025-01-12T16:14:09+00:00,residential,,,1,12496160304
15368265,3,2024-06-04T04:23:03+00:00,track,,,1,11955002528
15368283,3,2025-04-06T12:15:13+00:00,track,,,1,12733637543
15368307,3,2023-06-08T13:18:11+00:00,track,,,1,10963577223
15368347,4,2025-08-14T19:12:45+00:00,track,,,5,11990910629 11990951388 11990951413 11990951426 13071398400
15368434,3,2024-09-17T02:42:39+00:00,track,,,1,12181354934
15368445,2,2025-05-08T15:56:03+00:00,track,Highway 169,,1,11216246667
15368450,3,2024-01-12T18:09:18+00:00,residential,,,1,11511675653
15368457,2,2026-04-18T22:59:59+00:00,residential,,,3,13741230450 13741230447 13741230489
15368478,4,2025-03-26T00:05:56+00:00,residential,,,1,12700771298
15368518,2,2019-08-15T23:07:18+00:00,residential,,,1,6713295780
15368537,5,2023-06-25T21:49:26+00:00,service,,,1,10971457206
15368556,2,2019-08-15T23:07:18+00:00,residential,,,1,6713295629
15368586,3,2024-12-14T17:40:18+00:00,track,,,1,12423051348
15368599,2,2023-05-11T17:41:18+00:00,track,,,1,10887441980
15368606,2,2021-06-14T01:24:17+00:00,service,,,1,8830640736
15368615,4,2024-12-24T17:30:21+00:00,track,,,2,152292523 11041564255
15368632,6,2024-12-24T19:16:37+00:00,track,,,2,12450012662 12450012663
15368633,4,2024-12-24T19:16:37+00:00,track,,,1,12450012713
15368649,2,2021-06-14T01:24:17+00:00,residential,,,1,8830640685
15368665,3,2023-06-27T00:34:46+00:00,service,,,1,7374749087
15368699,3,2025-06-26T21:51:10+00:00,track,,,2,12955137824 12955137825
15368723,2,2024-12-24T17:30:21+00:00,track,,,1,12449864950
15368751,2,2011-02-04T17:02:16+00:00,residential,,,1,150426502
15368765,3,2024-12-24T17:30:21+00:00,track,,,3,12431294595 12431294593 12449864969
15368823,3,2025-02-05T12:45:05+00:00,track,,,2,12558824866 12558824861
15368844,3,2023-06-19T22:13:19+00:00,service,,,1,10990419949
15368845,3,2025-06-26T21:51:10+00:00,track,,,1,12955137796
15368870,4,2025-06-26T21:51:10+00:00,track,,,3,12733637448 12955137793 12955137795
15368931,3,2025-07-01T16:23:34+00:00,track,,,1,12966801116
15368937,2,2011-02-04T17:00:51+00:00,residential,,,1,150491153
15369000,3,2025-07-01T16:20:00+00:00,track,,,5,12966786425 12966786426 12966786427 12966786428 12966786430
15369016,4,2024-03-16T01:47:38+00:00,track,,,1,11735684052
15369082,4,2025-05-08T15:56:03+00:00,track,Cienega Mountain Road,,1,9621264100
15369101,2,2025-11-17T16:45:59+00:00,service,,,7,13311279956 13311232173 13311232171 13311232170 13311279904 13311279903 13311279926
15369158,3,2024-09-17T02:46:16+00:00,track,,,1,12181356840
15369231,4,2025-07-01T16:20:00+00:00,track,,,3,12966786490 12966786356 12966786336
15369260,3,2025-08-14T18:22:21+00:00,track,,,3,12641187205 12641187187 13071331378
15369264,3,2025-06-26T21:51:10+00:00,track,,,1,12955137680
15369381,3,2023-05-24T00:31:37+00:00,track,,,2,152304478 10923054939
15369400,3,2025-08-14T19:08:55+00:00,track,,,2,12641187186 152305098
15369419,2,2023-06-20T05:22:01+00:00,service,,,1,10991325927
15369437,2,2024-06-18T21:12:50+00:00,track,,,1,11990951661
15369501,2,2025-11-17T16:45:59+00:00,service,,,1,13311232172
15369505,2,2025-11-17T16:45:59+00:00,service,,,2,13311279957 13311279958
15369527,4,2025-09-06T19:54:38+00:00,track,,,4,13123870450 13123900333 13123900343 13123870500
15369578,3,2023-06-08T13:04:28+00:00,track,,,1,10963547260
15369583,2,2026-05-22T14:57:36+00:00,track,,,1,150471701
15369601,3,2025-03-20T22:16:12+00:00,track,,,1,12685852392
15369604,2,2023-06-20T19:34:56+00:00,service,,,3,10992687375 10992687356 10992687339
15369681,4,2026-04-17T14:51:16+00:00,track,,,1,12289097538
15369747,3,2024-10-26T00:35:28+00:00,track,,,1,12289097495
15369790,3,2024-04-25T21:40:57+00:00,track,,,1,11848484568
15369793,4,2024-07-05T21:42:22+00:00,residential,,,1,11565126847
15369803,3,2023-06-20T05:56:26+00:00,residential,Cedar Creek Road,,1,10991363869
15369804,4,2024-12-14T17:40:18+00:00,track,,,1,11940382469
15369868,3,2024-04-25T21:40:57+00:00,track,,,1,11848484423
15369882,2,2023-03-26T06:03:04+00:00,track,,,1,10763113319
15369894,4,2025-09-24T03:30:38+00:00,residential,Hackberry Road,,6,12496160112 152311759 12496160268 12496160303 12496160302 12496160301
15369974,3,2025-10-04T15:00:43+00:00,track,,,2,13193069842 152313984
15369978,3,2023-06-08T13:18:11+00:00,track,,,1,10963577421
15369992,3,2025-09-02T19:19:33+00:00,track,,,1,13115198939
15370010,5,2023-06-19T22:30:27+00:00,residential,H E B River Road,,1,10990363188
15370030,3,2023-06-08T13:25:01+00:00,track,,,3,10963587275 152314928 152314933
15370050,3,2025-03-06T16:41:31+00:00,track,,,1,12641162579
15370056,3,2023-06-08T13:04:28+00:00,track,,,1,10963547255
15370089,4,2023-06-08T13:31:25+00:00,track,,,7,10963602818 10963602819 152315715 10963602820 10963587711 152315804 10963587712
15370095,3,2026-03-25T13:26:33+00:00,track,,,1,13677994091
15370131,2,2023-06-01T21:01:03+00:00,track,,,13,10945029264 10945029275 10945029265 10945029266 10945029273 10945029267 10945029271 10945029268 10945029269 152316546 10945029270 10945029272 10945029274
15370147,5,2026-09-07T16:26:17+00:00,track,,,3,10963547131 14159966642 10963577548
15370152,3,2023-06-08T13:31:25+00:00,track,,,1,10963602893
15370177,4,2024-05-29T14:17:10+00:00,track,,,4,10963587714 10963587715 10963587713 10963587716
15370223,3,2026-01-16T15:49:27+00:00,track,,,3,13460645290 13460680138 13460680103
15370236,4,2026-03-27T15:33:29+00:00,track,,,1,13684981170
15370251,3,2026-03-27T15:03:29+00:00,track,,,2,13684941369 152319224
15370269,3,2025-03-10T19:45:16+00:00,track,,,1,12650600367
15370340,4,2025-09-06T19:59:58+00:00,track,,,2,13123891441 13123900355
15370399,4,2025-09-06T19:54:38+00:00,track,,,2,13123900377 13123888923
15370410,4,2026-03-27T15:33:29+00:00,track,,,2,13684981198 13684981197
15370462,4,2023-06-08T13:25:01+00:00,track,,,6,10963587184 10963577710 10963577623 10963577749 10963577750 10963577768
15370484,3,2025-09-06T14:08:17+00:00,track,,,3,11151229803 11151229787 13123462023
15370498,3,2024-12-19T20:19:40+00:00,residential,Shadow Valley Road,,1,12434295691
15370507,3,2024-09-17T02:42:39+00:00,track,,,4,12181354928 12181354931 12181354933 12181354932
15370520,5,2026-04-17T14:51:16+00:00,track,,,1,13737938050
15370568,3,2024-12-22T01:47:04+00:00,track,,,1,12440274854
15370596,2,2025-03-29T23:37:40+00:00,track,,,1,12710864904
15370601,3,2023-08-30T15:05:06+00:00,track,,,1,11156268547
15370613,3,2023-09-07T01:48:29+00:00,track,,,1,11173248884
15370631,3,2024-05-08T15:45:19+00:00,track,,,1,11889333022
15370669,3,2024-05-08T15:37:08+00:00,track,,,1,11889309466
15370709,3,2023-06-20T17:56:43+00:00,track,Cox Crossing,,1,10992545434
15370723,3,2023-06-08T13:18:11+00:00,track,,,1,10963577769
15370735,3,2026-04-17T14:51:16+00:00,track,,,1,13737938243
15370786,3,2025-11-24T05:17:02+00:00,track,,,1,13327533717
15370818,4,2025-03-26T17:12:48+00:00,residential,,,5,10922143290 152328609 12703136330 12703136172 12703147128
15370883,5,2025-08-20T00:05:54+00:00,residential,Dry Creek Road,,2,8098573502 8098573504
15370885,3,2025-10-21T17:27:48+00:00,track,,,1,13248254765
15370888,2,2020-05-09T03:35:15+00:00,track,,,1,152330075
15370909,4,2019-03-12T19:39:50+00:00,residential,Solitario Road West,,1,6333998887
15370950,2,2024-12-24T17:30:21+00:00,track,,,1,12449865005
15370979,4,2025-01-18T17:03:01+00:00,track,,,1,12512547035
15371073,4,2023-07-12T03:49:28+00:00,track,,,3,11041513586 11041564299 11041538709
15371078,3,2026-03-25T16:11:02+00:00,residential,Cox Lane,,1,13679254943
15371119,4,2025-03-29T14:26:59+00:00,track,,,1,12289097321
15371120,5,2025-08-26T19:42:14+00:00,residential,Lower Sabinal River Road,,1,149291421
15371133,2,2023-07-12T03:23:59+00:00,track,,,1,11041513580
15371171,3,2024-03-26T17:28:52+00:00,track,,,1,11764366238
15371180,3,2024-03-26T17:28:52+00:00,track,,,1,11764355656
15371202,4,2023-06-20T05:22:01+00:00,residential,Haby Ranch Road,,3,152335569 10991295347 10991326531
15371348,4,2025-07-01T16:23:34+00:00,track,,,2,12733637544 12966801225
15371411,4,2024-12-24T17:30:21+00:00,track,,,1,11041549687
15371419,4,2024-12-24T17:30:21+00:00,track,,,2,12449865001 11041534288
15371432,3,2025-04-27T18:28:12+00:00,track,,,2,12792155165 12792155164
15371465,4,2026-05-22T16:32:19+00:00,residential,Pendley Road,,1,12434295692
15371475,4,2025-03-26T00:05:56+00:00,residential,,,1,12700771293
15371477,3,2024-03-26T17:28:52+00:00,track,,,1,11764366267
15371521,2,2020-05-09T03:35:15+00:00,track,,,1,152341379
15371523,3,2026-03-25T16:11:02+00:00,residential,Satterfield Road,,5,13679255225 13679255226 13679255215 152341334 13679255259
15371548,3,2025-07-01T16:23:34+00:00,track,,,2,152341772 12966801159
15371692,2,2024-06-18T21:12:50+00:00,track,,,3,11990951667 11990951414 11990951662
15371698,3,2025-08-14T19:08:55+00:00,track,,,6,11990951664 13071367441 13071367442 13071367416 13071367429 13071389602
15371757,3,2026-03-25T16:11:02+00:00,residential,Brushy Road,,1,13679255139
15371809,7,2025-05-08T16:02:55+00:00,track,Nopal Road,,3,11041564288 12450012611 12450012610
15371831,4,2026-04-11T16:41:26+00:00,track,,,1,13723568207
15371844,2,2026-04-13T20:50:59+00:00,track,,,1,13728440488
15371915,2,2024-12-24T17:30:21+00:00,track,,,1,12449865006
15371921,2,2024-12-18T17:08:23+00:00,track,,,1,12431294599
15371926,4,2024-12-24T17:30:21+00:00,track,,,1,11041587034
15371970,3,2026-04-18T22:59:59+00:00,residential,Home Hollow Road,,2,13741230605 13741230606
15371988,5,2024-12-31T16:25:57+00:00,residential,Ray McDonald Ranch Road,,1,12465602938
15372019,2,2025-03-06T16:47:53+00:00,track,,,1,12641187189
15372073,4,2025-01-21T08:53:19+00:00,residential,Walter White Ranch Road,,1,152350138
15372086,6,2023-06-12T16:13:44+00:00,unclassified,Porto Rico Street,,1,10971457205
15372097,6,2025-02-05T12:45:05+00:00,residential,Antelope Hills Road,,1,12558833429
15372113,4,2025-05-08T15:56:03+00:00,residential,Bofecillos Road,,1,10763113322
15372159,2,2025-07-03T15:21:58+00:00,residential,San Marino,,1,12974070592
15372165,4,2025-02-05T12:45:05+00:00,residential,Golf Course Road,,1,12558833432
15372170,4,2026-03-25T16:11:02+00:00,residential,Canyon Ranch Road,,2,13679255446 13679255467
15372171,9,2026-03-25T01:02:14+00:00,residential,East Madrid Street,,1,13676569846
15372289,3,2023-06-20T19:12:39+00:00,residential,Prade Ranch Road,,2,10992663580 10992663579
15372364,6,2025-09-30T23:27:34+00:00,residential,Solitario Road,,4,13185067481 13185067482 13185067483 13185067484
15372443,4,2024-05-08T15:37:08+00:00,track,Old Brite Road,,1,11889309465
15372451,4,2025-01-26T16:16:33+00:00,track,Old Brite Road,,1,12534245596
15372488,6,2023-03-26T06:03:04+00:00,track,,,1,10763113292
15372507,2,2026-03-25T16:11:02+00:00,residential,Jo Jan Van,,1,13679255160
15372514,7,2023-03-26T06:03:04+00:00,track,Casa Ramon Trail,,1,10763113291
15372518,3,2025-10-13T16:19:25+00:00,residential,Casa Piedra,,1,13230759572
15372577,5,2025-10-16T21:02:13+00:00,residential,West El Paso Street,,1,13237920492
15372614,4,2026-02-02T16:47:40+00:00,residential,Caprock Ranch Road,,2,8830640680 13519910846
15372696,3,2026-03-25T16:11:02+00:00,residential,Bullhead Road,,1,13679255258
15372710,2,2021-06-14T01:24:17+00:00,residential,Exile Cemetery,,1,8830640687
15372763,3,2026-03-25T16:11:02+00:00,residential,Brown Road,,1,13679255039
15372809,3,2026-03-25T16:11:02+00:00,residential,Brown Road,,1,13679255044
15372822,4,2025-10-13T16:19:25+00:00,residential,Casa Piedra,,1,13230759716
15372886,7,2025-05-08T15:56:03+00:00,unclassified,Ranch Road 169,,1,10763113180
15372914,2,2025-09-02T19:19:33+00:00,track,Ranch Road 169,,1,13115198604
15372919,3,2024-03-26T17:28:52+00:00,track,Ranch Road 169,,1,11764366417
15372940,6,2025-03-03T16:48:58+00:00,residential,Llano Loop,,2,12633669478 11755730949
15372984,8,2025-05-05T19:53:13+00:00,residential,Pinto Canyon Road,,5,12812363364 12812363363 12812363362 12812363361 12812363360
15373050,4,2023-05-11T17:41:18+00:00,track,Mitchell Road,,1,10887441979
15373060,4,2024-12-24T17:30:21+00:00,track,Mitchell Road,,1,12449865004
15373143,5,2020-04-07T09:24:11+00:00,residential,West Oak Street,,1,7374749089
15379086,11,2026-03-26T17:07:21+00:00,residential,Glen Rock Drive,,1,13682378421
15382290,11,2025-06-02T06:12:48+00:00,tertiary,,FM 1051,1,8830640697
15382327,3,2021-06-13T08:46:18+00:00,service,Herndon Road,,1,8829164756
15382532,2,2021-06-14T01:24:17+00:00,service,,,1,8830640735
15382640,19,2026-02-16T14:41:17+00:00,path,Upland Trail,,1,429959629
15382743,3,2026-04-17T14:22:26+00:00,residential,,,2,152451082 13737625494
15382883,2,2026-02-09T18:48:40+00:00,residential,,,1,13537605883
15383244,2,2021-06-14T01:24:17+00:00,track,,,1,8830640706
15383297,3,2025-01-04T21:39:10+00:00,residential,,,2,12474369194 12474369193
15383320,3,2025-01-04T21:39:10+00:00,track,,,1,12474369195
15383647,1,2007-12-06T11:04:56+00:00,residential,,,1,152462371
15383697,2,2026-04-15T17:17:20+00:00,residential,,,4,152462645 13732897226 13732897225 13732897224
15384135,3,2021-06-13T08:46:18+00:00,service,,,1,8829164795
15384272,3,2026-04-15T17:17:20+00:00,service,,,1,13732897090
15384291,2,2026-04-15T17:17:20+00:00,service,,,1,13732897031
15384624,2,2026-04-15T16:38:30+00:00,residential,,,1,13732793952
15384679,2,2026-04-15T17:17:20+00:00,residential,,,1,13732896645
15384705,2,2026-04-15T16:38:30+00:00,residential,,,1,13732793867
15384848,3,2026-04-15T15:45:21+00:00,residential,,,1,13732630985
15385198,4,2024-06-08T22:43:59+00:00,service,,,1,7278866377
15385368,2,2026-04-17T14:22:26+00:00,track,,,1,13737625779
15385572,2,2021-06-13T08:46:18+00:00,service,,,2,8829164426 8829164424
15385721,2,2026-04-15T17:17:20+00:00,residential,,,1,13732896933
15385799,4,2025-01-04T21:39:10+00:00,tertiary,,,1,12474330957
15385885,2,2020-07-27T09:33:20+00:00,unclassified,,,1,152493002
15385968,2,2026-04-15T17:17:20+00:00,residential,,,1,13732897223
15386136,2,2026-04-15T16:38:30+00:00,residential,,,1,13732794078
15386246,2,2021-06-14T01:24:17+00:00,residential,,,1,8830640696
15386509,2,2026-04-15T15:45:21+00:00,residential,,,1,13732630868
15386696,2,2025-01-06T21:20:56+00:00,residential,,,2,12479407761 12479407758
15386794,3,2021-06-14T01:24:17+00:00,service,,,1,8830640695
15386859,1,2007-12-06T11:27:35+00:00,service,,,1,152502381
15386925,2,2021-06-14T01:24:17+00:00,residential,,,1,8830640691
15387002,2,2026-04-15T16:38:30+00:00,residential,,,1,152503553
15387078,2,2019-08-15T23:07:18+00:00,service,,,1,6713255582
15387231,2,2025-08-25T21:48:06+00:00,track,,,1,13097230122
15387540,3,2025-01-05T18:04:12+00:00,service,,,1,12476105235
15387848,2,2026-02-02T17:11:46+00:00,track,,,1,13519982600
15387958,3,2021-06-13T08:46:18+00:00,service,,,1,8829164788
15388362,2,2026-04-15T17:17:20+00:00,service,,,1,13732897147
15388486,1,2007-12-06T11:38:30+00:00,track,,,1,152520115
15388494,2,2026-04-15T17:17:20+00:00,residential,,,1,13732896529
15388527,3,2025-01-05T18:04:12+00:00,service,,,2,12476105239 12476105237
15388773,2,2026-04-15T17:17:20+00:00,residential,,,1,13732897095
15389969,2,2021-06-14T01:24:17+00:00,service,,,1,8830640734
15390046,2,2026-02-02T17:11:46+00:00,service,,,1,13519982335
15390143,3,2025-08-26T13:42:49+00:00,track,,,2,13098428658 13098428657
15390313,3,2025-01-05T18:04:12+00:00,residential,,,1,12476105687
15391371,2,2026-04-15T16:38:30+00:00,residential,,,1,13732794156
15391756,3,2026-04-15T16:38:30+00:00,unclassified,,,1,13732793864
15392815,2,2026-04-15T17:17:20+00:00,residential,,,6,13732896696 13732896695 13732896745 13732896742 13732896772 13732896778
15392899,2,2026-04-17T14:22:26+00:00,track,,,1,13737625430
15393056,2,2021-06-14T01:24:17+00:00,residential,,,1,8830640728
15393251,2,2026-04-17T14:22:26+00:00,residential,,,4,13737625720 13737625707 13737625674 13737625675
15393305,2,2026-04-17T14:22:26+00:00,residential,,,2,13737625768 13737625753
15393489,2,2021-06-14T01:24:17+00:00,residential,,,1,8830640704
15394059,2,2021-06-14T01:24:17+00:00,track,,,1,8830640699
15394572,3,2025-01-05T18:04:12+00:00,service,,,1,12476105236
15394625,2,2026-04-15T16:38:30+00:00,residential,,,1,13732794012
15394647,2,2026-04-15T16:38:30+00:00,residential,,,1,13732794013
15394921,2,2026-04-15T17:17:20+00:00,service,,,1,13732896991
15394948,2,2026-04-15T17:17:20+00:00,residential,,,1,13732896553
15395177,3,2022-05-28T03:39:28+00:00,service,,,1,9776251132
15395202,2,2026-04-15T17:17:20+00:00,residential,,,1,13732897129
15395363,8,2021-05-06T03:44:38+00:00,residential,Glenwood Avenue,,1,152591090
15395597,2,2026-04-15T16:38:30+00:00,residential,,,3,13732794187 152592998 13732794205
15396013,4,2026-04-15T16:38:30+00:00,service,,,1,13732793386
15396209,2,2024-12-25T15:39:35+00:00,residential,,,1,12451321711
15396485,4,2026-04-17T14:22:26+00:00,residential,,,1,13737625819
15396497,2,2021-06-13T08:46:18+00:00,service,,,1,8829164789
15397106,3,2026-04-15T16:38:30+00:00,service,,,1,13732793488
15397330,2,2026-04-15T15:45:21+00:00,residential,,,1,13732631006
15398033,2,2026-04-15T15:45:21+00:00,residential,,,1,13732630864
15399046,2,2020-07-27T09:33:20+00:00,track,,,1,7756039259
15399828,3,2021-06-13T08:46:18+00:00,track,,,4,8829164794 8829164793 8829164790 226310379
15399878,3,2026-04-15T16:38:30+00:00,service,,,2,13732793489 13732793759
15400025,2,2026-04-17T14:22:26+00:00,track,,,4,13737625582 13737625583 13737625584 13737625497
15400039,3,2026-04-15T16:38:30+00:00,residential,,,1,13732794045
15400095,1,2007-12-06T12:57:25+00:00,residential,,,1,152641480
15400752,2,2026-04-15T17:17:20+00:00,residential,,,3,152648208 13732896706 13732896703
15401076,2,2026-04-15T17:17:20+00:00,residential,,,1,152651800
15401600,2,2026-04-15T17:17:20+00:00,service,,,1,13732897094
15401746,1,2007-12-06T13:09:13+00:00,service,,,1,152657404
15401885,4,2025-01-11T22:56:44+00:00,residential,County Road 202,CR 202,1,12383766806
15402671,4,2020-11-10T01:55:44+00:00,residential,Cottonwood Drive,,1,152665686
15402739,2,2020-07-27T09:33:20+00:00,track,,,1,152666143
15403386,3,2021-06-14T01:24:17+00:00,residential,County Road 425,CR 425,1,8830640700
15403585,2,2026-02-02T17:11:46+00:00,residential,County Road 428,,1,13519982584
15403643,11,2025-06-02T06:12:48+00:00,tertiary,,FM 1051,2,152674826 152674878
15403652,3,2026-04-17T14:22:26+00:00,residential,Ranch Road 1051,,1,13737625464
15403677,2,2026-02-02T17:11:46+00:00,residential,County Road 429,,3,13519982593 13519982591 13519982590
15403951,2,2026-04-15T16:38:30+00:00,residential,County Road 341,,1,13732793930
15404226,6,2025-01-11T22:56:45+00:00,unclassified,County Road 416,CR 416,1,12465602955
15404692,4,2026-03-25T16:11:02+00:00,residential,Bomar Road,,2,8830640692 13679255415
15404723,2,2026-04-17T14:22:26+00:00,residential,County Road 408,,1,13737625606
15404747,2,2026-04-17T14:22:26+00:00,residential,County Road 408,,1,13737625635
15404976,2,2026-02-04T00:13:54+00:00,residential,H C R 33,,1,13523081018
15405239,4,2021-06-13T08:46:18+00:00,service,Private Road 2485,,2,8829164751 8829164752
15405994,3,2025-01-04T21:39:10+00:00,residential,Winston Drive,,1,12474369196
15406940,4,2026-04-15T17:17:20+00:00,unclassified,Indian Creek Road,,2,13732897091 13732897118
15407311,2,2026-04-15T16:38:30+00:00,residential,County Road 384,,1,152711892
15407335,2,2026-04-15T16:38:30+00:00,residential,County Road 384,,1,13732794017
15407756,3,2026-04-15T16:38:30+00:00,residential,Ton Mire Road,,2,152503553 152462645
15408541,5,2025-04-23T00:51:04+00:00,track,,,2,11038000961 12777549356
15408553,3,2025-04-20T23:00:10+00:00,track,,,2,12771148231 12771148321
15408689,4,2025-04-23T00:51:04+00:00,track,Dolan Creek Road,,8,12777549054 12777549057 12777549061 12777549060 12777549003 12777549001 12777499900 12777499899
15408702,4,2026-04-14T15:43:25+00:00,service,,,3,13730363644 11990490651 11990490650
15408744,3,2026-04-14T15:43:25+00:00,service,,,1,13730363664
15408798,3,2025-02-02T01:57:36+00:00,track,,,1,152727631
15409193,3,2025-01-05T15:53:20+00:00,track,,,1,12475852565
15409392,4,2021-11-06T00:05:12+00:00,unclassified,,,1,9228805456
15410078,3,2025-01-05T16:04:30+00:00,track,,,4,12475869640 12475869650 12475869648 12475869645
15410116,3,2025-04-23T00:51:04+00:00,track,,,3,152742984 12777549296 12777549275
15410139,3,2025-01-05T16:04:30+00:00,track,,,2,12475869661 12475869651
15410361,3,2021-11-10T02:03:40+00:00,track,,,1,9239330134
15410416,3,2021-11-10T02:03:40+00:00,track,,,1,9239330133
15410669,6,2025-05-05T03:12:07+00:00,residential,Melody Lane,,1,12810859998
15410712,4,2026-04-14T17:05:39+00:00,service,,,1,152749211
15411071,2,2021-10-28T20:28:26+00:00,residential,,,1,9208500802
15411180,2,2026-04-14T16:42:40+00:00,track,,,4,13730471095 13730471096 13730471093 13730471181
15411214,2,2026-04-14T16:42:40+00:00,track,,,5,13730471180 13730471179 13730471178 152754454 13730471176
15411996,2,2026-03-25T16:35:17+00:00,residential,,,1,13679293688
15412149,4,2026-04-14T15:43:25+00:00,unclassified,,,3,11990490648 13730363614 13730363663
15412272,2,2023-07-10T19:44:32+00:00,service,,,1,11038000841
15412340,3,2024-01-11T16:33:31+00:00,service,,,1,11508927449
15412358,8,2025-11-13T17:14:27+00:00,track,,,1,13302039077
15412617,3,2026-04-14T14:17:59+00:00,track,,,1,13730184991
15412631,3,2026-04-24T16:05:14+00:00,track,,,1,13759018703
15412837,2,2025-04-22T13:17:29+00:00,track,,,4,12776125744 12776125745 12776125746 12776125681
15412895,3,2021-11-10T01:42:23+00:00,track,,,1,9239312944
15413033,5,2025-09-15T18:42:30+00:00,service,,,1,13145105224
15413141,9,2024-06-14T23:27:33+00:00,track,,,1,11982089526
15413227,9,2025-09-29T13:56:32+00:00,service,Maplecreek Drive,,1,8147954813
15413396,3,2025-04-28T15:21:10+00:00,track,,,3,12795210907 12795210956 12795210955
15413564,3,2026-02-09T18:43:41+00:00,track,,,1,13537544882
15413668,3,2024-06-18T16:39:19+00:00,service,,,2,11990490652 11990490647
15413681,13,2026-01-30T15:02:55+00:00,track,,,1,13512366435
15413715,3,2025-06-07T14:06:44+00:00,track,,,1,9786517655
15413776,4,2020-11-04T05:53:33+00:00,residential,,,1,8080124710
15413809,3,2021-11-10T01:04:32+00:00,track,,,1,9239268963
15414157,5,2025-07-21T18:19:37+00:00,track,,,1,6336306829
15414697,3,2026-04-14T15:43:25+00:00,service,,,2,152808032 13730363590
15414778,2,2025-04-21T21:16:47+00:00,track,,,1,12773098880
15414808,4,2026-02-09T18:43:53+00:00,service,,,1,13537602458
15414820,3,2025-04-20T19:22:15+00:00,track,,,2,12770884943 152810157
15415039,3,2021-11-03T19:14:54+00:00,track,,,3,9222003573 9222003572 9222003583
15415069,4,2025-09-15T18:18:07+00:00,service,,,1,13145069602
15415186,3,2025-04-28T13:17:33+00:00,track,,,2,12794794757 12794794709
15415252,4,2026-08-04T16:06:59+00:00,track,,,2,14072941558 14072941490
15415427,3,2026-04-14T14:17:59+00:00,track,,,1,13730185135
15415652,3,2025-11-06T23:25:25+00:00,track,,,2,12209186489 12209186707
15415987,3,2026-04-21T18:26:15+00:00,track,,,1,13750118463
15416112,3,2026-04-14T18:08:30+00:00,track,,,1,13730660304
15416137,3,2026-04-14T18:08:30+00:00,track,,,1,13730660302
15416385,2,2025-04-22T16:54:49+00:00,track,,,1,12776701551
15416729,3,2026-04-14T14:17:59+00:00,track,,,1,13730185194
15416798,2,2026-04-21T18:26:15+00:00,track,,,1,13750118436
15416818,2,2020-05-09T03:35:15+00:00,track,,,1,152838971
15416924,6,2023-06-05T19:15:38+00:00,track,,,1,10958099477
15417006,2,2026-04-29T00:18:53+00:00,residential,,,1,152841720
15417011,3,2025-04-22T16:54:49+00:00,track,,,1,12442643274
15417270,5,2026-04-14T16:42:40+00:00,track,,,8,11862487755 12770884536 152844010 13730470982 13730471002 13730471019 13730471018 13730471174
15417508,5,2026-07-10T19:37:43+00:00,service,,,6,13730262950 9239268976 152848639 9239268975 9239268974 9239268973
15417636,3,2025-04-20T23:00:10+00:00,track,,,8,12771148171 12771148195 12771148197 12771148226 152849302 12771148229 12771148230 152849415
15417664,2,2025-04-22T00:49:05+00:00,track,,,1,12773400203
15417715,3,2026-04-14T14:17:59+00:00,track,,,1,13730185893
15417733,4,2023-10-30T17:42:51+00:00,service,,,2,8080124712 152851216
15417752,4,2023-10-30T17:42:51+00:00,service,,,1,8080124713
15417817,3,2026-04-21T18:26:15+00:00,track,,,2,13750118521 13750118522
15418205,2,2026-04-14T15:43:25+00:00,residential,,,2,13730363571 13730363530
15418340,3,2026-04-24T16:05:14+00:00,track,,,1,13759018701
15418644,4,2025-01-26T18:03:14+00:00,service,,,1,12534577794
15418831,3,2025-01-05T15:53:20+00:00,track,,,1,12475852558
15419087,2,2021-10-28T20:52:53+00:00,residential,,,1,9208553883
15419318,2,2025-04-20T19:22:15+00:00,track,,,1,12770884572
15419369,3,2025-01-05T16:04:30+00:00,track,,,4,12475869638 12475869637 12475869636 12475869635
15419408,2,2026-04-14T15:43:25+00:00,residential,,,1,152873285
15419890,3,2024-12-23T01:06:13+00:00,residential,,,2,12442643208 152878514
15420091,2,2026-03-25T16:35:17+00:00,residential,,,1,13679295018
15420111,5,2026-02-09T19:06:35+00:00,unclassified,Pecos Street,,1,13537955593
15420198,2,2026-04-14T18:08:30+00:00,track,,,1,13730660305
15420284,3,2021-10-28T20:52:53+00:00,residential,,,1,9208553921
15420308,4,2026-04-14T17:48:01+00:00,service,,,2,13730613533 9239268639
15420451,2,2025-04-22T00:49:05+00:00,track,,,1,12773400546
15420482,3,2026-04-14T15:03:50+00:00,track,,,2,13730280251 13730280252
15420524,4,2026-04-14T15:03:50+00:00,track,,,2,13730280253 13730280255
15420779,2,2018-02-17T03:20:40+00:00,track,,,1,152892219
15420868,2,2025-04-22T00:49:05+00:00,track,,,2,12773400309 12773400243
15420904,2,2025-04-22T00:49:05+00:00,track,,,1,12773400322
15420984,3,2025-01-05T16:04:30+00:00,track,,,1,12475869670
15421082,2,2014-05-25T06:17:53+00:00,track,,,1,2879249650
15421141,3,2021-10-28T20:28:26+00:00,track,,,1,9208471711
15421281,4,2025-04-20T23:00:10+00:00,track,,,2,12771148128 9208471706
15421487,3,2025-01-05T16:04:30+00:00,track,,,2,12475869681 12475869682
15421646,3,2026-02-09T19:08:40+00:00,track,,,1,13537996939
15421723,3,2026-04-14T15:43:25+00:00,track,,,1,13730363310
15421929,2,2025-04-28T15:21:10+00:00,service,,,2,12795210909 12795210905
15421956,3,2026-04-14T16:42:40+00:00,track,,,4,13730470459 13730470457 13730470458 13730470456
15421991,3,2021-11-10T02:03:40+00:00,track,,,2,9239330135 9239330132
15422028,4,2021-11-10T01:04:32+00:00,service,,,1,9239268977
15422103,2,2025-04-21T21:16:47+00:00,track,,,2,152913449 12773099140
15422358,3,2025-04-22T16:54:49+00:00,track,,,3,12442643271 12442643270 12442643269
15422509,6,2025-01-05T16:04:30+00:00,track,,,11,12475869680 12475869679 12475869676 12475869675 12475869674 12475869672 12475869706 152919029 152919047 152919198 152919251
15422593,3,2026-02-23T02:01:50+00:00,residential,,,1,13591790855
15422752,3,2025-04-28T13:17:33+00:00,track,,,1,12794794922
15423147,3,2026-04-14T15:03:50+00:00,track,,,1,13730280132
15423209,2,2025-04-22T00:49:05+00:00,track,,,1,12773400406
15423262,3,2025-04-20T19:22:15+00:00,track,,,2,152930740 12770884753
15423343,3,2025-04-22T00:49:05+00:00,track,,,1,12773400629
15423409,3,2025-02-02T01:57:36+00:00,track,,,1,2473517952
15423696,4,2024-12-23T01:06:13+00:00,track,,,1,12442639092
15423769,3,2025-01-05T15:53:20+00:00,track,,,1,12475852632
15424039,4,2026-02-09T18:43:21+00:00,track,,,1,13537576702
15424435,14,2025-03-22T23:08:01+00:00,residential,Smith Creek Road,,1,8070713622
15424480,5,2026-04-14T16:42:40+00:00,track,,,16,13730470973 13730470972 13730470971 12772137206 12772137196 12772137195 12772137194 12772137193 12772137192 12772137191 12772137190 152949232 12772137150 12772122898 12772122895 13730470970
15424596,2,2025-04-28T13:17:33+00:00,track,,,3,12794795036 12794795007 12794795037
15424695,3,2026-04-14T15:03:50+00:00,track,,,1,13730280519
15424825,3,2026-04-14T15:03:50+00:00,track,,,1,13730280516
15424914,3,2025-01-05T15:53:20+00:00,track,,,1,12475852559
15425461,3,2025-01-05T16:04:30+00:00,track,,,1,12475869634
15425541,3,2021-10-28T20:28:26+00:00,track,,,1,9208500749
15425677,3,2026-04-14T14:17:59+00:00,track,,,1,13730185000
15425692,2,2025-04-22T00:49:05+00:00,track,,,1,12773400484
15425760,3,2025-01-05T15:53:20+00:00,track,,,1,12475852633
15425810,2,2025-04-29T00:46:38+00:00,track,,,1,12796435768
15425895,3,2025-01-05T15:53:20+00:00,track,,,1,12475852564
15425980,3,2026-04-14T15:03:50+00:00,track,,,1,13730280522
15426230,3,2025-04-22T16:54:49+00:00,track,,,4,12442639083 12442639080 12442643223 12442643257
15426444,3,2026-04-14T16:42:40+00:00,track,,,5,13730471090 13730471068 13730471061 13730471060 13730471059
15426550,4,2026-08-04T16:06:59+00:00,residential,,,1,14072940862
15426588,4,2026-04-14T15:03:50+00:00,track,,,2,9239330327 13730280540
15426603,3,2025-01-05T15:53:20+00:00,track,,,1,12475852556
15426625,3,2026-04-14T15:03:50+00:00,track,,,1,13730280861
15426860,2,2025-04-20T19:22:15+00:00,track,,,3,12770885054 12770885027 152989608
15427163,3,2026-04-14T16:42:40+00:00,track,,,7,13730470781 152994794 13730470779 13730470778 13730470777 13730470776 13730470775
15427374,3,2025-04-22T00:49:05+00:00,track,,,1,12773400493
15427421,2,2026-04-14T16:42:40+00:00,residential,,,2,13730471172 13730471173
15427492,4,2021-11-10T01:23:29+00:00,service,,,2,9239294329 9239283506
15427732,4,2025-04-23T00:51:04+00:00,track,,,2,12777549174 153004893
15427737,3,2023-10-30T17:42:51+00:00,service,,,1,11300402938
15427915,3,2026-03-25T16:35:17+00:00,residential,,,1,13679295060
15428025,4,2026-02-23T02:01:50+00:00,track,,,1,13591789097
15428051,3,2025-04-20T19:22:15+00:00,track,,,1,12770884525
15428493,4,2021-11-10T01:23:29+00:00,service,,,1,9239294330
15429324,5,2026-04-14T16:42:40+00:00,track,,,10,12772137410 12772137544 13730470975 153029220 13730470976 13730470977 13730470978 13730470979 13730470980 13730470981
15429353,3,2025-04-28T13:17:33+00:00,track,,,5,12794794768 12794794769 12794794756 12794794755 12794752299
15429532,6,2025-04-20T23:00:10+00:00,track,,,1,9208471703
15429535,3,2025-01-05T16:04:30+00:00,track,,,1,12475869639
15429713,4,2020-11-04T05:53:33+00:00,track,,,1,8080124694
15429791,4,2024-12-23T01:06:13+00:00,track,,,1,12442643214
15429807,1,2007-12-06T17:50:33+00:00,residential,,,1,153037758
15429849,5,2026-04-29T00:18:53+00:00,service,,,1,9208500804
15430131,5,2025-04-20T19:22:15+00:00,unclassified,,,4,153042012 2473497188 153042191 153042223
15430443,2,2025-04-21T21:16:47+00:00,track,,,8,12773099021 12773099020 12773099125 12773099122 12773099120 153046400 12773099116 12773099156
15430566,2,2026-04-14T15:43:25+00:00,residential,,,1,13730363467
15430643,2,2025-04-21T21:16:47+00:00,track,,,1,12773099127
15431049,3,2025-01-05T15:53:20+00:00,track,,,1,12475852557
15431426,3,2025-04-22T16:54:49+00:00,track,,,2,12442643259 12442643258
15431429,2,2025-04-20T19:22:15+00:00,track,,,2,12770884540 12770884539
15432156,3,2025-02-02T01:57:36+00:00,track,,,1,12550210785
15432379,2,2026-04-14T18:08:30+00:00,track,,,1,13730643171
15432545,7,2026-02-15T18:31:26+00:00,residential,County Road 147,,2,12209186465 12209186464
15432611,4,2025-04-29T00:46:38+00:00,track,,,1,12796435776
15432713,4,2026-02-09T18:43:53+00:00,service,,,1,13537602457
15432740,3,2026-04-14T14:17:59+00:00,track,,,1,13730185029
15432983,3,2026-04-14T16:42:40+00:00,track,,,1,13730470462
15433452,3,2025-04-20T23:00:10+00:00,track,,,1,12771147831
15433495,5,2021-10-28T20:28:26+00:00,track,,,1,9208500767
15433505,2,2026-04-14T17:48:01+00:00,residential,,,1,13730613522
15433530,2,2026-04-14T15:43:25+00:00,residential,,,1,13730363334
15433625,3,2026-04-09T17:53:14+00:00,track,,,1,13719178448
15433661,5,2021-11-06T00:33:54+00:00,residential,,,2,9228824243 9228824244
15433754,3,2026-04-14T15:03:50+00:00,track,,,1,13730280860
15433799,4,2021-10-28T20:52:53+00:00,residential,,,1,9208553846
15433839,2,2026-03-25T16:35:17+00:00,residential,,,1,13679295005
15433901,3,2026-04-14T15:03:50+00:00,track,,,1,13730262951
15433959,3,2025-04-21T21:16:47+00:00,track,,,1,12773099275
15434063,3,2025-04-20T19:22:15+00:00,track,,,1,12770884754
15434181,3,2026-04-14T15:03:50+00:00,track,,,1,153102152
15434524,2,2025-04-20T19:22:15+00:00,track,,,1,12770884534
15434677,3,2014-01-11T11:08:33+00:00,residential,,,1,153108354
15434763,2,2025-04-22T13:17:29+00:00,track,,,1,12776125624
15434877,3,2025-04-23T00:51:04+00:00,service,,,1,11038000965
15434886,3,2025-04-20T19:22:15+00:00,track,,,1,12770885096
15435086,5,2025-04-23T00:51:04+00:00,track,,,2,12773099265 12773099266
15435218,15,2023-07-25T03:00:33+00:00,residential,Indian Meadows Drive,,1,6478499021
15435422,4,2025-04-20T19:22:15+00:00,unclassified,,,1,11862487765
15435670,3,2026-02-23T02:01:50+00:00,track,,,1,13591789099
15435729,2,2026-04-14T15:43:25+00:00,residential,,,1,13730363385
15435880,2,2025-04-23T15:41:28+00:00,unclassified,Mail Trail Road,,2,12778899579 12778899573
15436026,3,2026-04-14T15:03:50+00:00,track,,,1,13730280696
15436136,3,2021-10-28T20:28:26+00:00,track,,,1,9208471710
15436209,4,2021-11-10T00:46:07+00:00,service,,,1,9239257569
15436423,4,2025-04-20T23:00:10+00:00,track,,,1,9208471705
15436565,15,2024-10-01T23:36:31+00:00,residential,County Road 100,CR 100,1,11982089524
15436591,5,2020-11-04T05:53:33+00:00,track,,,1,8080124711
15436633,5,2026-02-09T19:08:40+00:00,track,,,2,13537996940 13537996941
15436695,20,2025-05-15T06:45:56+00:00,residential,County Road106,CR 106,1,11982089525
15436798,3,2025-02-02T01:57:36+00:00,track,,,1,12550210784
15436899,3,2021-11-10T01:04:32+00:00,service,,,1,9239268962
15437302,2,2025-04-22T00:49:05+00:00,track,,,1,12773400585
15437392,3,2026-04-09T17:53:14+00:00,track,,,1,13719178461
15437494,3,2020-11-04T05:53:33+00:00,service,,,1,8080124718
15437831,1,2007-12-06T18:57:40+00:00,track,,,1,153150541
15438105,3,2025-04-20T23:00:10+00:00,track,,,1,12771148196
15438463,4,2026-04-14T15:43:25+00:00,service,,,1,13730363613
15438849,3,2025-04-22T13:17:29+00:00,track,,,1,12776125784
15439092,3,2026-04-14T14:17:59+00:00,track,,,2,13730185896 13730185895
15439289,2,2025-04-22T13:17:29+00:00,track,,,1,12776125665
15439543,4,2026-02-09T18:43:26+00:00,track,,,1,13537568586
15439582,3,2025-04-20T19:22:15+00:00,track,,,1,153170987
15439663,3,2021-10-28T20:52:53+00:00,residential,,,1,9208553834
15439711,2,2026-02-23T02:01:50+00:00,track,,,1,13591790854
15439834,8,2026-02-15T18:31:26+00:00,residential,Burson Lane,,1,13567449163
15441079,4,2026-04-14T15:43:25+00:00,residential,Gurley McBee Road,,1,13730363466
15441518,4,2021-10-28T20:28:26+00:00,residential,Juno Road West,,1,9208471712
15441817,11,2022-08-19T10:09:57+00:00,residential,Commerce Boulevard,,1,6668121295
15442523,4,2026-04-24T16:05:14+00:00,unclassified,Fielder Draw Road,,8,13758999697 13759018702 13759018704 13759018730 13759018731 13759018732 13759018744 153200668
15443485,12,2025-06-02T06:12:48+00:00,secondary,,RM 189,2,9208553826 153214484
15443772,3,2025-04-22T16:54:49+00:00,unclassified,Hussie Meiers Road,,1,153218872
15444182,5,2025-04-20T19:22:15+00:00,unclassified,Dolan Creek Road,,1,153224460
15445936,3,2026-04-14T15:03:50+00:00,residential,Wardlaw Ranch Road,,1,13730280131
15445975,5,2021-10-28T20:28:26+00:00,residential,Juno Road West,,2,9208500748 9208500747
15446025,4,2025-01-05T15:53:20+00:00,unclassified,Juno Road West,,5,12475852634 12475852560 12475852563 12475852562 12475852561
15446189,4,2026-02-09T18:43:41+00:00,unclassified,Pandale Road,,2,13537544880 13537544881
15446336,4,2021-11-10T01:42:23+00:00,residential,Road 9032,,1,9239312945
15446339,2,2021-11-10T01:42:23+00:00,residential,Road 9032,,1,9239312946
15446377,5,2025-02-25T09:26:26+00:00,residential,Packsaddle Circle,,1,8080124708
17298703,4,2025-11-28T16:43:45+00:00,track,Weedshire Drive,,1,13338809895
17298716,4,2023-03-15T04:30:13+00:00,track,Talent Street,,1,9183956963
17298721,5,2023-03-15T04:30:13+00:00,track,Twin Bridge Lane,,1,9183956959
17298724,4,2023-03-15T04:30:13+00:00,track,Merlin Street,,1,9183956962
17298727,4,2023-03-15T04:30:13+00:00,track,La Grande Street,,1,9183957396
17298835,7,2025-08-14T20:25:50+00:00,track,,,2,12526654059 11605722674
17298996,6,2025-07-03T02:54:42+00:00,track,Ripley Street,,1,11605722673
17299223,4,2021-10-19T21:39:52+00:00,track,,,1,9184112030
17299391,7,2025-01-23T15:40:00+00:00,track,,,3,12523527356 12526654049 12434326068
17299536,3,2025-01-23T15:40:00+00:00,track,,,2,12526654086 12526654050
17299608,4,2023-03-15T04:30:13+00:00,track,Spray Street,,1,9183956964
17299760,3,2025-01-23T16:22:14+00:00,residential,,,1,12526713323
17299761,3,2025-01-23T16:22:14+00:00,residential,,,1,12526713321
17300057,3,2024-12-19T20:29:43+00:00,track,,,1,12434326033
17300180,6,2025-08-09T19:24:50+00:00,track,,,1,12526654047
17300265,3,2025-01-23T15:40:00+00:00,track,,,2,12526654055 12526654065
17301028,4,2025-11-28T16:43:45+00:00,track,Monument Drive,,2,13338809899 13338809896
17301033,4,2025-11-28T16:43:45+00:00,track,Gila Court,,1,13338809894
17301143,5,2023-03-16T02:06:46+00:00,track,,,1,9184017426
17301540,2,2025-01-22T18:45:56+00:00,residential,,,1,12523527361
17302285,4,2024-02-09T21:42:02+00:00,track,Plessis Drive,,2,11605722668 11605722669
17302564,3,2023-06-06T13:14:17+00:00,track,,,5,10959575112 10959575113 10959575114 10959575115 10959575116
17302582,5,2023-03-15T04:30:13+00:00,track,,,1,9183956957
17302717,3,2025-01-23T15:40:00+00:00,track,,,1,12526654062
17302858,4,2023-03-15T04:30:13+00:00,track,Seal Rock Street,,1,9183956960
17303083,3,2025-01-23T16:22:14+00:00,residential,,,1,179212497
17303726,4,2023-03-15T04:30:13+00:00,track,,,1,9183957398
17303835,4,2025-01-23T15:40:00+00:00,track,,,1,12526654052
17304164,4,2024-12-19T20:29:43+00:00,track,,,1,12434326067
17304202,2,2025-01-22T18:45:56+00:00,residential,,,1,12523527359
17304838,4,2023-03-15T04:30:13+00:00,track,Pondosa Street,,1,9183956961
17304839,4,2025-01-26T03:29:55+00:00,residential,,,1,10942871342
17305069,4,2026-02-09T21:28:33+00:00,track,,,1,12512468677
17305125,4,2025-11-28T16:43:45+00:00,track,Furdy Court,,1,13338809897
17305142,6,2025-11-28T16:43:45+00:00,unclassified,Beach Boulevard,,1,13338809950
17305334,2,2024-02-09T21:42:02+00:00,residential,,,1,11605722676
17305379,5,2025-01-23T16:22:14+00:00,residential,,,1,12526713431
17305468,3,2024-12-19T20:29:43+00:00,track,,,3,12434326030 179231447 12434326028
17305841,3,2025-01-23T15:40:00+00:00,residential,,,2,12523527357 12526654084
17306060,4,2021-10-19T21:00:44+00:00,track,,,1,9184017427
17306089,5,2023-03-15T04:30:13+00:00,track,,,1,9184017424
17306184,3,2024-12-19T20:29:43+00:00,track,,,2,12434326031 12434326032
17306459,4,2021-10-19T21:39:52+00:00,track,,,1,9184111605
17306520,3,2025-01-31T18:28:04+00:00,track,,,3,12547054894 12547054893 12547054892
17306825,3,2021-10-19T21:39:52+00:00,track,,,1,9184111380
17306944,6,2025-08-10T19:28:33+00:00,track,,,1,12512468678
17307347,3,2025-01-23T15:40:00+00:00,track,,,1,12526654064
17307352,3,2025-01-23T15:40:00+00:00,track,,,1,12526654061
17307355,3,2025-01-23T15:40:00+00:00,track,,,2,12526654060 12526654058
17307688,2,2024-12-18T16:21:04+00:00,residential,,,1,12431195269
17307953,2,2025-01-26T03:29:55+00:00,residential,,,3,12533337041 12533337042 12533337077
17308474,5,2025-08-09T19:24:50+00:00,track,,,1,12434326034
17308566,2,2023-06-06T13:14:17+00:00,residential,,,1,10959575199
17308743,4,2024-12-19T20:29:43+00:00,track,,,1,12434326070
17308899,2,2025-01-22T18:45:56+00:00,residential,,,1,12523527360
17309001,3,2025-01-23T15:40:00+00:00,track,,,1,12526654056
17309003,3,2025-01-23T15:40:00+00:00,track,,,1,12526654054
17309004,3,2025-01-23T15:40:00+00:00,track,,,1,12526654053
17309007,3,2025-01-23T15:40:00+00:00,track,,,1,12526654051
17309080,7,2025-01-23T15:40:00+00:00,unclassified,,,3,11605722675 12526654048 12434326066
17309114,4,2023-06-06T13:14:17+00:00,track,,,1,10959575117
17309230,3,2021-10-19T20:24:09+00:00,residential,,,1,9183957414
17309267,3,2025-01-23T16:22:14+00:00,residential,,,2,12526713322 12526713361
17309557,2,2025-01-22T18:45:56+00:00,residential,,,1,12523527355
17309616,3,2024-12-19T20:29:43+00:00,track,,,1,12434326069
17309618,4,2026-02-12T18:29:53+00:00,unclassified,Reed Avenue,,1,13546926046
17310136,3,2024-12-19T20:29:43+00:00,track,,,2,12434326029 12434326073
17310823,5,2021-10-19T21:00:44+00:00,track,,,1,9184017423
17311023,3,2021-10-19T20:24:09+00:00,track,,,1,9183957415
17311242,3,2023-05-31T20:47:20+00:00,residential,,,1,10942871332
17311350,3,2025-07-12T21:55:40+00:00,residential,Gallegos Way,,1,12431195275
17311580,2,2025-01-23T15:40:00+00:00,residential,,,1,12526654085
17311581,2,2025-01-23T15:40:00+00:00,residential,,,1,12526654083
17312272,2,2024-06-28T19:14:15+00:00,residential,,,1,12018428159
17312439,4,2025-01-26T03:29:55+00:00,residential,,,1,10942871343
17312470,3,2025-01-23T16:22:14+00:00,residential,,,1,12526713324
17313564,6,2024-02-09T21:42:02+00:00,track,,,8,11605722472 11605722473 11605722665 11605722666 8660258771 11605722667 11605722536 11605722664
17316009,6,2024-12-14T14:40:15+00:00,motorway_link,,,1,12422778912
17317310,7,2024-12-18T16:21:04+00:00,residential,Suwanee Street,,1,12431195356
17318483,17,2026-03-10T11:36:02+00:00,unclassified,McKelligon Canyon Road,,3,12434127540 6167531353 6167531148
17318498,9,2025-11-30T21:24:04+00:00,unclassified,McKelligon Canyon Road,,2,6167531716 179427650
17320013,9,2026-03-10T11:13:06+00:00,tertiary,Stockyard Drive,,1,12547073523
17320325,9,2021-10-19T22:06:52+00:00,track,Curley Avenue,,1,9184145819
17322189,4,2023-05-31T20:47:20+00:00,track,Indian Hill,,1,10942871344
17323638,21,2024-12-18T16:21:04+00:00,tertiary,Krag Street,,1,12431195277
17325573,6,2024-12-18T16:21:04+00:00,residential,Acacia Drive,,1,12431195321
17328110,4,2023-05-31T20:47:20+00:00,residential,Trajan Place,,1,10942871346
17330978,7,2024-12-18T16:21:04+00:00,residential,Jim Browning Street,,1,12431195274
17331812,6,2018-12-28T05:47:01+00:00,unclassified,Davis-Seamon Road,,1,6167531756
17334498,6,2025-01-31T18:36:08+00:00,residential,Berry Road,,1,12547073530
17334660,4,2023-05-31T20:47:20+00:00,residential,Millicent Avenue,,1,10942871347
17335180,12,2025-08-12T17:56:49+00:00,unclassified,Quejette Road,,1,11741516454
17335308,13,2026-08-18T02:09:59+00:00,residential,Bradley Road,,1,12431195281
17335522,7,2024-12-18T16:21:04+00:00,residential,Edward Williams Drive,,1,12431195319
17335754,6,2025-01-26T03:29:55+00:00,residential,Harris Kent Drive,,2,10942871345 12533336789
17335963,7,2026-07-07T05:01:27+00:00,residential,Simpson Road,,1,12431195276
17337603,13,2026-08-03T19:46:46+00:00,residential,Flagger Street,,1,12431195363
17338250,2,2024-12-18T16:21:04+00:00,residential,Stagecoach,,1,12431195283
17340536,7,2026-05-11T15:19:46+00:00,residential,Cruz Tierra Street,,1,12431195270
17342150,8,2024-12-18T16:21:04+00:00,track,O'Shea Drive,,1,12431195267
17342541,7,2025-01-26T19:21:10+00:00,unclassified,Bell's Road,,1,12534713556
17343493,5,2025-07-12T21:55:40+00:00,residential,Century Drive,,1,12996443844
17344112,4,2024-12-19T17:45:06+00:00,track,Colonia Vista,,1,12434034587
17347894,3,2024-04-12T20:23:41+00:00,track,Sotol,,1,11812566015
20653840,7,2026-01-30T23:24:07+00:00,unclassified,County Road 130,,1,13513444843
20654168,2,2026-06-13T14:12:26+00:00,residential,,,1,13935562680
20655639,3,2026-09-02T13:11:02+00:00,track,,,1,14142305289
20655959,3,2026-09-04T12:02:43+00:00,track,,,1,14148590876
20656740,2,2017-07-20T17:25:42+00:00,track,,,1,221762169
20656924,3,2026-09-04T13:33:35+00:00,track,,,1,14148734845
20660315,4,2025-02-21T20:15:22+00:00,track,,,1,12607906156
20661140,2,2026-06-13T15:02:01+00:00,residential,,,1,13935651075
20661533,8,2026-06-13T14:12:26+00:00,unclassified,County Road 370,,1,13935562723
20663000,3,2025-02-10T13:47:12+00:00,service,,,1,12574197386
20667634,2,2026-02-26T14:54:09+00:00,track,,,1,13602888737
20670739,2,2023-03-20T22:17:33+00:00,service,,,1,10749547341
20671072,4,2023-03-18T04:08:56+00:00,service,,,1,10742698754
20672010,2,2023-03-20T22:26:16+00:00,service,,,1,10749553786
20672362,6,2026-06-13T14:12:26+00:00,residential,County Road 3702 North,,1,7546017805
20675348,3,2026-09-01T13:33:37+00:00,track,Co Logging Road,,2,14140135035 221762169
20676840,3,2024-12-15T01:10:17+00:00,residential,Dairy Road,,1,222000008
20678750,5,2025-07-07T19:53:53+00:00,track,,,11,8920110831 8920110832 8920110833 8920110834 8920110835 8920110837 8920110836 8920110838 222040209 8920110839 222040288
20678918,5,2025-12-18T21:24:38+00:00,track,,,2,12677311108 12677311211
20678972,3,2025-03-16T17:10:31+00:00,track,,,1,12670463065
20679006,3,2025-03-16T17:10:31+00:00,track,,,1,12670462905
20679161,8,2025-12-18T21:24:38+00:00,track,,,2,12677311212 12677311243
20679840,7,2026-05-10T13:45:31+00:00,residential,,,1,13801880776
20680071,2,2019-03-18T05:16:28+00:00,track,,,1,6344265355
20680138,5,2026-09-19T17:40:22+00:00,track,,,2,13233774996 13233774984
20680174,3,2021-07-19T22:19:48+00:00,track,,,1,8934147480
20680312,4,2025-03-18T18:54:28+00:00,track,,,1,12677271470
20680342,3,2022-05-27T00:34:30+00:00,service,,,2,9773942491 9773929545
20680381,4,2025-03-16T17:10:31+00:00,track,,,1,12670462667
20680385,3,2022-05-14T03:44:00+00:00,track,,,1,9738836186
20680574,8,2025-08-20T14:39:53+00:00,track,,,1,12677347560
20680841,2,2022-05-27T00:11:46+00:00,service,,,1,9773929609
20680941,3,2023-01-23T21:24:03+00:00,service,,,1,10577684107
20681010,3,2023-01-23T21:24:03+00:00,service,,,1,10577684113
20681277,3,2021-07-19T22:19:48+00:00,track,,,3,222077105 8934147513 8934147512
20681349,2,2023-01-23T21:34:15+00:00,track,,,1,10577683640
20681686,3,2025-03-18T18:54:28+00:00,track,,,1,12677271498
20681755,6,2024-11-03T18:12:31+00:00,track,,,2,12310111379 12310111110
20681763,9,2024-11-03T18:12:31+00:00,track,,,3,12310111112 12310111108 12310111111
20681816,8,2024-11-03T18:12:31+00:00,track,,,1,12310111381
20681846,4,2026-05-15T13:47:19+00:00,track,,,13,8920110841 8920110842 8920110843 8920110844 222082700 8920110846 8920110847 8920110848 8920110849 8920110850 8920110851 8920110852 8920110853
20681930,2,2021-07-19T22:19:48+00:00,track,,,1,8934158620
20684290,2,2025-01-24T00:16:45+00:00,track,,,1,12528022480
20684758,9,2026-02-18T19:41:44+00:00,residential,County Road 1243,,1,13577806808
20684771,6,2026-02-18T19:41:44+00:00,residential,County Road 174,,1,13577806677
20685134,3,2023-01-23T21:24:03+00:00,service,,,1,10577684111
20685313,7,2024-11-03T18:12:31+00:00,track,,,1,12310111376
20687022,5,2024-11-21T14:08:38+00:00,residential,Kramer Road,,1,222138024
20687416,4,2025-04-04T14:19:36+00:00,service,,,1,12728997289
20687820,16,2026-02-19T16:56:33+00:00,residential,Tumlinson Road,,1,13581585083
20688704,5,2026-02-18T19:41:44+00:00,residential,County Road 1328,,1,13577806674
20688809,6,2026-02-18T19:41:44+00:00,residential,County Road 175,,3,13577806812 13577806811 13577806810
20688838,5,2025-04-04T14:35:26+00:00,residential,County Road 1058,,1,12729061956
20689110,3,2025-04-04T14:19:36+00:00,residential,County Road 1043,,1,12728997290
20689142,5,2025-04-04T14:19:36+00:00,residential,County Road 219,,1,12728997291
20689211,7,2026-02-18T19:41:44+00:00,residential,County Road 195,,1,13577806675
20689450,8,2026-02-18T19:41:44+00:00,residential,County Road 232,,1,13577806673
20690207,2,2020-12-27T00:30:52+00:00,track,,,1,8262966885
20690458,3,2020-12-27T00:28:24+00:00,unclassified,,,1,224211449
20690473,5,2024-12-03T21:23:11+00:00,residential,Mound Road,,1,12394732771
20691038,2,2025-03-11T00:30:21+00:00,residential,,,2,12650959330 12650959360
20691230,2,2025-03-11T18:24:26+00:00,residential,,,1,12652846930
20691719,3,2020-12-24T15:40:34+00:00,track,,,1,8257952765
20691913,3,2024-06-08T13:14:32+00:00,track,,,1,11964390644
20692262,3,2025-11-24T21:18:55+00:00,track,,,1,13329101056
20692670,4,2026-07-11T21:00:27+00:00,residential,Woodley Road,,1,8262110514
20692766,2,2025-03-11T18:24:26+00:00,residential,,,1,12652847108
20692815,4,2020-12-24T15:40:34+00:00,service,,,1,8257955984
20693324,5,2018-10-22T00:57:16+00:00,track,,,1,5241562851
20693616,4,2020-12-24T15:40:34+00:00,track,,,1,8257955780
20693857,3,2026-05-11T18:43:46+00:00,track,,,2,13819045788 13819045808
20693927,3,2018-10-22T00:57:20+00:00,track,,,1,222214921
20694008,3,2026-05-11T18:43:46+00:00,track,,,1,13819046616
20694096,4,2026-05-11T18:43:46+00:00,track,,,1,13819045741
20694967,2,2025-01-26T01:34:32+00:00,residential,,,1,12533031088
20694970,4,2026-08-25T10:06:55+00:00,track,,,1,13819046053
20695222,2,2025-03-11T18:24:26+00:00,residential,County Road 451,,1,12652847109
20695367,5,2025-11-26T14:10:49+00:00,track,,,1,13333850785
20695372,3,2020-12-24T15:40:34+00:00,track,,,1,8257955987
20695497,3,2026-03-07T04:48:51+00:00,residential,,,1,12533031005
20695709,5,2024-06-08T13:14:32+00:00,track,,,1,11964390643
20695867,3,2026-04-25T21:31:09+00:00,residential,,,1,13762018189
20696077,4,2026-04-13T15:39:38+00:00,track,,,1,13727891443
20696156,4,2024-06-08T13:06:56+00:00,service,,,1,11964379795
20696306,5,2026-05-01T23:14:06+00:00,track,,,1,13785743128
20696430,3,2026-05-11T18:43:46+00:00,track,,,1,13819046622
20696516,4,2025-11-24T21:18:55+00:00,track,,,1,13329101404
20696540,4,2020-12-24T15:40:34+00:00,track,,,1,8257952798
20697103,3,2024-06-08T13:06:56+00:00,service,,,1,11964379342
20697151,4,2020-12-24T15:40:34+00:00,track,,,1,8257955983
20697334,3,2023-07-05T14:43:56+00:00,track,,,1,9348066754
20698144,5,2024-07-27T14:39:39+00:00,track,,,2,9850799571 12077000134
20699145,2,2021-12-18T07:12:27+00:00,residential,,,1,9348099688
20699425,3,2026-02-24T17:08:56+00:00,track,,,1,13596093791
20699811,6,2024-11-18T04:03:42+00:00,residential,North Berry Street,,1,7315823611
20699961,4,2026-05-11T18:43:46+00:00,track,6001,,1,13819046494
20700613,5,2024-11-18T04:03:42+00:00,residential,North Polk Street,,1,7315823612
20701663,2,2026-04-25T21:31:09+00:00,residential,,,1,13762018225
20703303,7,2022-10-30T19:06:40+00:00,service,,,1,10141144153
20703639,2,2026-03-19T14:06:19+00:00,residential,,,1,222323919
20706520,5,2026-02-12T18:50:11+00:00,track,,,1,13546518291
20707708,3,2024-11-29T16:26:24+00:00,track,,,1,222375735
20708433,3,2026-02-10T18:44:19+00:00,track,,,1,12073707015
20710077,3,2026-02-05T15:17:39+00:00,track,,,1,13526674173
20711710,3,2024-12-13T00:04:43+00:00,residential,,,1,12417599369
20713236,4,2026-02-06T15:37:45+00:00,track,,,1,13529422386
20713961,2,2025-02-14T14:43:01+00:00,residential,County Road 3113,,1,12587691640
20715079,3,2022-07-21T14:57:04+00:00,residential,County Road 3550,,1,222462598
20715327,2,2022-07-21T14:57:04+00:00,residential,County Road 3555,,1,222462598
20715546,4,2024-07-27T14:43:18+00:00,residential,County Road 4185,,1,12077023585
20716570,4,2026-09-05T19:29:25+00:00,unclassified,County Road 38,,1,12557649108
20717341,4,2026-09-19T17:40:22+00:00,track,,,27,13732276721 13732276720 13732276690 13732276689 13732276687 13732276688 13732276686 13732276614 13732276613 13732276612 13732276575 222485633 222485686 13732276515 13732276514 13732276490 13732276474 13732276466 13732276465 13732276422 13732276411 222486315 13732276385 13732276373 13732276365 13732276354 13732276338
20717418,3,2025-04-16T19:36:04+00:00,service,,,1,11985881964
20717506,2,2026-05-20T15:16:40+00:00,service,,,1,13853237695
20717807,3,2026-09-19T17:40:22+00:00,residential,,,2,13731140871 13731140864
20718384,3,2025-04-16T19:36:04+00:00,track,,,1,11985881962
20718459,3,2025-04-16T19:36:04+00:00,track,,,1,11985881970
20718483,4,2021-11-30T23:19:36+00:00,service,,,1,9297834444
20718521,3,2025-04-16T19:36:04+00:00,track,,,1,11985881997
20718533,2,2026-05-20T15:16:40+00:00,residential,,,1,13853237722
20718733,4,2026-09-20T14:51:41+00:00,track,,,2,12671101256 12671101425
20719009,3,2026-05-21T00:08:25+00:00,service,,,1,13854710757
20719043,3,2026-09-19T17:40:22+00:00,residential,,,1,13731121865
20719128,4,2025-04-16T19:36:04+00:00,track,,,1,11985881948
20719129,3,2025-03-17T00:30:52+00:00,track,,,1,12671100541
20719138,4,2026-09-21T16:43:23+00:00,track,,,1,12674304761
20719444,4,2026-09-19T17:40:22+00:00,track,,,7,13733641809 13733641752 13733641729 13733641730 13733641705 222507640 13733641704
20719617,2,2024-06-08T20:34:49+00:00,residential,,,1,11964947661
20719692,5,2022-09-15T14:29:53+00:00,residential,,,1,9297834443
20719696,4,2026-09-20T14:51:41+00:00,track,,,1,12671101164
20719757,2,2025-04-16T16:52:48+00:00,track,,,1,222516209
20719762,5,2025-04-16T18:31:03+00:00,service,,,2,9297834651 9297834652
20719901,3,2026-09-19T17:40:22+00:00,service,,,1,11950442164
20719950,4,2025-04-16T19:36:04+00:00,residential,,,1,11985881956
20719984,2,2026-05-20T15:16:40+00:00,service,,,1,13853237718
20720012,4,2025-04-16T16:52:48+00:00,track,,,1,12760140086
20720015,3,2025-03-17T21:33:56+00:00,track,,,1,12674304745
20720041,3,2025-04-16T19:36:04+00:00,service,,,1,12760322551
20720134,2,2025-04-16T16:52:48+00:00,track,,,1,12760140186
20720193,4,2025-04-16T19:36:04+00:00,track,,,1,11985881983
20720390,2,2026-05-20T15:16:40+00:00,service,,,1,13853237706
20720419,4,2026-09-20T14:51:41+00:00,track,,,1,13733642026
20720439,4,2025-07-10T13:17:36+00:00,track,,,1,11964981508
20720462,4,2026-09-19T17:40:22+00:00,track,,,1,11950442195
20720500,3,2025-04-16T19:36:04+00:00,track,,,1,11985881981
20720545,6,2026-09-19T17:40:22+00:00,track,,,3,13731140776 11950442123 10570586883
20720759,2,2021-11-30T23:19:36+00:00,service,,,1,9297834442
20720837,3,2025-04-16T19:36:04+00:00,track,,,1,11985881732
20720976,3,2025-04-16T16:52:48+00:00,track,,,1,12760140089
20721006,4,2026-09-21T16:43:23+00:00,track,,,1,14204071421
20721064,2,2025-04-16T18:31:03+00:00,track,,,4,12760322550 12760322522 12760322519 12760322510
20721118,5,2025-04-16T16:52:48+00:00,track,,,1,9297834445
20721259,7,2026-09-20T14:51:41+00:00,track,,,3,13733642121 13733641853 13733641895
20721262,4,2026-09-21T16:43:23+00:00,track,,,1,12674304762
20721270,4,2025-04-16T16:52:48+00:00,track,,,1,12760140042
20721584,3,2026-09-19T17:40:22+00:00,residential,,,1,13731140773
20721604,4,2024-07-07T01:29:31+00:00,track,,,1,9813553037
20721625,3,2026-09-19T17:40:22+00:00,residential,,,1,10570586885
20721679,4,2025-07-10T01:47:35+00:00,track,,,2,12990949624 12990949625
20721773,3,2024-06-16T18:06:30+00:00,residential,,,1,11985881646
20721780,5,2026-09-19T17:40:22+00:00,service,,,1,9826336442
20721803,3,2025-07-10T13:17:36+00:00,track,,,1,12992398406
20721864,4,2026-09-20T14:51:41+00:00,track,,,1,12671100687
20721877,2,2025-04-16T18:31:03+00:00,residential,,,1,12760322568
20722028,2,2024-06-16T18:06:30+00:00,service,,,1,11985881977
20722034,4,2026-09-19T17:40:22+00:00,track,,,2,13733641666 13733605736
20722202,2,2025-04-16T18:31:03+00:00,track,,,1,12760322487
20722399,3,2025-07-10T13:17:36+00:00,service,,,1,11964981486
20722831,2,2025-04-16T16:52:48+00:00,service,,,1,12760140090
20722865,4,2026-09-20T14:51:41+00:00,track,,,1,12671100489
20722908,4,2026-09-19T17:40:22+00:00,track,,,1,10570586886
20722947,3,2026-05-21T00:08:25+00:00,track,,,1,13854710967
20722961,5,2026-05-21T00:08:25+00:00,residential,,,2,13854711031 13854710985
20723054,2,2025-04-16T16:52:48+00:00,service,,,1,12760140153
20723083,3,2025-07-10T01:47:35+00:00,track,,,1,12990949638
20723171,4,2026-09-19T17:40:22+00:00,track,,,1,10570569209
20723220,4,2026-09-20T17:38:21+00:00,track,,,1,12673426915
20723287,3,2022-06-12T16:21:53+00:00,track,,,1,9812696981
20723483,3,2026-09-20T14:51:41+00:00,track,,,1,222577362
20723837,3,2026-05-20T15:16:40+00:00,service,,,2,13853237636 13853237699
20723953,2,2025-04-16T16:52:48+00:00,track,,,1,12760140204
20724360,3,2026-05-20T15:16:40+00:00,track,,,1,13853237735
20724376,3,2026-09-19T17:40:22+00:00,residential,,,1,10570586884
20724603,3,2025-04-16T18:31:03+00:00,residential,County Road 101,,1,12760140221
20724643,11,2023-06-30T10:59:12+00:00,unclassified,State Park Road,,1,222592671
20724738,3,2025-04-16T16:52:48+00:00,residential,County Road 406,CR 406,1,12760140091
20724916,5,2025-04-16T16:52:48+00:00,unclassified,Baluarte Creek Road,CR 110,1,12760140220
20724940,5,2025-04-16T16:52:48+00:00,unclassified,Baluarte Creek Road,CR 110,1,12760140215
20724958,7,2025-04-16T16:52:48+00:00,unclassified,Baluarte Creek Road,CR 110,1,12760140152
20726259,3,2026-09-15T21:51:45+00:00,track,,,1,222611062
20727284,2,2024-04-02T23:23:58+00:00,service,,,1,11781696563
20727494,4,2024-07-24T18:37:05+00:00,residential,,CR 488A,1,12072169050
20727912,2,2024-04-03T04:45:19+00:00,residential,,,1,11782140288
20728131,4,2026-09-20T14:51:41+00:00,track,,,1,13733642081
20728186,3,2026-09-19T17:40:22+00:00,residential,,,1,10570586881
20728356,4,2026-09-19T17:40:22+00:00,track,,,1,12671100341
20728435,3,2022-06-11T17:19:26+00:00,track,,,1,222641222
20728906,2,2025-03-10T14:28:18+00:00,residential,,,1,12650042685
20729055,4,2026-09-19T17:40:22+00:00,track,,,1,12671100325
20729481,2,2026-03-27T19:01:47+00:00,service,,,1,13685359813
20729527,4,2026-09-20T14:51:41+00:00,track,,,1,13733641852
20730225,4,2026-09-20T14:51:41+00:00,track,,,1,222668678
20730343,3,2025-09-09T16:49:31+00:00,residential,,,1,13131372582
20730792,7,2026-09-19T17:40:22+00:00,track,,,13,10570529193 10570529238 10570569118 10570569004 10570569003 10570569002 10570569001 10570569000 10570569117 10570569116 10570569115 222582467 10570569125
20731086,4,2026-09-20T14:51:41+00:00,track,,,1,13733641810
20731561,7,2026-09-19T17:40:22+00:00,residential,,,1,13731121869
20732372,4,2026-09-20T14:51:41+00:00,track,,,1,222695366
20733263,2,2025-07-23T13:35:17+00:00,residential,,,1,13019077069
20733365,3,2026-09-20T14:51:41+00:00,track,,,1,222703775
20735089,3,2022-06-11T17:19:26+00:00,track,,,2,9811318071 9811318038
20735530,3,2026-09-19T17:40:22+00:00,residential,,,1,10570586882
20736135,6,2026-09-19T17:40:22+00:00,residential,,,1,13731121870
20737557,4,2025-02-04T15:33:29+00:00,residential,Cross Street,,1,12556764919
20738838,7,2026-09-20T14:51:41+00:00,unclassified,County Road 29,,1,222741608
20740879,2,2025-03-10T14:28:18+00:00,residential,County Road 122,,1,12650043224
20741207,2,2026-01-18T14:52:15+00:00,track,,,1,13464215666
20741593,7,2026-07-29T19:32:18+00:00,residential,Varner Street,,1,12304689159
20742129,2,2024-04-05T01:55:16+00:00,service,,,1,11788866055
20742146,3,2024-04-04T02:08:21+00:00,service,,,1,11785333921
20742286,4,2023-12-19T13:22:25+00:00,service,,,1,10303447578
20742293,2,2023-01-03T22:30:50+00:00,service,,,1,10303447495
20743273,6,2024-04-05T01:55:16+00:00,service,,,1,11788921542
20743712,4,2026-02-12T04:18:31+00:00,track,Anderson Road,,1,13545112783
20744464,3,2022-12-31T00:01:21+00:00,service,,,1,10296097934
20744914,5,2023-01-03T22:30:50+00:00,service,,,1,10303447482
20745044,4,2025-01-28T22:50:25+00:00,residential,,,2,12540088227 11788878776
20745063,16,2026-01-18T14:52:15+00:00,residential,County Road 324,,1,13464215665
20745270,2,2025-01-28T22:50:25+00:00,track,,,1,12540088228
20745442,3,2023-01-12T21:05:45+00:00,service,,,1,10544162650
20745972,4,2025-03-12T17:13:50+00:00,residential,,,1,12656993954
20746689,7,2025-06-26T23:58:30+00:00,track,,,3,12346093313 12955280370 12955293315
20746724,4,2025-02-20T00:41:09+00:00,track,,,1,12602244477
20747179,2,2025-09-07T19:25:50+00:00,track,,,1,13125455435
20747632,5,2025-05-09T15:23:48+00:00,track,,,1,12823740983
20747786,3,2024-10-30T15:59:48+00:00,track,,,1,12299738912
20748090,4,2025-03-12T17:13:50+00:00,residential,,,1,12656993801
20748168,3,2025-05-09T15:23:48+00:00,track,,,1,12823741189
20749015,2,2023-01-02T06:14:53+00:00,track,,,1,10299930271
20749099,4,2025-06-26T23:58:30+00:00,track,,,1,12955293485
20749478,3,2025-03-12T17:13:50+00:00,service,,,2,12656993750 12656993751
20750042,6,2025-06-27T18:20:40+00:00,track,,,1,12957071137
20750123,5,2025-05-09T15:23:48+00:00,track,,,1,12299738911
20750254,3,2025-03-27T18:23:18+00:00,service,,,1,7396165458
20750279,4,2025-03-27T18:23:18+00:00,service,,,1,7396165352
20750520,3,2025-07-05T20:31:37+00:00,track,,,1,12355469925
20750629,3,2025-01-28T22:45:22+00:00,residential,,,1,12540081050
20750746,4,2025-06-27T17:14:12+00:00,track,,,1,12299712797
20750763,4,2025-05-09T15:23:48+00:00,track,,,1,12823741121
20751091,3,2024-10-24T18:28:40+00:00,track,,,1,12285973878
20751655,8,2025-06-09T21:50:34+00:00,track,Pennsylvania Avenue,,3,12823741532 12299738938 12299738910
20751681,3,2024-10-25T18:12:02+00:00,service,,,1,12282427327
20752493,2,2024-04-05T01:38:03+00:00,service,Private Road 4105,,2,11788879041 11788879083
20752506,6,2024-04-05T01:38:03+00:00,service,Private Road 4105,,1,11788878979
20755995,6,2025-04-03T16:25:17+00:00,residential,County Road 630,,1,12726261705
20756262,2,2018-02-24T15:17:43+00:00,track,,,1,222892295
20756434,2,2024-10-29T15:21:00+00:00,track,,,2,12297041156 12297041150
20757817,3,2025-04-03T16:25:17+00:00,service,,,1,12726261750
20758140,4,2025-06-26T23:28:14+00:00,track,,,1,12955264886
20758749,2,2025-03-27T18:23:18+00:00,service,,,1,12705456674
20762633,4,2025-06-26T15:00:35+00:00,unclassified,County Road 361,CR 361,1,222940295
20763181,2,2025-04-03T16:25:17+00:00,service,,,1,12726261905
20763541,5,2024-11-01T00:52:46+00:00,unclassified,County Road 543,CR 543,2,12294156364 12303159616
20764870,4,2022-09-17T14:38:32+00:00,service,Texon Road,,1,10031735416
20764980,2,2025-04-03T16:25:17+00:00,service,,,1,12726261904
20765519,3,2025-04-03T20:25:13+00:00,track,,,2,12726844485 12726844481
20766932,3,2025-04-03T20:25:13+00:00,residential,County Road 510,,1,12726844258
20767085,4,2025-04-03T20:25:13+00:00,residential,County Road 512,,1,12726844075
20767459,13,2025-06-23T18:05:38+00:00,unclassified,Buena Vista Drive,,1,12299738893
20767609,8,2025-04-03T20:25:13+00:00,residential,County Road 625,,1,12726844657
20767778,4,2025-04-03T20:25:13+00:00,residential,County Road 628,,2,12726836396 12726844003
20768247,8,2026-02-18T19:21:42+00:00,residential,County Road 503,,1,13577772019
20768270,5,2025-04-03T20:25:13+00:00,residential,County Road 503,,1,12726844659
20768360,6,2025-04-03T20:25:13+00:00,residential,County Road 504,,1,12726844658
20768443,7,2025-04-03T20:25:13+00:00,residential,County Road 505,,1,12726844484
20768589,7,2025-03-30T20:39:33+00:00,residential,County Road 507,,1,12714576332
20771020,6,2024-12-09T02:56:42+00:00,service,Parker Road,,1,223030607
20771569,3,2024-11-21T14:30:19+00:00,track,,,1,12361802331
20772095,3,2025-05-23T21:45:45+00:00,residential,,,1,12859483888
20772847,2,2020-10-29T22:37:23+00:00,track,,,1,223043995
20772881,3,2026-05-28T14:51:01+00:00,track,,,1,12644491591
20773186,4,2025-03-19T20:09:01+00:00,track,,,1,12682170889
20774060,3,2026-05-24T19:41:26+00:00,track,,,1,12644491353
20774355,2,2025-05-23T22:18:04+00:00,residential,,,1,12859623447
20774398,3,2025-03-09T01:18:26+00:00,residential,,,1,12646739967
20774570,4,2020-10-27T19:32:50+00:00,track,,,1,8050900580
20774834,3,2026-01-06T03:12:06+00:00,track,,,1,13433739458
20776515,3,2025-03-19T21:09:49+00:00,track,,,1,12682288672
20780584,3,2025-02-17T15:49:22+00:00,residential,County Road 2210,,1,12596063193
20782495,4,2025-03-19T17:05:39+00:00,track,,,1,12681509571
20782496,2,2025-03-12T00:43:41+00:00,residential,,,1,12654195613
20782637,3,2025-03-12T00:43:41+00:00,residential,,,1,12168536696
20782798,4,2025-01-05T20:31:04+00:00,service,,,1,12476333996
20782861,3,2025-03-12T00:43:41+00:00,residential,,,1,12168536695
20783362,2,2025-03-12T00:43:41+00:00,service,,,1,12654195615
20783403,3,2024-09-10T17:45:59+00:00,service,,,1,12168536673
20783640,4,2024-12-28T12:52:50+00:00,service,,,2,12168536617 12168536796
20784238,3,2025-03-12T00:43:41+00:00,residential,,,1,12654195622
20784316,3,2024-09-10T17:45:59+00:00,service,,,1,12168536675
20784579,2,2025-03-19T20:09:01+00:00,service,,,1,12682170975
20784779,4,2025-03-14T21:21:40+00:00,residential,County Road 3607,,1,12663499995
20785118,2,2025-03-19T20:09:01+00:00,service,,,1,12682171025
20785338,8,2025-11-16T18:02:40+00:00,track,,,2,3719216406 223190221
20785364,3,2025-03-13T02:15:45+00:00,track,,,1,12657737756
20785366,2,2025-02-17T15:26:53+00:00,residential,County Road 2920,,1,12596026574
20785652,3,2025-03-13T02:15:45+00:00,track,,,1,12657758967
20785855,1,2008-01-13T10:04:19+00:00,residential,,,1,223195485
20786157,3,2026-02-18T19:41:44+00:00,residential,County Road 20,,1,13577806672
20786249,3,2026-02-18T19:41:44+00:00,residential,County Road 245,,1,13577806671
20786754,3,2024-08-21T20:34:41+00:00,track,,,1,12125433204
20786823,2,2020-09-08T08:17:08+00:00,unclassified,,,1,223207210
20786891,3,2025-02-26T14:01:04+00:00,residential,,,1,12620652941
20787040,2,2021-02-26T09:24:56+00:00,residential,,,1,8460548848
20787088,3,2025-02-26T14:01:04+00:00,residential,,,1,12620652985
20787377,3,2020-05-04T21:57:13+00:00,track,,,1,7483097534
20787446,4,2023-10-30T00:15:22+00:00,track,,,1,2677090399
20787602,2,2023-10-21T22:23:14+00:00,track,,,1,223224639
20787662,2,2026-02-04T02:09:08+00:00,track,,,1,13523215657
20787879,2,2020-06-16T02:07:39+00:00,residential,,,1,7624335809
20787900,2,2025-03-12T00:59:21+00:00,residential,,,1,12654208521
20788250,4,2024-04-04T02:00:59+00:00,service,,,1,11785308856
20788603,4,2025-03-19T16:43:43+00:00,track,,,1,12681465517
20788688,2,2026-04-26T13:42:32+00:00,residential,,,1,13763653112
20788789,2,2026-02-08T01:21:27+00:00,service,,,1,13533294147
20788861,3,2023-11-25T21:09:49+00:00,service,,,1,11375973183
20789041,3,2024-12-23T20:28:02+00:00,residential,,,1,11375973187
20789306,4,2023-11-27T21:30:47+00:00,track,,,1,11380393105
20789575,2,2025-03-19T19:59:16+00:00,residential,,,1,12682150945
20789772,2,2024-08-21T22:10:12+00:00,residential,,,1,12125561505
20789907,3,2024-08-21T21:03:29+00:00,track,,,1,12125488918
20790408,3,2023-10-28T17:33:50+00:00,track,,,1,10557728075
20790611,2,2023-11-25T17:40:06+00:00,residential,,,1,11375672901
20790645,2,2025-03-19T16:59:26+00:00,residential,,,1,12681489572
20791261,4,2025-03-19T16:43:43+00:00,track,,,1,12681379394
20791739,2,2026-02-04T13:45:06+00:00,residential,,,1,13524249389
20791794,2,2024-08-21T21:03:29+00:00,residential,,,1,12125488917
20791828,2,2024-08-21T20:47:34+00:00,track,,,1,12125462391
20791933,3,2026-07-12T03:39:57+00:00,track,,,1,12125462385
20792562,2,2025-03-18T21:00:06+00:00,track,,,1,12677473122
20792916,4,2025-03-12T00:59:21+00:00,track,Mitchell County Road,,1,12654208532
20793013,2,2025-03-18T21:00:06+00:00,track,,,1,12677473112
20793092,4,2025-02-26T14:01:04+00:00,residential,,,1,8496319286
20793262,3,2024-04-04T02:00:59+00:00,service,,,1,223323126
20794761,2,2024-12-24T19:15:08+00:00,residential,,,1,12450011891
20794766,2,2024-12-24T19:15:08+00:00,residential,,,1,12450011915
20794782,5,2026-02-02T18:25:07+00:00,service,187,,1,8130778193
20795971,2,2024-12-04T13:40:28+00:00,residential,,,1,12395964441
20795990,3,2020-12-20T20:53:44+00:00,track,,,1,222101411
20796041,3,2025-03-19T19:59:16+00:00,residential,County Road SA,,1,12682151203
20796167,3,2023-11-25T17:43:49+00:00,residential,County Road 136,,1,11375672924
20796288,3,2020-01-14T06:25:02+00:00,service,,,1,7130044700
20796360,2,2025-11-27T00:27:37+00:00,service,,,1,223379982
20796508,4,2021-07-20T05:33:22+00:00,residential,County Road 482,,1,8918257463
20796717,5,2025-12-29T20:39:49+00:00,track,,,1,12307507845
20797134,4,2025-07-12T07:33:36+00:00,residential,County Road 222,,1,12125462378
20797335,9,2024-10-19T02:27:21+00:00,service,,,1,12265260241
20797506,2,2025-03-19T19:59:16+00:00,residential,County Road 110,,1,12682150650
20798140,5,2024-08-21T20:34:41+00:00,unclassified,County Road 256,,1,12125433208
20798211,6,2024-08-21T22:10:12+00:00,unclassified,County Road 258,,2,12125561510 12125433222
20798273,2,2025-03-12T20:43:41+00:00,residential,County Road 120,,1,12657348531
20798400,3,2025-02-27T20:18:41+00:00,track,,,2,12519063071 12519063046
20798414,3,2025-02-27T20:18:41+00:00,residential,,,1,12519063259
20798433,3,2024-04-04T01:10:28+00:00,residential,County Road 172,,2,11785033438 11785021172
20798591,5,2024-04-04T02:00:59+00:00,residential,County Road 176,,1,11785308718
20798965,3,2025-02-27T20:18:41+00:00,track,,,1,12519063024
20799005,3,2026-06-25T21:36:10+00:00,service,,,1,13966176140
20799007,2,2025-01-20T21:53:18+00:00,track,,,1,223438051
20799040,2,2024-12-24T19:58:44+00:00,track,,,1,12450063571
20799105,3,2025-03-21T14:45:51+00:00,residential,,,1,12519063262
20799319,2,2022-02-02T04:50:29+00:00,residential,,,1,9467645590
20799401,3,2025-01-20T20:49:38+00:00,track,,,1,12519063019
20799590,3,2025-01-20T20:55:58+00:00,track,,,3,12519073969 12501365059 12519073970
20799610,2,2025-01-14T18:39:52+00:00,track,,,1,223422133
20799631,2,2025-01-20T20:55:58+00:00,residential,,,1,12519073841
20799845,4,2026-07-14T16:15:45+00:00,service,,,1,223424996
20800097,4,2025-01-09T03:08:13+00:00,track,,,1,11607489480
20800444,4,2026-08-20T07:27:35+00:00,track,,,1,14106951984
20800455,3,2026-07-14T16:15:45+00:00,track,,,1,223432782
20800561,4,2026-09-17T16:36:25+00:00,track,,,1,8003925789
20800674,2,2026-03-23T14:48:19+00:00,residential,,,1,13671960548
20800740,2,2024-12-24T20:04:29+00:00,residential,,,1,12450068579
20800912,2,2025-01-20T21:53:18+00:00,track,,,1,223438051
20801716,3,2025-02-27T20:18:41+00:00,track,,,2,12519063395 12519063447
20801784,4,2025-12-02T16:24:42+00:00,track,,,1,13348149614
20802231,2,2025-01-20T21:53:18+00:00,track,,,1,12519238584
20802306,3,2025-02-27T20:18:41+00:00,track,,,1,12623992692
20802732,2,2025-01-20T20:49:38+00:00,residential,,,1,12519063018
20803150,3,2026-02-23T23:13:42+00:00,unclassified,County Road 1640,,1,12519063324
20805697,4,2020-01-14T06:25:02+00:00,service,,,1,7130044700
20806241,6,2025-03-27T11:44:22+00:00,unclassified,County Road 172,,3,12674425684 12674425682 12674425677
20806287,2,2025-01-17T15:06:38+00:00,track,,,1,223474126
20806480,12,2024-04-26T11:17:09+00:00,track,,,1,10696947567
20806563,5,2026-03-03T12:18:35+00:00,track,,,1,11550128470
20806581,8,2025-03-17T19:46:50+00:00,track,,,2,223476411 12674018748
20806728,6,2025-03-20T15:36:56+00:00,track,,,3,12684989766 12684989764 12684989779
20806738,3,2023-02-22T10:00:30+00:00,track,,,1,10685385384
20806801,10,2026-09-17T21:28:27+00:00,track,,,1,10614214329
20806840,8,2025-03-27T02:00:32+00:00,track,,,1,12703892608
20806935,6,2026-01-28T09:16:39+00:00,track,,,1,12684989602
20806961,7,2023-12-21T14:26:14+00:00,track,,,2,11438731954 11438731952
20807109,2,2023-02-27T13:58:17+00:00,service,,,1,10697212369
20807129,6,2024-06-20T10:48:11+00:00,track,,,1,10642924409
20807225,9,2025-03-27T02:00:32+00:00,track,,,2,12703892597 12703892600
20807270,7,2023-02-15T13:58:40+00:00,track,,,1,10601801400
20807321,6,2025-03-17T21:08:23+00:00,track,,,3,12674247829 12674269590 12674269595
20807414,5,2026-09-17T21:28:27+00:00,track,,,1,10679538724
20807451,7,2025-03-19T20:37:54+00:00,residential,,,2,10699374463 12682204159
20807466,5,2024-03-18T10:50:16+00:00,track,,,1,10673463001
20807489,13,2025-03-19T12:56:58+00:00,track,,,6,12680799048 10614214137 10657495389 10673417293 10643490785 10673462999
20807496,3,2025-03-20T15:36:56+00:00,track,,,1,12684989716
20807535,9,2025-03-20T15:36:56+00:00,track,,,3,11980410516 12684989885 12684989849
20807651,6,2023-02-22T11:58:55+00:00,track,,,4,10685638826 10673462744 10685638242 10673462989
20807654,3,2023-03-03T09:53:45+00:00,track,,,1,10706413561
20807696,6,2025-03-18T14:34:18+00:00,track,,,3,10989198844 10989198821 10680265110
20807720,4,2024-01-24T15:10:23+00:00,track,,,2,11443225504 10614255459
20807733,5,2025-03-17T10:10:20+00:00,track,,,1,9549483596
20807758,2,2022-03-02T12:27:15+00:00,service,,,2,9549483420 9549483403
20807797,4,2025-03-17T19:46:50+00:00,track,,,2,12674018789 223487379
20807821,7,2025-03-21T20:35:14+00:00,track,,,2,12688591935 12688591938
20807910,11,2026-09-17T21:28:27+00:00,track,,,3,12680829917 12680799043 12680799036
20808099,5,2025-03-17T19:46:50+00:00,track,,,1,12674028137
20808101,2,2023-07-20T10:00:16+00:00,track,,,1,11056487823
20808103,3,2025-01-20T20:49:38+00:00,unclassified,County Road 1354,,1,12519063022
20808140,4,2023-02-14T11:12:40+00:00,track,,,1,10614214147
20808159,3,2026-06-21T23:30:15+00:00,residential,,,1,13956484822
20808185,4,2025-04-28T11:12:37+00:00,track,,,1,223491673
20808201,4,2025-02-11T22:06:43+00:00,track,,,1,12580333160
20808224,7,2024-01-25T14:28:17+00:00,unclassified,,,1,10750466606
20808257,5,2024-12-15T01:04:11+00:00,track,,,2,12423599135 12423599136
20808291,8,2026-07-17T17:54:03+00:00,residential,County Road 303,,1,13853918052
20808336,2,2023-09-25T10:07:42+00:00,track,,,1,223493264
20808537,7,2026-01-20T10:10:50+00:00,track,,,1,10658003310
20808584,3,2026-03-31T12:51:25+00:00,track,,,1,13695287220
20808610,5,2025-02-11T22:06:43+00:00,track,,,2,12580332941 12580333453
20808617,4,2025-03-21T20:35:14+00:00,track,,,6,12674293832 12674293801 12674293805 12674293806 12674293804 12674068598
20808670,6,2025-03-27T02:00:32+00:00,track,,,3,12703892602 12703892621 12035515665
20808715,2,2025-01-20T20:55:58+00:00,service,Private Road 1358,,1,12519073863
20808796,8,2023-12-17T13:20:55+00:00,track,,,1,10755656457
20808822,4,2023-02-20T10:06:28+00:00,track,,,1,10679538756
20808902,10,2023-02-17T13:28:14+00:00,track,,,6,10673462988 10673462994 10657353581 10643490776 10673417275 10642686622
20808950,8,2025-03-19T13:10:52+00:00,track,,,1,12674425676
20809001,10,2026-02-01T17:42:41+00:00,track,,,1,11543223268
20809048,3,2025-04-09T12:25:37+00:00,track,,,1,11846857935
20809114,6,2025-03-27T02:00:32+00:00,track,,,3,12703892609 11207743949 12680663212
20809207,3,2026-03-23T14:48:19+00:00,residential,County Road 4546,,1,13671960550
20809213,10,2025-03-20T15:44:17+00:00,track,,,5,12685003646 12423599131 12423599132 12423599124 12423599123
20809315,8,2025-07-23T15:07:14+00:00,track,,,2,12703892605 12703892612
20809352,4,2025-03-27T02:00:32+00:00,track,,,1,12703892607
20809391,6,2026-09-03T21:07:25+00:00,unclassified,County Road 398,CR 398,1,14011451198
20809402,8,2024-04-11T13:17:57+00:00,track,,,2,10695863130 10669309817
20809418,5,2025-02-11T22:06:43+00:00,residential,,,1,12580333434
20809440,4,2023-10-18T12:13:19+00:00,track,,,1,11025221508
20809445,3,2023-11-17T09:31:08+00:00,track,,,1,11357821245
20809448,4,2023-07-04T08:02:20+00:00,track,,,1,11024940682
20809488,6,2025-03-19T12:56:58+00:00,track,,,3,12680799034 10614214146 10657947959
20809511,6,2025-03-17T23:33:32+00:00,track,,,6,12674426174 11205405900 12674426230 12674426227 12674425930 12674426005
20809529,4,2024-03-06T10:23:39+00:00,track,,,1,10614422004
20809557,8,2025-03-19T13:19:14+00:00,track,,,3,10682720698 12680862641 12680862642
20809609,4,2026-02-15T23:54:05+00:00,residential,Magnolia Loop,,1,223505457
20809611,4,2023-02-10T16:09:28+00:00,track,,,2,10642081519 8599675289
20809646,10,2025-03-21T10:38:16+00:00,track,,,3,12685007043 12685007042 11271212472
20809680,7,2024-01-08T10:23:04+00:00,track,,,1,10696947565
20809715,3,2025-03-23T15:14:00+00:00,track,,,2,12694299172 12694299171
20809757,8,2026-09-08T12:16:12+00:00,track,,,2,12682234426 11470596728
20809780,6,2026-09-08T12:16:12+00:00,track,,,1,10759044988
20809915,10,2025-03-27T02:00:32+00:00,track,,,3,12703892599 11205567509 11205567508
20809987,11,2025-03-27T14:55:35+00:00,track,,,3,12694299132 12694299128 12705054819
20810006,15,2025-03-27T13:32:53+00:00,track,,,9,12704722377 12684927172 12674426267 12674426265 12674426261 12674426175 12674425963 223510530 11207447679
20810019,3,2023-02-27T11:39:31+00:00,track,,,2,10696947566 10696947568
20810035,4,2023-11-21T14:02:02+00:00,track,,,1,10696947569
20810139,7,2026-02-27T17:41:32+00:00,track,,,1,11363926978
20810154,2,2020-05-09T03:35:15+00:00,track,,,1,223512404
20810179,2,2020-05-09T03:35:15+00:00,track,,,1,223512637
20810209,10,2026-06-30T04:04:13+00:00,residential,County Road 172,,1,13966176122
20810258,4,2025-03-20T15:44:17+00:00,track,,,1,12685003583
20810273,5,2025-03-17T21:23:50+00:00,track,,,1,12674068539
20810281,3,2023-02-14T10:04:03+00:00,track,,,1,10642686468
20810307,3,2023-02-17T13:10:18+00:00,unclassified,,,1,10673417274
20810337,5,2025-03-19T13:19:14+00:00,track,,,1,12680862614
20810349,4,2025-03-15T20:18:04+00:00,track,,,1,12668904462
20810358,2,2023-02-25T23:56:36+00:00,track,,,1,10693981324
20810521,7,2024-04-22T10:08:02+00:00,track,,,1,10991970549
20810542,7,2026-09-17T21:28:27+00:00,track,,,1,10765626194
20810588,5,2026-03-03T12:18:35+00:00,unclassified,,,1,13467818641
20810607,4,2025-03-28T13:03:43+00:00,track,,,3,12674425675 12707548841 12674425671
20810647,5,2025-03-23T15:14:00+00:00,track,,,3,12694299170 12694299169 223517995
20810662,7,2025-03-20T15:36:56+00:00,track,,,7,12684989868 12684989866 12684989867 12684989854 12684989815 12684989825 12684989878
20810667,6,2025-03-18T21:55:08+00:00,track,,,3,10685385385 12677524781 12677524782
20810706,10,2026-01-23T21:23:15+00:00,track,,,1,223519662
20810752,4,2025-11-25T15:27:11+00:00,residential,Lutonsky Lane,,1,13330616661
20810761,6,2025-03-27T02:00:32+00:00,track,,,2,12680663211 12703892611
20810764,6,2023-11-27T14:19:37+00:00,track,,,2,10690311703 10611523648
20810772,4,2026-04-13T09:51:59+00:00,track,,,1,12684989869
20810816,3,2025-03-19T12:49:14+00:00,track,,,1,12680685994
20810838,3,2023-02-23T14:33:56+00:00,unclassified,,,1,10688469405
20810858,3,2025-03-21T14:53:43+00:00,track,,,1,12687632527
20810928,4,2023-06-27T10:18:25+00:00,track,,,1,10989698738
20810960,5,2025-03-23T15:14:00+00:00,track,,,1,12694299168
20810968,6,2023-02-15T13:58:40+00:00,track,,,1,223523656
20810989,5,2025-03-17T21:23:50+00:00,track,,,1,12674068596
20811110,5,2025-03-18T00:06:00+00:00,track,,,1,12674450314
20811116,4,2025-04-04T08:51:00+00:00,track,,,1,12660931055
20811130,6,2024-04-10T09:59:03+00:00,track,,,1,10678380194
20811132,3,2021-02-10T09:39:42+00:00,service,,,2,223526001 223526015
20811244,2,2020-05-09T03:35:15+00:00,track,,,1,223527976
20811400,8,2025-03-19T13:19:14+00:00,track,,,2,12680862640 223530269
20811427,6,2023-10-05T09:58:41+00:00,track,,,1,10688672606
20811496,7,2025-03-19T13:10:52+00:00,track,,,3,12680830023 12680830026 12680830027
20811511,4,2023-10-09T10:52:32+00:00,track,,,1,11250787755
20811523,2,2025-03-18T00:06:00+00:00,track,,,1,12674450330
20811562,3,2024-12-15T01:04:11+00:00,track,,,1,12423599130
20811593,2,2023-02-27T15:07:07+00:00,track,,,1,10697339221
20811645,4,2025-03-17T23:33:32+00:00,track,,,7,12674426074 12674426067 12674426056 12674426055 12674426008 12674426010 12674426009
20811658,6,2023-02-23T17:51:08+00:00,track,,,1,10681241430
20811698,8,2025-03-19T16:14:54+00:00,track,,,6,10669510672 12681382293 11016234716 12681382290 12681382289 11016234714
20811708,7,2023-09-26T09:32:02+00:00,track,,,1,10696806962
20811725,4,2023-10-18T09:57:57+00:00,service,,,1,9549483438
20811746,6,2025-03-15T21:46:42+00:00,track,,,1,10697230362
20811753,6,2025-03-15T21:46:42+00:00,track,,,1,12669058596
20811777,6,2026-01-26T10:30:47+00:00,track,,,1,12682277906
20811868,7,2026-03-31T13:11:11+00:00,track,,,1,13695321211
20811888,5,2023-10-09T10:52:32+00:00,track,,,2,11250787754 11250787753
20811910,4,2020-12-26T19:26:22+00:00,track,,,1,223538652
20811976,3,2024-02-05T11:55:28+00:00,track,,,1,11508501844
20812005,4,2023-12-15T09:42:43+00:00,track,,,2,10669160149 10669159982
20812026,6,2023-02-14T09:27:54+00:00,track,,,3,10614160963 8599675319 10657275913
20812034,5,2025-03-19T13:19:14+00:00,track,,,2,12669058501 12669058612
20812055,3,2025-03-19T13:10:52+00:00,track,,,1,12680829991
20812063,3,2025-03-21T20:35:14+00:00,track,,,1,12688624359
20812073,8,2025-03-15T10:47:54+00:00,track,,,1,223540711
20812087,4,2025-03-18T00:06:00+00:00,track,,,1,12674450256
20812241,4,2024-02-13T09:12:03+00:00,unclassified,,,1,10611363136
20812484,7,2025-03-19T14:52:47+00:00,track,,,1,12681189346
20812490,5,2025-03-19T14:52:47+00:00,track,,,1,12674217807
20812545,8,2025-03-27T13:41:45+00:00,track,,,1,12704791497
20812571,6,2026-01-21T14:13:06+00:00,track,,,1,10989198845
20812601,4,2025-03-21T14:53:43+00:00,track,,,1,12687608496
20812624,5,2025-03-17T19:46:50+00:00,track,,,1,12674018785
20812748,6,2025-03-18T00:06:00+00:00,track,,,1,12674450241
20812787,6,2025-03-17T19:46:50+00:00,track,,,1,12674018761
20812819,4,2023-07-04T08:25:13+00:00,track,,,2,11024949679 11024949676
20812840,4,2023-06-22T13:22:41+00:00,residential,,,1,10696749871
20812892,4,2025-03-19T13:19:14+00:00,track,,,1,12680862629
20813099,4,2025-03-18T00:06:00+00:00,track,,,1,12674450197
20813103,3,2025-03-18T00:06:00+00:00,track,,,3,12674450144 11545745310 12674450233
20813174,14,2025-03-19T13:10:52+00:00,track,,,8,10614214330 12680829918 10765552187 12680829835 10614287965 12680829920 12680829919 10681007025
20813185,4,2023-02-23T14:56:50+00:00,track,,,1,10688469471
20813239,2,2020-05-09T03:35:15+00:00,track,,,1,223555914
20813267,4,2025-03-15T21:46:42+00:00,track,,,1,12669058611
20813355,7,2024-04-26T11:17:09+00:00,track,,,1,10696986250
20813383,5,2025-03-20T15:36:56+00:00,track,,,4,12684989792 12684989870 12684989879 12684989833
20813408,5,2023-02-17T13:28:14+00:00,track,,,1,10673462997
20813433,9,2026-07-23T07:16:29+00:00,unclassified,County Road 224,,1,13966176143
20813466,6,2024-01-31T19:13:13+00:00,track,,,1,10673520277
20813474,8,2024-05-03T12:56:37+00:00,track,,,1,10681007158
20813486,4,2024-01-11T10:42:05+00:00,track,,,2,11508259108 10971077101
20813489,3,2025-03-21T15:51:11+00:00,track,,,1,12688038201
20813494,3,2024-01-11T10:15:48+00:00,track,,,1,11508227271
20813552,3,2023-02-14T09:27:54+00:00,track,,,1,10657275854
20813641,24,2026-08-31T17:05:41+00:00,unclassified,County Road 290,,3,12674018790 10693373544 10693363330
20813675,5,2026-01-26T14:41:41+00:00,track,,,1,12688685128
20813745,4,2025-03-19T20:37:54+00:00,track,,,5,10699374464 12682204195 12682204175 12682204173 12682204172
20813792,4,2026-09-17T21:31:54+00:00,track,,,1,10673463000
20813803,8,2025-03-19T15:51:55+00:00,track,,,1,12681345019
20813815,6,2025-03-21T14:53:43+00:00,track,,,1,12674018787
20813863,3,2023-02-14T10:40:21+00:00,track,,,1,10642924419
20813895,8,2026-01-26T15:47:06+00:00,track,,,3,12688685105 12688685104 12688685097
20813912,2,2025-03-21T21:19:22+00:00,track,,,2,12688685081 12688685085
20813957,5,2024-06-24T11:43:32+00:00,track,,,2,11050650876 11050650877
20813984,4,2023-06-19T09:51:34+00:00,track,,,2,10989198684 10989198683
20814039,2,2026-06-05T06:15:46+00:00,track,,,1,13911473774
20814071,4,2025-03-19T15:51:55+00:00,track,,,1,12681345003
20814088,3,2025-03-13T14:14:06+00:00,track,,,1,12659467725
20814119,5,2026-09-12T20:30:15+00:00,residential,County Road 235,CR 235,1,14175900864
20814122,6,2025-04-10T23:18:28+00:00,track,,,1,12745735451
20814132,3,2025-03-18T00:06:00+00:00,track,,,1,11443300367
20814189,4,2025-03-23T15:14:00+00:00,track,,,1,12694299179
20814249,4,2025-03-23T14:41:01+00:00,residential,County Road 445,,1,12694062011
20814304,2,2020-05-09T03:35:15+00:00,track,,,4,223571106 223571289 223571314 223571329
20814471,4,2025-03-27T13:18:16+00:00,residential,County Road 475,,1,10669582234
20814631,4,2025-01-05T15:53:20+00:00,track,,,1,12475852398
20814751,9,2026-03-24T21:26:51+00:00,residential,Creekwood Lane,,1,12265260238
20814773,3,2025-01-30T20:29:28+00:00,residential,Marsalia Road,,1,12544717325
20814786,10,2023-02-22T15:22:14+00:00,unclassified,County Road 109,,2,10657353580 10673462998
20814806,3,2025-01-05T15:53:20+00:00,track,,,1,12475852324
20814808,3,2023-10-05T08:42:12+00:00,residential,County Road 323,,1,10750467052
20814872,7,2025-03-21T15:19:03+00:00,unclassified,County Road 270,,2,12677546297 12687821842
20814904,2,2020-05-09T03:35:15+00:00,track,,,1,223582050
20814932,8,2025-03-18T21:50:56+00:00,unclassified,County Road 271,,1,12677540550
20815011,4,2026-02-04T03:36:26+00:00,track,,,1,13523301028
20815142,3,2025-01-05T15:53:20+00:00,track,,,1,12475852414
20815143,6,2025-01-22T12:03:49+00:00,unclassified,County Road 169,,1,10658003311
20815162,4,2025-03-19T20:37:54+00:00,residential,County Road 169,,1,12682204160
20815186,3,2025-01-05T15:16:19+00:00,track,,,1,12475780673
20815195,3,2025-03-19T20:43:03+00:00,residential,County Road 197,,2,223588290 10899187672
20815252,2,2020-05-09T03:35:15+00:00,track,,,1,223589470
20815356,5,2026-02-27T11:01:10+00:00,unclassified,County Road 230,,1,10693981390
20815435,4,2025-02-01T17:02:14+00:00,track,,,2,12549358190 223593811
20815489,4,2025-03-13T14:14:06+00:00,track,,,1,12659467723
20815504,4,2025-03-21T11:20:36+00:00,unclassified,County Road 206,,1,10665014597
20815506,3,2024-12-28T02:29:10+00:00,track,,,1,12457780930
20815585,5,2023-10-06T09:28:16+00:00,unclassified,County Road 260,,1,10688672463
20815644,4,2025-03-28T13:38:30+00:00,residential,County Road 451,,1,12707638814
20815706,3,2025-03-21T14:35:42+00:00,residential,County Road 290,,1,12687467666
20815731,10,2025-01-20T10:25:57+00:00,unclassified,County Road 157,,1,10658399606
20815790,2,2020-05-09T03:35:15+00:00,track,,,1,223602882
20815799,2,2020-05-09T03:35:15+00:00,track,,,1,223603061
20815817,3,2024-12-23T01:36:39+00:00,track,,,1,12442675565
20815909,7,2025-03-21T14:53:43+00:00,unclassified,County Road 294,,2,10688469457 12687632535
20815910,4,2026-02-15T23:57:24+00:00,track,,,1,12457780934
20815957,6,2025-04-09T09:24:56+00:00,residential,County Road 376,,3,223606961 12661073938 12661073990
20816000,4,2025-03-13T23:00:36+00:00,residential,County Road 378,,3,12661073939 12661073930 12661073940
20816002,3,2026-02-04T03:36:26+00:00,track,,,1,13523300715
20816034,5,2025-03-13T23:00:36+00:00,residential,County Road 379,,2,12661073989 12661073946
20816189,7,2024-12-31T04:48:18+00:00,track,County Road 410,,1,10734600488
20816219,3,2026-03-23T13:28:35+00:00,track,,,2,13671784252 13671784247
20816318,5,2026-03-23T13:28:35+00:00,track,,,1,13671777957
20816354,3,2026-02-20T18:49:37+00:00,residential,County Road 118,,1,13585422329
20816389,5,2026-04-11T00:57:20+00:00,track,,,1,227818962
20816484,4,2026-02-20T18:49:37+00:00,residential,County Road 173,,1,13585422323
20816497,8,2025-08-02T01:46:12+00:00,residential,School House Road,,1,12699075677
20816786,4,2026-02-16T00:09:24+00:00,track,,,1,223621413
20816927,2,2019-10-26T04:55:29+00:00,residential,,,1,6917364522
20816973,1,2008-01-13T13:17:08+00:00,residential,,,1,223624267
20817030,6,2025-12-11T15:08:16+00:00,track,,FR R94,1,12699178282
20817119,3,2025-03-03T18:57:21+00:00,unclassified,,,1,12633884439
20817141,2,2020-05-09T03:35:42+00:00,track,,,1,223626765
20817166,3,2026-02-20T18:49:37+00:00,track,,,1,13585422314
20817181,3,2019-07-27T19:32:29+00:00,residential,,,2,6653577007 6652144498
20817200,3,2020-10-24T22:19:23+00:00,service,,,1,6917227219
20817204,2,2026-02-20T18:49:37+00:00,track,,,1,13585422332
20817275,2,2020-05-09T03:35:42+00:00,track,,,1,223629059
20817280,3,2025-03-25T15:46:08+00:00,track,,,1,12699177948
20817398,11,2025-12-16T19:44:54+00:00,unclassified,,,1,12549357776
20817413,3,2025-03-25T15:46:08+00:00,track,,,2,12699178170 12699178141
20817417,2,2020-05-09T03:35:42+00:00,track,,,1,223630122
20817444,2,2020-05-09T03:35:42+00:00,track,,,3,223631050 223631280 223631353
20817558,3,2022-09-19T16:06:10+00:00,service,,,1,6652144370
20817578,3,2026-03-23T13:28:35+00:00,track,,,1,13671784041
20817702,3,2020-05-09T03:35:42+00:00,track,,,1,7130167570
20817779,2,2026-02-20T18:49:37+00:00,track,,,1,13585422313
20817791,3,2026-03-23T13:28:35+00:00,track,,,1,13671784017
20817804,2,2025-03-03T18:57:21+00:00,track,,,1,12633884445
20817807,3,2026-02-20T18:49:37+00:00,residential,,,1,13585422328
20817886,2,2026-02-20T18:49:37+00:00,track,,,1,13585422333
20817894,3,2026-02-15T21:13:07+00:00,track,,,1,223638495
20817896,5,2025-03-25T15:46:08+00:00,track,,,1,12699178007
20817904,3,2025-01-31T19:52:52+00:00,track,,,2,12547384436 12547384445
20817922,4,2025-01-31T19:52:52+00:00,track,,,3,7130167561 12547384327 12547384344
20817946,2,2019-07-27T19:32:29+00:00,residential,,,1,6653577126
20817995,5,2025-08-11T15:09:13+00:00,track,,,2,13063696930 13063696929
20818051,2,2020-05-09T03:35:42+00:00,track,,,2,223641014 223641059
20818058,3,2025-01-05T15:39:57+00:00,track,,,1,12475828219
20818113,3,2025-03-25T15:46:08+00:00,track,,,1,12699177994
20818211,2,2020-05-09T03:35:42+00:00,track,,,2,223643006 223643080
20818356,2,2020-05-09T03:35:42+00:00,track,,,1,223645397
20818386,3,2025-01-05T15:39:57+00:00,track,,,1,12475828275
20818529,2,2020-05-09T03:35:42+00:00,track,,,1,223647724
20818562,2,2020-05-09T03:35:42+00:00,track,,,1,223648216
20818605,4,2026-02-20T18:49:37+00:00,track,,,1,13585422334
20818654,3,2025-01-31T19:52:52+00:00,track,,,1,12547384424
20818697,3,2024-06-16T13:20:43+00:00,track,,,1,11985451981
20818807,3,2019-10-26T05:09:46+00:00,residential,,,1,6917373263
20818844,2,2020-05-09T03:35:42+00:00,track,,,1,223651792
20818998,2,2025-03-03T18:57:21+00:00,service,,,1,12633884456
20819025,2,2026-02-20T18:49:37+00:00,residential,,,1,13585422320
20819136,3,2022-09-19T16:19:05+00:00,track,,,1,6652144593
20819211,3,2024-12-28T02:29:10+00:00,track,,,1,12457780935
20819398,3,2024-06-16T13:20:43+00:00,track,,,1,11985452088
20819688,3,2026-02-03T14:31:10+00:00,residential,,,1,13521969567
20819725,4,2025-01-05T15:39:57+00:00,track,,,1,12475828337
20819886,6,2025-03-25T14:55:17+00:00,residential,,,1,12699076341
20819982,3,2026-04-09T11:40:49+00:00,track,,,1,13718314988
20820177,2,2019-10-26T04:55:29+00:00,residential,,,1,6917364523
20820272,3,2026-02-23T15:36:30+00:00,residential,,,1,13593213185
20820282,3,2025-01-05T15:39:57+00:00,track,,,1,12475828403
20820386,4,2025-02-01T15:20:11+00:00,track,,,1,12549188668
20820404,6,2022-05-02T15:12:03+00:00,service,,,1,4723607557
20820437,3,2025-02-01T15:42:15+00:00,track,,,1,12549220719
20820531,3,2025-02-01T15:42:15+00:00,track,,,1,12549220718
20820572,3,2026-02-23T15:36:30+00:00,service,,,1,13593213186
20820653,2,2014-04-24T19:27:32+00:00,service,,,6,223667446 223667560 223667590 223667601 223667616 223667622
20820843,3,2024-06-16T13:20:43+00:00,track,,,1,11985452058
20821077,21,2025-06-02T06:12:57+00:00,secondary,Farm-to-Market Road 3110,FM 3110,1,12633872894
20821195,3,2025-02-01T15:20:11+00:00,track,,,1,223671749
20821463,2,2026-02-20T18:49:37+00:00,track,,,1,13585422318
20821617,2,2020-05-09T03:35:42+00:00,track,,,1,223674290
20821892,4,2026-02-20T18:49:37+00:00,residential,County Road 177,,1,13585422321
20821908,2,2014-04-24T19:27:07+00:00,service,,,3,223676012 223676019 223676022
20822370,2,2026-02-20T18:49:37+00:00,residential,County Road 130,,1,13585422319
20822588,5,2026-02-20T18:49:37+00:00,residential,County Road 161,,1,13585422327
20822665,3,2024-06-16T13:20:43+00:00,track,,,2,11985452060 11985452059
20822793,2,2026-02-20T18:49:37+00:00,residential,County Road 165,,1,13585422324
20823100,5,2026-02-20T18:49:37+00:00,residential,County Road 124,,1,13585422322
20823158,6,2026-02-20T18:49:37+00:00,unclassified,County Road 153,,1,13585422335
20823159,7,2025-03-03T18:57:21+00:00,residential,Cummings Lane,,1,12633872895
20823448,4,2026-02-20T20:10:24+00:00,unclassified,County Road 141,,1,13585596858
20823544,26,2025-06-02T06:12:57+00:00,tertiary,FM 1727,FM 1727,2,12633884444 12633884245
20823629,3,2020-05-09T03:35:42+00:00,track,,,1,7130122604
20823658,3,2025-03-28T14:16:11+00:00,residential,Ranch Road,,1,12707723109
20823807,3,2025-01-05T15:16:19+00:00,track,,,1,12475780659
20823815,2,2020-05-09T03:35:42+00:00,track,,,1,223694788
20823816,3,2025-01-05T15:16:19+00:00,track,,,1,12475780664
20823871,16,2025-06-02T06:12:57+00:00,tertiary,,FM 3489,1,12633884452
20823872,3,2025-01-05T15:16:19+00:00,track,,,1,12475780834
20823877,2,2020-05-09T03:35:42+00:00,track,,,1,223695554
20823887,3,2025-03-28T00:10:49+00:00,track,,,1,12706124490
20823908,2,2014-04-24T19:25:44+00:00,service,,,1,223696415
20824272,3,2025-03-28T14:16:11+00:00,track,,,1,12707723833
20824314,3,2025-03-28T14:16:11+00:00,track,,,1,12707723840
20824345,4,2025-03-28T14:16:11+00:00,track,,,1,12707723834
20824355,3,2025-03-28T00:10:49+00:00,track,,,1,12706161257
20824496,3,2025-01-05T15:16:19+00:00,track,,,1,12475780644
20824520,4,2025-01-05T15:16:19+00:00,track,,,1,12475780833
20824642,3,2025-01-05T15:16:19+00:00,track,,,1,12475780832
20824675,2,2020-05-09T03:35:42+00:00,track,,,1,223710850
20824729,9,2025-03-03T18:57:21+00:00,residential,Dairy Road,,1,12633884438
20824951,3,2026-03-23T13:28:35+00:00,track,,,1,13671784630
20824972,3,2025-03-28T14:16:11+00:00,track,,,3,12707723220 12707723221 12707723222
20825137,5,2021-03-08T10:13:45+00:00,track,,,1,8496524347
20825285,2,2020-05-09T03:35:42+00:00,track,,,1,223721789
20825402,5,2021-03-08T10:13:45+00:00,track,,,1,8496524346
20825523,3,2025-03-28T14:16:11+00:00,track,,,1,223724848
20825688,3,2025-03-28T14:16:11+00:00,track,,,1,12707723223
20825725,3,2025-03-28T14:16:11+00:00,track,,,1,12707714078
20825835,2,2021-03-04T00:28:14+00:00,track,,,1,8484230599
20825942,2,2020-05-09T03:35:42+00:00,track,,,1,223730886
20826012,3,2025-03-13T14:14:06+00:00,track,,,1,12659467724
20826080,3,2021-03-04T00:28:14+00:00,track,,,1,8484230579
20826139,3,2025-03-28T14:16:11+00:00,track,,,1,12707723219
20826337,3,2021-03-04T00:28:14+00:00,track,,,1,8484230582
20826405,2,2020-05-09T03:35:42+00:00,track,,,1,223735768
20826450,3,2026-03-23T13:28:35+00:00,track,,,1,13671784629
20826463,4,2026-03-23T13:28:35+00:00,track,,,1,13671784096
20826477,3,2024-06-16T13:20:43+00:00,track,,,1,11985451983
20826492,2,2021-03-04T00:28:14+00:00,track,,,1,8484230600
20826617,3,2025-01-05T15:39:57+00:00,track,,,1,12475828225
20826731,3,2021-03-04T00:28:14+00:00,track,,,1,8484230588
20826906,3,2021-03-04T00:28:14+00:00,track,,,1,8484230578
20826946,4,2024-03-18T17:47:44+00:00,track,,,2,11741842040 8484230581
20826955,2,2025-03-16T16:09:17+00:00,track,,,1,12670366417
20826960,3,2021-03-04T00:28:14+00:00,track,,,1,8484230583
20826967,3,2021-03-04T00:28:14+00:00,track,,,1,8484230584
20826995,3,2021-03-04T00:28:14+00:00,track,,,1,8484230580
20827039,3,2024-03-18T17:47:44+00:00,track,,,1,11741842039
20827046,3,2021-03-04T00:28:14+00:00,track,,,1,8484230568
20827391,2,2020-05-09T03:35:42+00:00,track,,,1,223747127
20827733,3,2026-05-31T22:46:44+00:00,unclassified,,,1,13900147708
20827765,4,2020-12-26T23:51:43+00:00,track,,,1,8262963119
20827785,2,2020-05-09T03:35:42+00:00,track,,,1,223751571
20827833,3,2025-03-28T14:16:11+00:00,track,,,1,12707723386
20827889,3,2025-03-28T00:10:49+00:00,track,,,1,12706161288
20828152,7,2024-12-28T02:29:10+00:00,residential,Dump Ground Road,,1,12457780929
20828175,4,2025-03-28T14:16:11+00:00,track,,,2,12706161301 12707723144
20828205,3,2025-03-28T00:10:49+00:00,track,,,1,12706161255
20828223,8,2025-03-31T15:43:45+00:00,residential,,,1,12716535664
20828604,4,2021-03-04T00:28:14+00:00,track,,,1,8484230577
20828610,2,2010-04-07T10:36:25+00:00,residential,University Road,,1,223760498
20828708,2,2021-03-04T00:28:14+00:00,track,,,1,8484230592
20828848,3,2025-03-28T00:10:49+00:00,track,,,1,12706124487
20828916,3,2025-01-05T15:16:19+00:00,track,,,1,12475780850
20828989,4,2025-03-28T14:16:11+00:00,track,,,2,12706161287 12707723147
20829257,4,2021-03-04T00:28:14+00:00,track,,,1,8484230576
20829309,5,2025-03-31T16:14:02+00:00,track,,,1,12716593811
20829336,4,2025-03-28T00:10:49+00:00,track,,,1,12706161292
20829356,3,2026-08-19T22:18:57+00:00,service,,,1,14106417101
20829546,3,2025-01-05T15:39:57+00:00,track,,,1,12475828217
20829665,3,2025-03-28T14:16:11+00:00,track,,,1,12707723110
20829747,4,2025-01-05T15:39:57+00:00,track,,,1,12475780865
20829834,2,2026-05-27T18:21:42+00:00,service,,,1,13889079541
20829975,3,2025-03-28T00:10:49+00:00,track,,,1,12706124491
20830199,3,2026-04-11T00:57:20+00:00,track,,,1,223775413
20830312,3,2026-02-28T03:52:40+00:00,track,,,1,13606963637
20830354,3,2025-03-28T14:16:11+00:00,track,,,1,12707723217
20830374,3,2025-03-28T14:16:11+00:00,track,,,1,12707723218
20830481,3,2025-03-28T00:10:49+00:00,track,,,1,12706161290
20830730,3,2020-01-14T04:18:54+00:00,residential,Del Rio Street,,1,7130093128
20830885,3,2025-03-28T14:16:11+00:00,track,,,1,12707714077
20830991,3,2024-03-18T17:47:44+00:00,track,,,1,11741842043
20831074,3,2024-03-18T17:47:44+00:00,track,,,1,11741842042
20831106,4,2024-03-18T17:47:44+00:00,track,,,1,11741842041
20831231,3,2021-03-04T00:28:14+00:00,track,,,1,8484230575
20831443,2,2020-05-09T03:35:42+00:00,track,,,1,223789967
20831491,2,2021-03-04T00:28:14+00:00,track,,,1,8484230593
20831593,3,2025-03-28T00:10:49+00:00,track,,,1,12706161253
20831655,3,2025-03-28T00:10:49+00:00,track,,,1,12706161289
20831780,5,2026-03-23T13:28:35+00:00,track,,,1,13671784635
20831872,3,2025-03-28T14:16:11+00:00,track,,,1,12707723107
20832259,2,2025-03-28T00:10:49+00:00,residential,County Road 10,,1,12706124486
20832261,2,2026-05-27T18:21:42+00:00,track,,,1,13889079837
20832365,2,2026-05-26T21:38:59+00:00,residential,,,1,13885719479
20832416,2,2019-11-30T18:44:29+00:00,residential,County Road J,,1,7022186598
20832468,4,2025-01-31T19:52:52+00:00,track,,,1,7130167562
20832550,3,2026-05-31T22:46:44+00:00,residential,County Road L,,1,13900147705
20832569,3,2022-05-17T22:57:25+00:00,residential,South Avenue O,,1,223804207
20832621,3,2019-11-27T20:06:40+00:00,residential,County Road M,,1,7015388871
20832770,3,2023-07-17T05:29:26+00:00,residential,County Road P,,1,8484230596
20832904,2,2026-05-26T21:38:59+00:00,residential,,,1,13885719561
20833085,3,2025-02-01T15:20:11+00:00,track,,,1,12549188669
20833108,6,2026-05-31T22:46:44+00:00,unclassified,County Road DD,,4,13900147753 13900147754 13900147755 13900147756
20833284,4,2026-02-21T16:11:50+00:00,residential,,,1,13587423920
20833442,4,2020-05-04T04:19:01+00:00,residential,South 5th Street,,1,223814565
20833541,3,2026-02-21T16:11:50+00:00,residential,,,1,13587424105
20833558,13,2025-03-30T20:39:33+00:00,residential,County Road 1,,1,12714589542
20833590,3,2026-09-10T17:52:05+00:00,track,,,1,14170400092
20833675,5,2025-03-28T14:16:11+00:00,residential,Glider Road,,2,12706152251 12707723146
20833854,6,2020-05-04T04:19:01+00:00,residential,South Avenue M,,1,7022186652
20833884,9,2025-03-30T20:39:33+00:00,residential,County Road 4,,1,12714589814
20834094,2,2021-03-04T00:28:14+00:00,residential,County Road 23,,1,8484230601
20834138,2,2016-10-21T18:19:06+00:00,residential,County Road 24,,1,223822982
20834254,4,2021-03-04T00:28:14+00:00,residential,County Road 25,,1,8484230598
20834317,3,2021-03-04T00:28:14+00:00,unclassified,County Road 26,,1,8484230597
20834406,2,2021-03-04T00:28:14+00:00,residential,County Road 27,,1,8484230594
20834462,3,2025-01-05T15:16:19+00:00,track,,,1,12475780646
20834470,2,2021-03-04T00:28:14+00:00,residential,County Road 28,,1,8484230595
20834540,2,2026-08-19T21:49:47+00:00,service,,,1,14106372720
20834547,3,2026-05-31T22:46:44+00:00,residential,County Road 29,,2,13900147710 8484230587
20834792,3,2026-09-12T20:56:15+00:00,residential,,,2,14175935168 13606963549
20834928,2,2026-04-25T15:45:48+00:00,residential,,,1,13760908711
20835310,3,2026-03-23T13:28:35+00:00,track,,,1,13671784628
20835540,4,2026-03-23T13:28:35+00:00,track,,,1,13671784187
20835704,2,2020-05-09T03:35:42+00:00,track,,,1,223843957
20835729,3,2026-02-03T19:35:40+00:00,residential,,,2,6649308239 13522642337
20835736,2,2026-02-13T02:01:09+00:00,residential,,,1,13550897957
20835752,2,2026-02-13T02:01:09+00:00,residential,,,1,13550897886
20835991,3,2025-03-20T20:31:45+00:00,track,,,1,12685656835
20835999,4,2025-03-20T20:31:45+00:00,track,,,1,12685656763
20836099,3,2026-02-13T02:01:09+00:00,residential,,,1,223849422
20836165,4,2026-02-13T02:01:09+00:00,track,,,2,13550897713 12700728383
20836300,2,2025-03-20T20:31:45+00:00,residential,,,1,12685656739
20836348,4,2026-03-29T23:34:14+00:00,residential,,,2,13689968355 13685787223
20836390,3,2025-02-01T15:20:11+00:00,track,,,1,12549188670
20836408,2,2026-02-13T01:51:55+00:00,track,,,1,13550888362
20836450,2,2026-02-13T01:51:55+00:00,residential,,,1,13550888412
20836733,3,2025-03-25T23:12:00+00:00,track,,,1,12700728377
20836757,4,2020-01-14T05:23:06+00:00,service,,,1,7130167635
20836844,3,2026-02-13T01:51:55+00:00,track,,,1,13550888424
20836925,8,2022-04-30T21:55:24+00:00,unclassified,5th Street,,1,7130093108
20837359,3,2025-01-05T15:39:57+00:00,residential,Kincaid Road,,1,12475828450
20837365,5,2020-11-03T18:07:27+00:00,residential,12th Street,,1,7130093105
20837373,7,2022-04-30T21:29:26+00:00,tertiary,1st Street,,1,7130093110
20837430,4,2020-01-14T04:18:54+00:00,residential,3rd Street,,1,7130093109
20837717,6,2024-12-18T20:15:29+00:00,residential,Live Oak Road,,1,11873609045
20837992,2,2026-04-07T18:48:36+00:00,track,,,1,13714543438
20838079,3,2025-01-09T16:11:50+00:00,track,,,1,12486814634
20838108,2,2026-04-25T15:45:48+00:00,residential,,,3,13760908322 13760908376 13760908439
20838115,2,2026-04-25T15:45:48+00:00,residential,,,1,13760908566
20838448,3,2026-03-30T00:28:54+00:00,track,,,1,13685787207
20838669,2,2026-02-13T02:01:09+00:00,residential,,,1,13550897959
20838873,3,2022-05-25T21:15:32+00:00,service,,,1,9770674238
20839372,3,2026-04-07T18:48:36+00:00,track,,,1,13714543095
20839603,2,2026-04-25T15:45:48+00:00,residential,,,2,13760908558 13760908602
20839656,1,2008-01-13T15:39:53+00:00,residential,,,1,223911367
20839836,4,2025-03-18T18:10:16+00:00,track,,,1,12677197493
20839967,3,2026-04-07T18:48:36+00:00,track,,,4,13714543433 13714543434 13714543435 13714543357
20840038,3,2026-02-28T03:29:22+00:00,track,Cornelius Lane,,1,13606946041
20840514,4,2026-02-26T17:45:54+00:00,residential,Burns Station Cemetery Road,,1,13603230453
20840817,2,2020-06-16T02:41:07+00:00,residential,,,1,7624384066
20840839,2,2020-06-16T02:27:11+00:00,residential,,,1,7624369716
20842114,5,2025-04-30T15:38:43+00:00,track,,,1,12800610133
20842152,2,2020-10-02T23:43:01+00:00,residential,County Road 10,,1,7620530705
20842488,3,2019-10-10T23:02:26+00:00,residential,,,1,6868510014
20842668,3,2025-04-17T14:17:26+00:00,service,,,1,12762472499
20842670,2,2022-06-04T04:13:26+00:00,service,,,1,223975066
20842979,3,2025-04-17T01:00:13+00:00,unclassified,County Road 214,CR 214,2,12760888036 12760888019
20843279,4,2026-03-27T18:30:48+00:00,service,,,1,13685293053
20847196,2,2025-01-09T16:11:50+00:00,residential,,,1,12486814635
20849095,2,2019-06-30T20:15:13+00:00,residential,County Road 549,,1,6580411090
20850074,2,2019-10-11T20:50:56+00:00,residential,County Road 336,,2,6872086460 6872086487
20851637,5,2026-05-21T00:08:25+00:00,unclassified,County Road 260,CR 260,1,13854710729
20851681,4,2026-05-21T00:08:25+00:00,unclassified,County Road 263,CR 263,2,13854710730 13854710731
20851932,4,2026-03-27T18:30:48+00:00,unclassified,County Road 240,CR 240,1,13685293039
20851938,5,2024-12-18T18:09:01+00:00,service,,,2,12431423091 12431423090
20851961,4,2025-04-17T01:00:13+00:00,unclassified,County Road 241,CR 241,1,12760888074
20851974,5,2025-04-17T01:00:13+00:00,unclassified,County Road 242,CR 242,1,12760888075
20851984,4,2025-04-17T01:00:13+00:00,unclassified,County Road 243,CR 243,1,12760888116
20851998,3,2025-04-17T01:00:13+00:00,unclassified,County Road 244,CR 244,1,12760888268
20852100,5,2025-02-04T14:10:08+00:00,track,,,2,12431423068 12556547671
20852690,3,2026-05-21T00:08:25+00:00,unclassified,County Road 251,CR 251,1,13854710678
20852703,3,2026-05-21T00:08:25+00:00,unclassified,County Road 252,CR 252,1,13854710679
20853980,2,2024-12-18T18:09:01+00:00,service,,,2,12431423088 12431423089
20855377,5,2024-12-18T18:09:01+00:00,residential,North Cypress Avenue,,1,12431441902
20855448,8,2025-05-21T14:34:58+00:00,service,28th Street,,1,12431423099
20856359,7,2024-12-18T18:09:01+00:00,residential,North Cynthia Drive,,2,12431423067 12431423097
20856600,4,2025-03-17T15:30:39+00:00,track,,,2,12673411530 12673404295
20857212,8,2024-12-18T18:09:01+00:00,tertiary,North Clendenen Avenue,,1,12431423096
20857650,6,2026-03-20T08:29:15+00:00,unclassified,County Road 2950,,1,9072394372
20857791,6,2026-09-11T19:54:31+00:00,track,,,1,12673346982
20858039,3,2024-12-18T18:09:01+00:00,residential,West Evergreen Circle,,2,12431441903 12431441904
20858234,6,2026-09-11T19:54:31+00:00,track,,,2,12673347062 12673347023
20858290,5,2026-09-11T19:54:31+00:00,track,,,1,14174188359
20858505,4,2025-11-29T01:00:56+00:00,track,,,1,224131859
20858551,14,2023-10-03T03:38:47+00:00,tertiary,Triple Crown Drive,,1,11235001542
20858571,5,2024-12-18T18:09:01+00:00,residential,West Albert Drive,,1,12431423079
20858812,5,2026-02-20T20:10:24+00:00,track,,,1,13585596868
20858918,8,2026-01-22T11:16:19+00:00,residential,North Yuma Avenue,,1,12431423087
20858988,17,2025-09-30T12:39:38+00:00,tertiary,War Admiral Drive,,1,12431423064
20859018,3,2026-09-11T16:17:55+00:00,track,,,1,14173811549
20859168,11,2026-05-26T10:38:24+00:00,tertiary,West Citation Drive,,1,11235001543
20859181,6,2026-09-21T20:04:01+00:00,track,,,1,14204642424
20859301,17,2025-09-26T12:48:41+00:00,secondary,North Knox Avenue,,1,12556547682
20859336,8,2026-06-05T16:52:54+00:00,residential,North Greer Road,,1,12431423092
20859365,15,2026-05-13T15:22:39+00:00,tertiary,North Damascus Avenue,,1,12431423061
20859559,5,2026-09-09T19:37:26+00:00,unclassified,Farm to Market Road 689,,1,14103673450
20859818,6,2026-02-20T20:10:24+00:00,unclassified,County Road 350,,1,13585596859
20859839,5,2026-09-11T16:17:55+00:00,track,,,1,14173811811
20860115,4,2026-02-20T20:10:24+00:00,unclassified,County Road 342,,1,13585596861
20860168,6,2025-04-02T19:24:17+00:00,unclassified,County Road 43,,1,12724149771
20860211,8,2025-05-21T02:15:24+00:00,track,West University Boulevard,,1,1907836832
20860563,21,2026-07-30T11:34:45+00:00,tertiary,West 26th Street,,1,12431423098
20860663,5,2026-02-20T20:10:24+00:00,unclassified,County Road 71,,1,13585596863
20860731,10,2025-02-04T21:38:57+00:00,unclassified,County Road 27,,1,12557612330
20860807,10,2025-03-17T15:30:39+00:00,unclassified,County Road 189,,2,12673404291 12673404286
20860942,7,2026-09-12T09:30:30+00:00,unclassified,County Road 293,,1,12673303371
20861209,7,2026-02-20T20:10:24+00:00,unclassified,County Road 308,,1,13585596867
20861233,5,2026-08-18T18:25:16+00:00,unclassified,County Road 119,,1,14103673441
20861325,5,2025-02-04T21:38:57+00:00,unclassified,County Road 220,,1,12557612331
20861434,5,2024-07-07T01:29:31+00:00,service,,,1,10030667946
20861531,7,2026-03-17T01:08:53+00:00,unclassified,County Road 2680,,1,13653751862
20861652,13,2025-02-04T14:10:08+00:00,tertiary,West 20th Street,,1,12556547673
20861777,6,2026-02-20T20:10:24+00:00,unclassified,County Road 31,,1,13585596870
20861847,7,2026-02-20T20:10:24+00:00,unclassified,County Road 81,,1,13585596862
20861995,4,2026-02-20T20:10:24+00:00,unclassified,County Road 89,,1,13585596860
20862072,10,2025-05-21T02:15:24+00:00,track,Fortune 500 Drive,,1,224161578
20862192,4,2024-07-07T01:29:31+00:00,unclassified,County Road 61,,1,224162281
20862851,2,2025-03-21T17:12:53+00:00,residential,,,1,12688203457
20863075,4,2025-03-21T20:35:14+00:00,track,,,1,12688622773
20863270,5,2023-02-27T14:06:42+00:00,track,,,1,10697230361
20863468,6,2025-03-21T20:35:14+00:00,track,,,1,12688038200
20863472,5,2025-01-12T16:43:50+00:00,residential,North Midway Avenue,,1,12496208358
20863691,4,2025-03-21T20:35:14+00:00,track,,,1,12688622603
20863867,5,2025-03-21T20:35:14+00:00,track,,,1,12688623998
20863904,5,2025-03-21T20:35:14+00:00,track,,,1,12688038199
20864112,15,2025-02-04T14:10:08+00:00,tertiary,North Flamingo Avenue,,2,12556547674 224179542
20864153,4,2025-03-19T14:52:47+00:00,track,,,21,11850676775 11850676792 12681188821 12681188822 12681138184 12681188858 12681188932 12681188933 12681188934 12681189201 12681189202 12681189203 12681189208 12681189244 12681189246 12681189248 12681189249 12681189301 12681189456 12681189459 12681189458
20864405,4,2025-03-19T14:52:47+00:00,track,,,1,12681189457
20864926,4,2026-01-19T20:27:02+00:00,service,,,1,13469020844
20865041,3,2020-12-27T00:28:24+00:00,track,,,1,224190727
20865052,4,2025-02-11T22:06:43+00:00,residential,,,1,12580333142
20865183,3,2025-03-19T14:52:47+00:00,track,,,1,12681189455
20865210,7,2025-03-19T14:52:47+00:00,track,,,1,12681188983
20865267,3,2022-03-02T12:27:15+00:00,service,,,1,9549466108
20865298,2,2022-03-02T13:12:27+00:00,service,,,1,9549543397
20865694,2,2025-03-27T14:30:03+00:00,track,,,2,224198227 12704890637
20866071,4,2025-03-21T16:36:04+00:00,track,,,1,12688130283
20866335,5,2025-03-27T14:30:03+00:00,track,,,1,12704890638
20866632,2,2025-03-07T03:00:51+00:00,service,,,1,12642083825
20866886,2,2022-03-02T12:08:23+00:00,service,,,1,9549465978
20866987,3,2025-03-27T14:03:00+00:00,track,,,2,12704845212 12704845258
20867010,3,2025-03-21T20:35:14+00:00,track,,,1,12688623996
20867113,2,2022-03-02T12:08:23+00:00,service,,,1,9549466046
20867224,4,2025-03-21T20:35:14+00:00,track,,,1,12688623440
20867245,7,2025-03-21T16:36:04+00:00,track,,,1,12688130241
20867432,3,2025-03-21T15:51:11+00:00,track,,,1,12688026788
20867442,3,2025-03-21T15:51:11+00:00,track,,,1,12688038060
20867523,4,2026-02-14T01:13:12+00:00,track,,,1,13563218511
20870485,2,2024-06-18T16:24:31+00:00,service,,,1,11990486735
20870909,2,2024-06-18T16:24:31+00:00,service,,,1,11990486739
20871188,3,2024-06-07T13:33:28+00:00,track,,,1,11962808847
20871369,2,2024-06-07T13:33:28+00:00,service,,,1,11962808389
20871946,3,2020-07-27T09:33:20+00:00,track,,,1,224280460
20872607,3,2024-12-12T19:06:51+00:00,track,,,1,12416970130
20872621,2,2024-11-04T19:05:04+00:00,residential,,,1,224287488
20872631,2,2020-05-09T03:35:42+00:00,track,,,1,224287550
20872658,3,2023-01-20T11:42:07+00:00,track,,,1,10570378940
20872665,4,2024-12-18T13:20:27+00:00,track,,,1,12430778111
20872685,3,2023-01-20T11:42:07+00:00,track,,,1,10570378924
20872798,4,2023-01-20T10:42:03+00:00,service,,,1,10570270914
20872845,3,2024-06-15T20:46:51+00:00,track,,,1,11983834439
20872884,3,2023-01-20T10:09:42+00:00,service,,,1,10570216426
20872976,3,2024-04-01T15:35:58+00:00,track,,,1,11778422151
20873005,3,2023-01-20T10:42:03+00:00,track,,,1,10570270942
20873023,3,2023-01-20T10:42:03+00:00,track,,,1,10570270943
20873202,15,2025-02-25T10:11:44+00:00,tertiary,County Road 305,,1,10570216434
20873346,2,2024-12-12T19:06:51+00:00,service,,,1,12416970113
20873371,6,2020-06-11T09:03:34+00:00,service,,,3,7561302084 7561302083 7561302082
20873386,5,2023-01-20T11:59:50+00:00,service,,,2,7561307387 10570411416
20873393,5,2019-03-10T09:48:51+00:00,footway,,,1,6328511649
20873422,4,2026-05-31T22:46:44+00:00,track,,,2,10570378948 10570378950
20873427,4,2025-11-28T23:24:47+00:00,track,,,1,12153390259
20873521,3,2023-01-20T11:59:50+00:00,track,,,1,10570411429
20873554,3,2024-12-18T13:20:27+00:00,track,,,1,12430778102
20873601,4,2024-06-18T23:06:06+00:00,track,,,1,11991074233
20873720,3,2023-01-20T10:42:03+00:00,track,,,1,10570270940
20873955,3,2024-12-12T19:06:51+00:00,track,,,1,12416970131
20874176,3,2024-12-12T19:06:51+00:00,track,,,1,12416970128
20874246,4,2023-01-20T10:42:03+00:00,track,,,2,10570270916 10570269703
20874298,3,2023-09-10T03:42:29+00:00,service,,,1,224302960
20874349,4,2023-09-10T03:42:29+00:00,track,,,1,11140039064
20874396,3,2023-01-20T11:59:50+00:00,track,,,1,10570411417
20874521,2,2026-05-06T17:09:08+00:00,residential,,,1,13802536903
20874530,2,2024-12-12T19:06:51+00:00,service,,,1,12416970116
20874596,7,2020-02-20T05:07:38+00:00,path,,,1,6758517181
20874630,3,2026-02-13T21:26:15+00:00,service,,,1,13556787435
20874657,3,2023-01-20T10:09:42+00:00,service,,,1,10570216444
20874706,4,2024-12-25T19:09:32+00:00,track,,,1,12430778105
20874789,3,2025-04-01T17:16:00+00:00,track,,,1,10570216422
20874876,4,2023-01-20T10:42:03+00:00,track,,,1,10570269706
20874888,3,2020-05-09T03:35:42+00:00,track,,,1,6838235599
20875233,2,2025-08-07T22:54:05+00:00,service,,,1,224310620
20875264,3,2025-05-10T07:14:18+00:00,track,,,1,12825282939
20875376,3,2023-01-20T11:42:07+00:00,service,,,3,10570378918 10570378919 10570378917
20875405,3,2023-01-20T10:09:42+00:00,service,,,1,10570216442
20875420,4,2023-01-20T10:42:03+00:00,track,,,1,10570270917
20875506,5,2023-02-16T16:57:13+00:00,path,,,6,10570378927 10570378926 10570378928 10570378925 10570378930 10570378929
20875534,2,2024-04-01T15:35:58+00:00,service,,,1,11778422153
20875743,3,2023-01-20T10:42:03+00:00,service,,,1,10570270934
20875908,3,2025-05-10T07:14:18+00:00,track,,,1,12825282937
20876191,3,2023-01-20T11:59:50+00:00,track,,,1,10570411419
20876379,3,2026-05-31T22:46:44+00:00,track,,,1,13900147759
20876399,3,2024-12-18T13:20:27+00:00,track,,,3,12430756476 12430756477 12430756478
20876426,3,2023-01-20T11:59:50+00:00,track,,,1,10570411426
20876505,6,2023-01-20T12:48:53+00:00,track,,,2,10570411420 10570411421
20876890,3,2026-05-31T22:46:44+00:00,track,,,1,13900147763
20876984,5,2023-01-20T11:59:50+00:00,track,,,1,10570411425
20877007,3,2023-01-20T11:59:50+00:00,track,,,1,5834015114
20877051,4,2023-01-20T10:42:03+00:00,track,,,1,6838235603
20877144,3,2024-12-18T13:20:27+00:00,track,,,1,12430756481
20877177,3,2023-01-20T11:59:50+00:00,track,,,1,10570411432
20877202,3,2023-01-20T11:59:50+00:00,track,,,1,10570411447
20877321,3,2023-01-20T11:59:50+00:00,track,,,1,10570411437
20877526,3,2023-01-20T11:59:50+00:00,track,,,2,10570411443 224328391
20877571,3,2023-01-20T11:59:50+00:00,track,,,1,10570411442
20877645,3,2024-12-18T13:20:27+00:00,track,,,1,12430756482
20877656,3,2023-01-20T11:59:50+00:00,track,,,1,10570411436
20877728,6,2020-06-09T08:33:05+00:00,path,,,1,6758517183
20877962,3,2025-05-10T07:14:18+00:00,track,,,1,12825282940
20878034,3,2023-01-20T11:59:50+00:00,track,,,1,10570411446
20878048,4,2023-01-20T10:09:42+00:00,service,,,1,10570216425
20878056,3,2023-01-20T11:59:50+00:00,track,,,1,10570411444
20878165,2,2020-05-09T03:35:42+00:00,track,,,1,224334389
20878253,3,2023-01-20T10:09:42+00:00,service,,,1,10570216443
20878336,3,2025-05-10T07:14:18+00:00,track,,,1,12825282936
20878399,8,2023-02-16T18:42:48+00:00,path,,,1,10570378941
20878410,2,2014-04-24T19:51:08+00:00,service,,,1,224336785
20878687,3,2024-12-12T19:06:51+00:00,track,,,1,12416970123
20878769,3,2020-08-29T17:31:04+00:00,service,,,1,7857184715
20878775,3,2025-01-03T14:16:33+00:00,residential,,,1,12471382806
20878794,3,2025-05-10T07:14:18+00:00,track,,,1,12825282938
20878818,4,2024-12-23T00:56:14+00:00,service,,,1,224341915
20879011,2,2026-05-06T17:09:08+00:00,residential,,,1,13802536898
20879052,3,2024-06-11T23:09:07+00:00,service,,,1,11974155705
20879060,4,2024-06-11T23:09:07+00:00,service,,,1,224344119
20879215,2,2020-05-05T00:23:43+00:00,service,,,1,5833912229
20879225,3,2026-05-06T17:09:08+00:00,track,,,1,13802537137
20879368,2,2024-06-18T16:24:31+00:00,service,,,1,11990486885
20879381,3,2024-06-07T13:33:28+00:00,track,,,1,11962808390
20879437,3,2024-12-18T13:20:27+00:00,track,,,1,12430756485
20879502,4,2024-06-07T13:40:20+00:00,track,,,1,11962829942
20879628,3,2024-12-18T13:20:27+00:00,track,,,1,12430756498
20879667,3,2023-01-20T10:09:42+00:00,service,,,1,10570216445
20879706,2,2024-06-18T16:24:31+00:00,service,,,1,11990486740
20879778,4,2023-01-22T21:02:58+00:00,service,,,1,9481331383
20879779,6,2020-05-09T03:35:42+00:00,track,,,1,6328511650
20879780,3,2024-06-07T13:40:20+00:00,track,,,1,11962829936
20879790,4,2020-05-09T03:35:42+00:00,track,,,3,6328511647 6328511657 6328511658
20879930,4,2024-04-01T15:35:58+00:00,track,,,2,11778422149 11778422150
20880026,2,2024-06-18T16:24:31+00:00,service,,,1,11990486914
20880158,6,2022-02-05T15:58:52+00:00,residential,County Road 401-J,,1,9481407817
20880183,3,2019-03-10T09:48:50+00:00,service,,,1,6328511644
20880226,5,2024-12-23T00:56:14+00:00,track,,,1,10570269705
20880280,3,2020-05-09T03:35:42+00:00,track,,,1,6838235597
20880409,3,2026-05-06T17:09:08+00:00,service,,,1,13802536861
20880455,3,2023-01-20T11:42:07+00:00,track,,,1,10570378942
20880476,3,2024-12-18T13:20:27+00:00,track,,,1,12430756499
20880480,2,2024-11-04T19:05:04+00:00,residential,,,2,12312642673 12312642561
20880542,2,2024-11-04T19:05:04+00:00,residential,,,1,12312642698
20880616,3,2023-01-20T11:59:50+00:00,track,,,2,10570411439 10570411438
20880761,3,2023-01-20T11:42:07+00:00,track,,,3,10570378933 10570378934 10570378935
20880892,3,2023-01-20T11:59:50+00:00,track,,,1,10570411434
20880895,3,2024-12-12T19:06:51+00:00,track,,,1,12416970129
20880911,6,2019-03-10T09:48:50+00:00,path,,,1,6328511642
20881031,3,2023-07-18T05:34:56+00:00,track,,,2,11052164577 11052164578
20881086,5,2025-02-20T09:06:20+00:00,track,,,1,6838235601
20881180,3,2024-12-12T19:06:51+00:00,track,,,1,12416970132
20881190,4,2024-06-07T13:33:28+00:00,track,,,1,11962808185
20881412,4,2024-12-23T00:56:14+00:00,residential,County Road 231,,2,224341915 12416970127
20881484,2,2024-12-12T19:06:51+00:00,residential,County Road 237-B,,1,12416960399
20881492,2,2026-05-06T17:09:08+00:00,track,,,1,13802537067
20881639,4,2024-12-18T13:20:27+00:00,residential,County Road 105,,1,12430778112
20881660,8,2026-05-14T10:18:30+00:00,residential,County Road 107,,1,12430778106
20881694,6,2025-12-29T22:24:39+00:00,unclassified,County Road 109,,1,12430778107
20881704,8,2025-03-29T12:44:04+00:00,residential,County Road 109,,1,10570378931
20881718,2,2025-05-10T07:14:18+00:00,residential,County Road 245-1,,1,12825282934
20881724,4,2023-01-20T11:59:50+00:00,residential,County Road 210,,1,10570411445
20881728,3,2026-05-31T22:46:44+00:00,residential,County Road 211,,1,13900147736
20881746,12,2023-01-20T11:59:50+00:00,residential,County Road 212,,1,10570411441
20881846,13,2023-01-20T11:42:07+00:00,residential,County Road 216,,1,10570378920
20881859,4,2026-05-31T22:46:44+00:00,residential,County Road 218,,1,13900147768
20881894,9,2020-05-17T10:10:49+00:00,residential,Northwest 9th Street,,1,7528522650
20881907,26,2024-11-12T10:52:49+00:00,tertiary,County Road 320,,3,6328489917 7561257533 7561257509
20881961,67,2025-06-04T04:38:04+00:00,trunk,US Highway 180 East,US 180,1,10570378949
20881964,2,2023-01-20T10:09:42+00:00,residential,County Road 323,,1,10570216427
20882049,2,2024-12-12T19:06:51+00:00,residential,County Road 220-F,,1,12416970101
20882070,6,2025-04-01T17:16:00+00:00,residential,County Road 327,,1,10570216421
20882102,2,2026-05-31T22:46:44+00:00,residential,County Road 139,,1,13900147752
20882184,6,2022-02-05T15:58:52+00:00,residential,Southeast 4th,,1,9481407819
20882284,39,2022-04-26T00:16:47+00:00,tertiary,Southeast 5th Street,,1,9481398016
20882300,2,2025-05-10T07:14:18+00:00,residential,County Road 247,,1,12825282935
20882353,2,2024-12-18T13:20:27+00:00,residential,County Road 110,,1,12430756479
20882370,2,2024-12-18T13:20:27+00:00,residential,County Road 112,,1,12430756474
20882406,2,2024-12-26T16:25:36+00:00,residential,County Road 114,,1,12453311701
20882451,16,2024-12-26T16:25:36+00:00,residential,County Road 116,,2,12453311703 10570378915
20882470,15,2025-02-20T09:19:34+00:00,tertiary,County Road 307,,1,10570269708
20882495,16,2020-05-17T10:10:49+00:00,residential,Northwest 10th Street,,1,7528522651
20882531,5,2024-12-12T19:00:03+00:00,residential,County Road 118,,1,12416837812
20882572,11,2024-12-18T13:20:27+00:00,unclassified,County Road 119,,1,12416837816
20882581,2,2024-06-12T14:38:03+00:00,service,,,1,11975580896
20882649,9,2025-03-30T14:53:39+00:00,residential,County Road 223,,1,10570411433
20882678,14,2025-03-30T14:53:39+00:00,residential,County Road 225,,1,10570411431
20882682,9,2025-02-20T09:06:20+00:00,residential,County Road 225,,1,6838235602
20882695,9,2024-04-01T15:35:58+00:00,residential,County Road 226,,2,11778422152 11778422154
20882701,11,2025-06-06T22:25:12+00:00,residential,Northwest Avenue E,,1,7528522658
20882759,11,2020-05-17T11:01:34+00:00,residential,County Road 300-I,,1,7528681691
20882767,11,2025-06-02T06:13:03+00:00,tertiary,Farm to Market Road 3306,FM 3306,1,10570269707
20882774,31,2025-05-19T17:45:30+00:00,residential,County Road 300-J,,1,6328511631
20882931,9,2018-07-12T11:17:35+00:00,residential,Southeast 7th Street,,1,2036125521
20882933,7,2020-06-11T12:14:56+00:00,track,Amerada Hess Road,,2,7561302064 7561302081
20882953,3,2024-06-07T13:33:28+00:00,track,,,1,11962808848
20882964,2,2026-05-31T22:46:44+00:00,residential,County Road 143,,1,13900147764
20883022,10,2020-05-17T10:10:49+00:00,residential,Southeast 8th Street,,1,7528522643
20883070,3,2024-12-28T02:06:01+00:00,residential,County Road 301 J Kemper,,1,12457776705
20883076,2,2023-01-20T10:42:03+00:00,residential,County Road 339,,1,10570270941
20883138,7,2023-01-20T11:42:07+00:00,residential,County Road 203,,1,10570378916
20883164,10,2023-01-20T10:09:42+00:00,tertiary,County Road 308;Nadine Road,,5,10570216428 10570216437 10570216438 10570216439 10570216441
20883171,3,2026-04-17T18:51:47+00:00,track,,,1,13738330036
20883207,3,2025-03-07T15:26:04+00:00,track,,,1,12643550432
20883223,9,2023-01-20T12:48:53+00:00,tertiary,County Road 208,,1,10570411418
20883230,3,2024-12-23T00:56:14+00:00,residential,County Road 208,,2,6838235600 224341915
20883265,48,2023-03-29T19:35:52+00:00,residential,Southwest Avenue B,,1,6758517178
20883353,4,2024-12-12T19:00:03+00:00,unclassified,County Road 120,,1,12416837815
20883361,26,2022-04-26T22:27:28+00:00,tertiary,Southwest Avenue G,,1,6758517182
20883368,6,2023-01-20T10:42:03+00:00,tertiary,County Road 311,,2,10570270920 10570270910
20883370,6,2024-12-18T13:20:27+00:00,residential,County Road 121,,1,12430756480
20883371,8,2024-12-12T19:00:03+00:00,unclassified,County Road 121,,1,12416837814
20883374,15,2020-05-27T04:26:09+00:00,residential,Northwest 23rd Street,,1,7561323698
20883393,3,2024-12-12T19:00:03+00:00,residential,County Road 122,,1,12416837817
20883414,2,2024-12-26T16:25:36+00:00,residential,County Road 123,,1,12453311702
20883428,23,2024-12-18T13:20:27+00:00,unclassified,County Road 124,,3,12430778108 12430778109 12430778110
20883449,8,2024-11-12T10:56:04+00:00,tertiary,County Road 315,,2,10570216440 10570270912
20883497,5,2025-02-21T13:57:43+00:00,tertiary,County Road 319,,1,10570270913
20884241,4,2026-04-17T18:51:47+00:00,unclassified,Viviano Gonzalez Lane,CR 4899,2,13738330037 13738330026
20886434,2,2026-02-23T15:50:59+00:00,residential,,,2,13593238943 13593238942
20886720,3,2022-01-24T07:43:48+00:00,track,,,1,9443966855
20886783,3,2021-06-14T09:33:14+00:00,track,,,1,8831530462
20886794,3,2021-06-14T09:33:14+00:00,track,,,1,8831530461
20886864,3,2021-01-28T07:55:30+00:00,residential,,,1,6917252731
20887236,3,2025-03-12T21:21:02+00:00,track,,,1,12657418387
20887309,3,2021-06-14T09:33:14+00:00,track,,,1,224420414
20887387,2,2019-10-26T05:09:46+00:00,residential,,,1,6917373161
20887433,3,2020-05-09T03:35:42+00:00,track,,,1,6917348896
20887607,3,2025-03-12T21:21:02+00:00,track,,,1,12657418610
20887778,7,2024-07-26T19:10:58+00:00,unclassified,,,1,12075867111
20887875,3,2021-01-22T16:15:13+00:00,residential,,,1,6917241745
20887929,3,2020-05-09T03:35:42+00:00,track,,,2,6883858857 6883858825
20888021,2,2026-02-23T15:50:59+00:00,residential,,,1,13593238950
20888197,3,2021-01-27T10:43:41+00:00,residential,,,1,6917373091
20888584,3,2021-01-20T15:22:21+00:00,residential,,,1,6917364761
20888645,3,2020-05-09T03:35:42+00:00,track,,,1,6917348940
20888743,3,2022-01-24T06:15:07+00:00,track,,,1,9443823490
20888848,3,2020-05-09T03:35:42+00:00,track,,,1,6883858797
20888875,2,2019-10-24T03:02:58+00:00,residential,,,1,6910971585
20888907,2,2019-10-24T03:02:58+00:00,residential,,,1,6910971458
20888970,2,2020-03-01T08:02:29+00:00,service,,,1,224437523
20889682,3,2026-02-23T17:15:44+00:00,residential,,,1,13593387310
20889707,1,2008-01-13T20:07:35+00:00,residential,,,1,224444457
20890187,3,2022-01-24T07:12:16+00:00,track,,,1,9443913656
20890244,3,2020-05-09T03:35:42+00:00,track,,,1,6882484925
20890615,3,2022-01-24T07:12:16+00:00,track,,,1,9443913700
20891404,3,2026-01-02T00:05:19+00:00,service,,,1,6917373366
20891414,2,2019-10-26T05:09:46+00:00,residential,,,1,6917373365
20891606,3,2021-01-20T15:15:50+00:00,residential,,,1,6917348937
20891771,3,2020-05-09T03:35:42+00:00,track,,,1,6917348938
20891843,1,2008-01-13T20:17:18+00:00,residential,,,1,224464329
20892293,2,2019-10-24T03:02:58+00:00,residential,,,1,6910971459
20892551,2,2019-10-26T05:09:46+00:00,residential,,,1,6917373006
20892696,3,2025-03-12T21:21:02+00:00,track,,,1,12657418356
20892933,3,2020-05-09T03:35:42+00:00,track,,,1,6883868603
20892994,3,2020-05-09T03:35:42+00:00,track,,,1,6917352397
20893711,4,2021-02-03T09:51:48+00:00,track,,,1,6917294755
20893814,3,2019-10-25T00:24:47+00:00,service,,,2,6914096487 6914096567
20894181,3,2020-05-09T03:35:42+00:00,track,,,1,6883859253
20894666,3,2022-01-24T07:12:16+00:00,track,,,1,9443913349
20894923,3,2019-10-15T16:02:39+00:00,track,,,1,6882451781
20894969,1,2008-01-13T20:35:09+00:00,residential,,,1,224499581
20894994,3,2019-10-16T21:54:18+00:00,service,,,1,6887297984
20895489,2,2019-10-26T05:09:46+00:00,residential,,,1,6917373264
20896031,2,2019-10-26T04:55:29+00:00,residential,,,1,6917364859
20896454,2,2019-10-26T04:19:11+00:00,residential,,,1,6917348564
20896676,2,2019-10-26T15:40:22+00:00,residential,,,1,6918582222
20896808,3,2020-05-09T03:35:42+00:00,track,,,1,6917348939
20896911,4,2020-05-09T03:35:42+00:00,track,,,3,6883858984 6883858967 6883858979
20897285,4,2020-12-02T14:09:42+00:00,track,,,1,6883868446
20897509,3,2022-01-24T07:43:48+00:00,track,,,1,9443966892
20897579,4,2022-01-24T07:43:48+00:00,track,,,2,9443966747 9443913804
20898634,5,2021-01-22T06:08:31+00:00,tertiary,County Road 120,,1,6917234940
20898916,7,2026-02-23T16:14:26+00:00,residential,Sand Creek Road,,1,13593285636
20899804,4,2022-11-07T01:40:44+00:00,residential,County Road 386,,1,6883858968
20900608,1,2008-01-13T21:02:25+00:00,residential,County Road 308,,1,224552911
20902633,3,2026-02-24T16:33:20+00:00,service,,,1,13596042839
20903111,3,2026-02-25T18:44:59+00:00,track,,,1,13598779646
20905853,4,2026-02-25T17:19:29+00:00,track,Henning,,1,13598591936
20905860,2,2026-02-24T16:33:20+00:00,residential,Oehlke,,1,13596042629
20908145,3,2026-09-12T17:52:07+00:00,track,,,1,7204796200
20910499,3,2025-03-07T15:26:04+00:00,residential,County Road 309,,1,12643550224
20911556,3,2020-02-11T23:20:13+00:00,residential,,,3,224656867 7204795648 7204795649
20918675,5,2026-09-15T18:07:03+00:00,residential,Royal Avenue,,1,7176538367
20923347,5,2022-02-19T00:46:56+00:00,residential,County Road 11,,1,224777059
20924829,6,2026-02-27T16:41:14+00:00,residential,County Road B,,1,13606059028
20926305,8,2022-06-09T20:51:28+00:00,residential,South Beech Street,,1,9807355648
20926478,4,2025-03-27T17:59:39+00:00,track,,,1,12705400868
20926903,4,2022-06-09T20:51:28+00:00,service,,,1,9807355647
20927365,6,2022-02-18T01:04:59+00:00,residential,County Road 5,,1,7176553141
20928088,2,2025-04-02T18:58:14+00:00,track,,,2,12723980222 12723980221
20928235,4,2025-03-27T15:14:11+00:00,track,,,1,12705089845
20928370,2,2025-04-02T18:58:14+00:00,track,,,1,12723980302
20928383,5,2026-02-27T16:41:14+00:00,residential,County Road 29,,1,13606059029
20928656,2,2025-04-02T18:58:14+00:00,track,,,1,12723980553
20929865,5,2026-09-05T19:29:25+00:00,unclassified,County Road BB,,1,12557649107
20930973,6,2025-04-02T18:58:14+00:00,residential,County Road 280,,1,12723980160
20931059,4,2025-04-02T18:58:14+00:00,residential,County Road 235,,1,12723980555
20931499,6,2025-02-04T21:38:57+00:00,unclassified,County Road EE,,1,12557612275
20931503,7,2026-02-20T20:10:24+00:00,unclassified,County Road EE,,1,13585596871
20931689,2,2019-10-22T23:54:41+00:00,residential,,,1,6907362388
20931753,2,2026-09-02T14:30:56+00:00,track,,,3,224854732 224854963 224855031
20931805,7,2026-06-08T13:40:29+00:00,service,,,1,13920251262
20931924,3,2026-04-25T21:31:09+00:00,track,,,1,13762018533
20931935,3,2026-09-02T14:30:56+00:00,track,,,1,224856726
20932293,2,2026-09-02T14:30:56+00:00,track,,,1,224860194
20932572,16,2025-02-04T21:38:57+00:00,unclassified,County Road Aa,,1,12557612286
20932872,4,2024-06-22T05:16:31+00:00,track,,,1,12000153987
20933224,6,2025-02-04T21:38:57+00:00,unclassified,County Road 190,,1,12557612277
20933229,3,2025-04-02T18:58:14+00:00,residential,County Road C,,1,12723980159
20933318,3,2026-02-02T01:56:15+00:00,service,,,1,7259278634
20933423,6,2021-01-27T07:44:54+00:00,unclassified,County Road J,,1,6967815566
20933447,9,2026-09-06T22:36:12+00:00,residential,County Road K,,1,12705400965
20933598,4,2025-03-27T15:14:11+00:00,residential,County Road Q,,1,12705089825
20933793,10,2025-02-04T21:38:57+00:00,residential,County Road Y,,1,12557612289
20933887,7,2025-02-04T21:38:57+00:00,residential,County Road BB,,1,12557612283
20935032,2,2020-03-02T22:16:07+00:00,track,,,1,7259278806
20935130,3,2026-04-25T21:31:09+00:00,track,,,1,13762018515
20936756,2,2026-09-02T14:30:56+00:00,track,,,1,224908664
20936897,3,2022-06-27T15:45:19+00:00,residential,County Road 415,,1,9025796667
20937699,3,2022-06-27T15:38:56+00:00,residential,County Road 509,,1,9025791200
20937848,3,2025-03-25T19:27:19+00:00,track,,,1,12700338979
20938027,2,2026-09-02T14:30:56+00:00,track,,,1,224927154
20938032,2,2026-09-02T14:30:56+00:00,track,,,1,224882338
20938646,2,2026-09-02T14:30:56+00:00,track,,,1,224941350
20939611,3,2026-09-03T11:48:41+00:00,track,,,2,14144340970 14144340944
20939717,2,2025-02-12T14:06:02+00:00,residential,,,2,224962894 12582234150
20939786,3,2025-02-04T21:53:55+00:00,track,,,1,12557649531
20940366,2,2026-09-02T14:30:56+00:00,track,,,1,224974949
20940522,3,2026-08-27T12:34:29+00:00,track,,,1,12557704245
20940569,2,2025-02-12T14:06:02+00:00,service,,,1,12582234060
20940581,3,2025-03-27T14:03:00+00:00,track,,,4,12704845665 12704845664 12704845663 12704845662
20940872,7,2026-03-12T16:55:07+00:00,track,,,1,13630811599
20940960,3,2026-06-26T17:22:19+00:00,residential,,,1,13968761140
20941049,2,2026-06-27T15:39:07+00:00,residential,,,1,13970668728
20941173,3,2025-02-12T14:06:02+00:00,residential,Irvin Road,,1,12582234018
20941561,2,2026-06-30T16:03:46+00:00,track,,,1,13978271103
20941574,3,2025-02-12T14:06:02+00:00,residential,Berngen Road,,1,12582234019
20941811,3,2025-02-13T15:12:25+00:00,residential,Bynum Road,,1,225006430
20941833,3,2026-01-21T02:16:04+00:00,track,,,1,13472570251
20941927,6,2025-02-12T14:06:02+00:00,unclassified,Smith Ranch Road,,2,12582234025 7991087723
20941951,3,2025-02-12T14:06:02+00:00,residential,Quail Lane,,1,12582234155
20942152,2,2010-04-07T12:51:12+00:00,residential,Craven Road,,1,225014748
20942540,4,2026-09-01T20:09:11+00:00,track,,,1,12557657758
20942826,2,2026-06-25T19:00:38+00:00,service,,,1,13965886993
20943205,3,2026-03-07T18:55:31+00:00,track,,,1,13625512447
20944773,2,2024-11-06T15:53:27+00:00,residential,,,1,12318912366
20944956,4,2026-06-29T16:22:52+00:00,track,,,1,13630811752
20945065,3,2026-03-12T21:41:54+00:00,track,,,1,13643846958
20945430,3,2026-03-07T18:55:31+00:00,track,,,1,13625512451
20945533,4,2026-09-02T14:30:56+00:00,track,,,1,12557704005
20947604,2,2026-06-25T19:00:38+00:00,service,,,1,225102484
20947899,2,2026-06-25T19:00:38+00:00,service,,,1,13965886992
20948817,3,2024-12-27T16:36:33+00:00,residential,,,2,225119296 12456240904
20949954,2,2025-02-11T17:11:20+00:00,residential,,,1,12579390543
20951526,3,2024-11-12T21:25:12+00:00,track,,,1,12335633566
20951794,4,2025-03-11T15:29:52+00:00,residential,,,2,12652501784 12652471604
20951900,3,2026-03-07T18:55:31+00:00,track,,,1,13625512450
20952272,2,2021-08-11T19:11:47+00:00,track,,,1,8999455183
20952758,3,2026-06-25T19:00:38+00:00,service,,,2,225169246 13965880798
20953580,4,2026-03-12T20:27:13+00:00,track,,,1,13643684607
20953752,2,2025-03-10T02:34:11+00:00,service,,,1,12648722021
20953857,2,2021-08-11T19:11:47+00:00,track,,,1,225181907
20954044,3,2025-03-10T21:46:49+00:00,service,,,1,12650781241
20954228,4,2026-03-07T19:33:34+00:00,track,,,1,13625585525
20954230,2,2025-03-10T22:06:08+00:00,service,,,1,225186544
20954387,3,2025-05-16T16:44:12+00:00,service,,,1,12650780880
20954730,3,2025-03-11T14:43:36+00:00,service,,,1,12650803179
20954843,4,2026-03-09T19:26:55+00:00,residential,,,1,13630811982
20955445,2,2026-06-27T14:57:00+00:00,service,,,1,13970610105
20956185,3,2026-03-12T20:07:19+00:00,track,,,1,13643622735
20957666,4,2023-09-02T04:38:03+00:00,residential,County Road A,,2,225221320 1529221644
20957696,3,2023-09-02T04:38:03+00:00,residential,County Road B,,1,11162293683
20959418,1,2008-01-14T05:35:33+00:00,residential,,,1,225244923
20959529,2,2026-06-26T17:22:19+00:00,service,,,1,13968839706
20960471,2,2023-09-02T04:38:03+00:00,service,,,1,225257070
20960481,2,2023-09-02T04:38:03+00:00,service,,,1,1530471486
20961666,2,2022-03-16T15:06:01+00:00,track,,,1,225268761
20967234,5,2026-02-11T06:11:25+00:00,residential,County Road 30,,1,1529956236
20968218,3,2026-03-02T17:04:19+00:00,residential,County Road 6,,1,13612526939
20968522,4,2023-09-02T04:38:03+00:00,residential,County Road 29,,1,1529962489
20968672,8,2026-03-12T20:27:13+00:00,service,Rosier Park Road,,1,13625902529
20969256,2,2026-02-03T14:31:10+00:00,residential,,,1,13521969244
20969435,2,2026-02-03T14:31:10+00:00,residential,,,1,13521969242
20969491,4,2026-02-03T14:31:10+00:00,service,,,1,13521969221
20969667,2,2026-02-03T14:31:10+00:00,residential,,,2,225346891 13521969222
20969883,2,2026-02-03T14:31:10+00:00,residential,,,1,13521969246
20970120,3,2025-03-12T00:43:41+00:00,residential,,,1,12654195620
20970247,2,2026-02-03T14:31:10+00:00,residential,,,1,13521969230
20970738,6,2025-03-16T03:14:29+00:00,residential,,,1,12654195829
20970797,3,2019-02-04T00:45:19+00:00,residential,Oak Lane,,1,225356462
20971307,2,2026-02-03T14:31:10+00:00,service,,,1,13521969225
20971461,3,2026-02-03T14:31:10+00:00,service,,,1,13521969207
20971685,4,2026-02-03T14:31:10+00:00,residential,,,1,13521969220
20971708,2,2026-02-03T14:31:10+00:00,service,,,1,13521969229
20971979,4,2026-02-03T14:31:10+00:00,service,,,1,13521969208
20972079,3,2026-02-03T14:31:10+00:00,service,,,1,13521969212
20972153,2,2025-03-12T00:43:41+00:00,service,,,2,12654195831 225367661
20972159,2,2026-02-03T14:31:10+00:00,service,,,1,13521969219
20972171,2,2025-03-12T00:43:41+00:00,service,,,1,12654195611
20972185,4,2026-02-03T14:31:10+00:00,service,,,1,13521969213
20972714,3,2025-03-12T00:43:41+00:00,service,,,1,12654195612
20972765,4,2025-03-12T00:43:41+00:00,service,,,1,12654195827
20972924,3,2025-03-12T00:43:41+00:00,service,,,1,12654195825
20973028,3,2025-03-12T00:43:41+00:00,service,,,1,12654195824
20973886,3,2026-02-03T14:31:10+00:00,residential,,,1,13521969236
20973890,2,2026-02-03T14:31:10+00:00,residential,,,1,13521969234
20974311,3,2026-02-18T19:41:44+00:00,residential,,,1,13577806529
20974439,2,2025-03-12T00:43:41+00:00,service,,,1,12654195832
20974705,3,2025-04-19T22:47:22+00:00,service,,,1,9781381853
20975141,3,2026-02-03T14:31:10+00:00,track,,,1,13521969227
20975237,3,2026-02-03T14:31:10+00:00,service,,,1,13521969210
20975731,2,2025-03-12T00:43:41+00:00,service,,,1,12654195621
20976108,3,2026-02-03T14:31:10+00:00,residential,Lansing,,1,13521969228
20976306,3,2026-02-03T14:31:10+00:00,residential,Phoenix,,1,13521969243
20976358,11,2025-03-12T00:43:41+00:00,residential,Wrangler,,1,12654195828
20976395,8,2025-04-16T01:30:43+00:00,residential,Irion Road,,1,225401209
20976407,3,2026-02-03T14:31:10+00:00,residential,Norway Road,,1,13521969235
20976429,5,2025-03-22T02:39:34+00:00,residential,Jefferson Street,,1,6389760357
20976617,4,2026-02-03T14:31:10+00:00,residential,Dover,,1,13521969218
20976654,7,2026-02-03T14:31:10+00:00,residential,Cheyenne Road,,1,13521969211
20976696,4,2026-02-03T14:31:10+00:00,residential,Ontario,,1,13521969245
20976718,8,2025-04-17T01:47:42+00:00,residential,Howard Road,,1,9781381841
20976756,7,2025-04-19T22:47:22+00:00,residential,Tennessee Road,,1,9781381865
20976831,12,2025-04-17T02:01:15+00:00,residential,Gaines Road,,1,9781381845
20976843,7,2026-02-03T14:31:10+00:00,residential,Topeka Avenue,,1,13521969250
20976864,8,2025-04-12T05:15:35+00:00,residential,Mason Road,,1,6967851991
20976871,4,2026-02-18T19:41:44+00:00,residential,Quebec,,1,13577806528
20977112,5,2025-03-24T03:08:06+00:00,residential,Atlanta Road,,1,9781437392
20977188,2,2010-04-07T13:48:35+00:00,residential,Madison Road,,1,225409402
20977210,13,2026-02-03T14:31:10+00:00,residential,North Barton Lane,,1,13521969206
20977318,3,2021-10-16T04:42:41+00:00,service,,,1,9175865460
20977407,7,2026-02-03T14:31:10+00:00,residential,Santa Fe Street,,1,13521969248
20977422,6,2025-03-22T02:39:34+00:00,residential,West Washington Street,,1,6389760358
20977449,15,2025-04-16T01:30:43+00:00,residential,Onion Shed Road,,1,6967851990
20978297,3,2021-03-04T08:44:39+00:00,residential,,,1,225424049
20981176,2,2022-02-06T22:56:34+00:00,service,,,1,9484764637
20983097,5,2025-01-12T05:22:01+00:00,service,,,1,12495362787
20983304,3,2025-03-01T14:55:48+00:00,residential,,,1,12628540004
20986609,8,2025-05-17T20:37:57+00:00,service,,,1,225538664
20987282,3,2021-02-25T04:32:36+00:00,track,,,1,8456130574
20989221,3,2021-02-22T10:18:38+00:00,track,,,1,8445274203
20989609,5,2025-03-01T14:55:48+00:00,residential,,,1,12628531298
20989834,2,2021-10-16T04:42:41+00:00,service,,,1,9175865652
20990193,14,2025-04-14T08:43:27+00:00,service,Camp Service Road,,1,9175865208
20991553,4,2024-03-25T05:44:31+00:00,track,,,1,11760234847
20991647,3,2024-03-25T05:44:31+00:00,track,,,1,11760234905
20992377,2,2025-03-31T21:08:04+00:00,residential,County Road 4190,,1,12717117804
20993076,9,2021-02-10T12:50:32+00:00,residential,Oasis Road,,1,225609891
20993594,4,2026-01-03T15:42:45+00:00,residential,Langdon Leake Court,,1,9175865493
20993898,13,2026-02-28T15:19:29+00:00,residential,West Leatherwood Road,,1,11760273123
20994415,4,2026-03-16T00:49:15+00:00,service,Momma Pfluger Road,,1,13520057371
20994506,2,2025-01-28T00:37:42+00:00,residential,,,1,225630520
20994607,10,2026-03-02T04:00:17+00:00,unclassified,Martin Pitt Road,,1,8409492417
20994611,4,2025-04-02T16:44:01+00:00,service,,,1,12723740207
20994714,5,2024-03-25T06:14:37+00:00,residential,Loop Road,,1,11760257737
20994827,3,2025-04-02T16:44:01+00:00,track,,,2,12723739666 12723739628
20994887,3,2025-01-28T17:46:34+00:00,track,,,1,12539542624
20995097,3,2025-04-22T20:20:12+00:00,track,,,1,12777069017
20995227,9,2025-12-31T00:18:52+00:00,service,,,1,12539780532
20995270,2,2025-01-28T00:37:42+00:00,residential,,,1,12537553201
20995318,2,2025-01-28T00:37:42+00:00,residential,,,1,12537553202
20995485,3,2025-01-28T19:27:11+00:00,track,,,1,12539780380
20995496,3,2025-01-28T19:27:11+00:00,track,,,1,12539780241
20995551,3,2025-01-28T19:12:29+00:00,track,,,1,12539747748
20995633,3,2026-03-16T00:49:15+00:00,track,,,1,13651078466
20995698,3,2025-01-29T03:15:33+00:00,track,,,1,12540830345
20995722,3,2025-04-02T16:44:01+00:00,track,,,1,12723740350
20996015,3,2025-01-28T19:12:29+00:00,track,,,1,12539747822
20996050,4,2025-04-02T16:44:01+00:00,track,,,2,12723705275 225654869
20996133,3,2026-03-16T00:49:15+00:00,track,,,1,13651078357
20996139,3,2025-04-02T16:44:01+00:00,track,,,1,12723740354
20996241,3,2023-03-19T23:39:46+00:00,service,,,1,10747138701
20996439,3,2025-04-02T16:44:01+00:00,track,,,1,12723705288
20996447,10,2025-01-12T05:22:01+00:00,residential,Holland Drive,,1,12495363281
20996706,3,2025-04-22T20:20:12+00:00,track,,,1,12777069288
20996796,3,2025-03-26T15:25:08+00:00,residential,,,1,12702940237
20997149,4,2025-01-28T19:27:11+00:00,track,,,1,12539780377
20997239,3,2026-02-02T18:02:58+00:00,track,,,1,13520057561
20997360,3,2025-04-02T16:44:01+00:00,track,,,1,12723705268
20997669,2,2025-01-28T00:37:42+00:00,residential,,,1,12537509159
20997726,3,2025-01-28T00:37:42+00:00,residential,,,1,12537553243
20997988,3,2023-03-20T01:06:01+00:00,service,,,1,10747331971
20999276,3,2025-01-28T00:53:47+00:00,track,,,1,12537567129
20999652,4,2025-01-28T00:53:47+00:00,track,,,1,12537566947
20999916,3,2025-01-29T03:15:33+00:00,track,,,1,12540830329
21001844,3,2025-01-26T01:54:51+00:00,residential,Huddleston Road,,1,12533048305
21002296,3,2025-01-28T17:46:34+00:00,track,,,1,12539542741
21002325,3,2025-01-28T17:46:34+00:00,track,,,1,12539542739
21002448,3,2023-03-20T01:06:01+00:00,service,,,1,10747331996
21002498,3,2025-01-28T17:46:34+00:00,track,,,1,12539542623
21002658,3,2026-02-02T18:02:58+00:00,track,,,1,13520057238
21002720,4,2025-01-28T01:04:56+00:00,track,,,1,12537566682
21003036,5,2026-02-20T15:07:49+00:00,service,,,1,13585000114
21003422,2,2025-01-28T00:37:42+00:00,residential,,,1,12537553345
21004117,5,2025-04-02T16:44:01+00:00,residential,County Road 134,,1,12723739797
21004144,3,2024-11-02T00:14:34+00:00,track,,,1,12306015989
21004390,5,2025-03-27T21:23:00+00:00,residential,Elmore Street,,1,225783527
21005041,3,2025-01-28T17:46:34+00:00,unclassified,County Road 410,,1,12539542526
21005102,3,2022-04-12T12:23:27+00:00,service,,,1,9660755209
21006652,4,2022-04-11T15:01:46+00:00,residential,Sealey Road,,1,9658712588
21007172,3,2023-02-02T17:53:30+00:00,track,,,1,225816664
21007347,2,2024-12-18T13:49:32+00:00,track,,,1,12430833334
21008154,3,2026-02-20T15:39:15+00:00,track,,,1,13585064016
21008212,6,2025-03-27T21:23:00+00:00,residential,Johnson Street,,1,12705958338
21008324,5,2025-03-27T21:23:00+00:00,residential,Carpenter Street,,1,225783527
21008395,4,2026-05-28T14:10:51+00:00,track,,,1,13891619037
21009440,3,2026-01-24T20:57:20+00:00,service,,,1,13482528427
21009502,3,2026-01-24T21:23:23+00:00,track,,,1,13482528527
21010250,2,2026-04-12T14:22:14+00:00,residential,,,1,13725356449
21010252,2,2026-04-14T19:14:16+00:00,residential,,,1,13730833816
21010259,2,2026-03-26T17:06:35+00:00,residential,,,1,13682368849
21010440,2,2026-04-12T14:22:14+00:00,residential,,,1,13725356410
21010462,2,2026-05-20T16:14:37+00:00,residential,,,1,13853465775
21010703,3,2026-03-25T19:42:32+00:00,residential,,,1,13680107394
21010899,2,2026-06-21T15:44:26+00:00,track,,,1,13955844452
21010909,2,2026-03-26T17:06:35+00:00,residential,,,1,13682368840
21010972,2,2026-03-26T17:06:35+00:00,residential,,,1,13682375588
21011004,2,2026-03-26T17:06:35+00:00,residential,,,2,13682368829 13682368828
21011262,3,2026-05-20T16:14:37+00:00,residential,,,3,225868916 13725356398 13725356397
21011269,2,2026-03-26T17:06:35+00:00,residential,,,1,13682375553
21013015,2,2026-04-14T19:14:16+00:00,residential,,,1,13730833824
21013037,2,2026-04-14T19:14:16+00:00,residential,,,1,13730833820
21013043,2,2026-04-14T19:14:16+00:00,residential,,,1,13730833844
21013075,2,2026-04-14T19:14:16+00:00,residential,,,1,13730833821
21013501,2,2026-04-12T14:22:14+00:00,residential,,,2,225902304 13725356467
21013837,3,2021-06-13T21:57:35+00:00,track,,,1,8830405705
21013911,2,2026-09-05T12:41:24+00:00,residential,County Road 279,,1,14154923828
21013991,2,2026-04-12T14:22:14+00:00,residential,,,1,13725356465
21014877,3,2026-04-14T19:14:16+00:00,residential,,,1,4621236470
21014932,2,2026-03-26T17:06:35+00:00,residential,,,1,13682368850
21015885,5,2026-03-27T18:30:48+00:00,residential,,,1,13685293059
21016082,4,2026-05-24T13:32:01+00:00,track,,,1,13872262075
21016136,4,2026-05-24T13:32:01+00:00,track,,,1,13872261763
21016400,3,2026-05-21T14:42:35+00:00,track,,,1,13857895892
21016588,3,2026-03-26T17:06:35+00:00,residential,,,1,13682368839
21016744,2,2025-07-07T23:51:57+00:00,track,,,1,12986743265
21017328,3,2026-04-14T19:14:16+00:00,residential,Baluarte Ranch Road,,3,13730833830 13730833829 13730741591
21017870,3,2026-05-24T13:32:01+00:00,track,,,1,13872262329
21018460,3,2025-04-30T15:20:10+00:00,track,,,1,12800585297
21018681,3,2026-05-21T14:42:35+00:00,track,,,1,13857895780
21018706,4,2026-03-27T14:12:49+00:00,track,,,1,13684841302
21018903,4,2026-05-24T13:32:01+00:00,track,,,1,13872263039
21019711,4,2019-10-12T00:17:19+00:00,service,,,1,225950996
21019772,4,2025-01-17T16:40:34+00:00,track,,,1,12509714658
21020124,3,2026-05-21T13:50:56+00:00,track,,,1,13857663357
21020215,4,2026-05-21T14:42:35+00:00,track,,,2,13857896218 13857896727
21020221,3,2026-05-21T14:42:35+00:00,track,,,1,13857896176
21020222,2,2026-05-27T16:28:09+00:00,service,,,1,13888804382
21020360,4,2026-05-21T14:42:35+00:00,track,,,1,13857895981
21020403,3,2026-03-27T14:12:49+00:00,track,,,2,13684841537 13684841938
21020416,4,2026-03-27T14:12:49+00:00,track,,,2,13684841724 13684841936
21021457,2,2026-05-04T15:23:58+00:00,track,,,1,13795637308
21021804,4,2025-04-30T15:20:10+00:00,track,,,1,12800585108
21024827,3,2026-05-21T14:42:35+00:00,track,,,1,13857896108
21024925,3,2026-05-21T14:42:35+00:00,track,,,1,13857896726
21025188,4,2026-05-24T13:32:01+00:00,track,,,1,13872263068
21026010,4,2026-05-24T13:32:01+00:00,track,,,1,13872261764
21026212,9,2026-03-27T14:12:49+00:00,unclassified,County Road 145,CR 145,1,13684841725
21029025,4,2025-04-17T01:00:13+00:00,unclassified,County Road 429,CR 429,1,12760887670
21029810,5,2026-05-12T21:17:54+00:00,unclassified,County Road 329,CR 329,1,13822439318
21029892,4,2026-05-24T13:32:01+00:00,track,,,1,13872262744
21033868,5,2025-07-10T15:50:10+00:00,track,,,1,12758179255
21035710,3,2025-01-13T03:52:26+00:00,residential,County Road 116,CR 116,1,11188185831
21035973,2,2019-10-26T15:40:22+00:00,residential,,,1,6918582565
21036325,4,2026-01-02T00:03:46+00:00,service,,,1,6918582310
21036476,1,2008-01-14T12:42:29+00:00,residential,,,1,226109830
21036520,2,2019-10-26T15:40:22+00:00,residential,,,1,6918582439
21036898,2,2026-04-25T15:45:48+00:00,residential,,,2,13760908261 13760908283
21036987,2,2019-10-26T15:40:22+00:00,residential,,,1,6918582819
21037438,2,2019-10-26T15:40:22+00:00,service,,,1,6918582820
21038389,2,2019-10-26T04:19:11+00:00,service,,,1,6917348941
21038629,3,2025-04-15T18:01:15+00:00,track,,,2,11964947912 11964947915
21040780,2,2023-09-13T14:45:19+00:00,residential,,,1,11188185696
21040987,5,2025-03-20T18:47:09+00:00,residential,County Road 119,,3,12681382702 12685380734 12685345762
21041579,2,2024-12-19T21:13:41+00:00,residential,,,1,12434418397
21042050,4,2023-08-28T19:02:53+00:00,residential,Tularosa Road,,3,11151482144 11151482145 11151482143
21042087,3,2025-03-19T16:14:54+00:00,track,,,1,12681382476
21042100,2,2025-03-19T16:14:54+00:00,track,,,1,12681382596
21042238,3,2025-03-19T15:23:20+00:00,track,,,1,12681273926
21042312,3,2025-03-21T14:53:43+00:00,track,,,1,12687632161
21042487,6,2025-03-21T14:53:43+00:00,track,,,3,12685656519 12681382268 10673735763
21042657,2,2025-03-19T15:23:20+00:00,track,,,1,12681273902
21042694,2,2026-02-03T23:06:54+00:00,residential,,,1,13523014930
21042775,2,2019-10-26T15:40:22+00:00,residential,,,1,6918582538
21042949,2,2019-07-26T07:15:46+00:00,residential,,,1,6649308187
21043038,3,2023-06-05T04:55:51+00:00,service,,,3,10956634129 10956634190 235839888
21043043,2,2026-04-14T18:36:38+00:00,residential,,,3,13730713230 13730713220 13730713233
21043047,2,2026-04-14T18:36:38+00:00,residential,,,1,13730713221
21043271,2,2019-07-26T07:15:46+00:00,residential,,,1,6649307951
21043335,2,2021-06-13T08:46:18+00:00,service,,,1,8829164783
21043428,2,2019-07-26T06:34:47+00:00,residential,,,1,6649181420
21043445,2,2026-04-14T18:36:38+00:00,residential,,,1,13730713363
21043667,3,2025-03-21T15:03:25+00:00,track,,,1,12687650268
21043710,2,2019-07-26T06:26:08+00:00,residential,,,1,6649175611
21043843,4,2025-03-20T18:47:09+00:00,track,,,2,12685380740 12685380739
21043965,4,2025-03-20T20:31:45+00:00,track,,,1,10673735760
21044026,2,2026-03-25T18:37:44+00:00,residential,,,1,13679899926
21044128,2,2024-12-19T21:13:41+00:00,service,,,1,12434418354
21044399,2,2026-04-25T15:45:48+00:00,service,County Road 176,,1,13760908239
21044407,2,2026-04-25T15:45:48+00:00,service,County Road 176,,2,13760908167 13760908175
21044684,2,2025-04-22T00:49:05+00:00,track,,,1,12773400598
21044687,3,2010-09-03T07:56:02+00:00,residential,,,1,226208711
21044730,2,2019-07-26T06:34:47+00:00,residential,,,1,6649213351
21045075,2,2019-10-26T04:19:11+00:00,service,P 3290,,1,6917348777
21045084,1,2008-01-14T13:23:32+00:00,service,P 3290,,1,226213547
21045107,2,2019-10-26T04:30:47+00:00,residential,P 3600,,1,6917352590
21045140,2,2019-07-26T06:42:36+00:00,residential,,,1,6649229864
21045299,3,2026-04-14T18:36:38+00:00,residential,,,4,13730713368 13730713369 13730713373 13730713378
21045336,2,2019-07-26T06:26:08+00:00,track,,,1,6649187386
21045466,2,2026-03-25T19:04:38+00:00,residential,,,1,13680008960
21045472,2,2019-10-26T04:19:11+00:00,service,P 3210,,1,6917348655
21045484,2,2026-03-25T19:04:38+00:00,residential,,,1,13680008963
21046671,2,2026-03-30T19:49:37+00:00,residential,,,1,13692335526
21046838,2,2025-03-19T15:38:51+00:00,track,,,1,12681306202
21046858,2,2026-03-25T19:04:38+00:00,residential,,,1,13680008833
21046866,2,2019-07-26T04:56:15+00:00,residential,,,1,6649064197
21047168,5,2026-05-13T18:51:03+00:00,track,,,2,13825481993 12509540150
21047206,2,2026-03-25T19:04:38+00:00,residential,,,1,13680008957
21047265,2,2019-07-26T06:26:08+00:00,residential,,,1,6649175625
21047329,3,2026-04-05T14:19:14+00:00,residential,,,1,13708389040
21047391,4,2025-03-20T15:11:53+00:00,track,,,1,12684926715
21047438,2,2019-07-26T06:26:08+00:00,residential,,,1,6649187469
21047534,4,2026-03-25T20:13:19+00:00,track,,,1,13680205261
21047541,3,2026-02-04T00:13:54+00:00,residential,,,2,13523080866 13523080862
21048077,2,2015-01-30T02:15:08+00:00,track,,,1,226256590
21048078,4,2025-03-20T15:11:53+00:00,track,,,1,12684926620
21048239,2,2026-03-25T18:37:44+00:00,residential,,,2,13679900692 13679900693
21048398,4,2025-07-10T00:39:03+00:00,unclassified,,,1,226260939
21048533,3,2020-10-11T21:43:13+00:00,residential,,,1,7998175415
21048617,4,2022-02-26T22:08:17+00:00,track,,,1,9538514366
21048761,3,2025-03-21T15:03:25+00:00,track,,,2,12687650210 12685656382
21048847,2,2026-03-25T18:37:44+00:00,residential,,,2,13679900093 13679900012
21048878,3,2025-03-21T14:53:43+00:00,track,,,1,12687632412
21048891,6,2026-03-25T20:13:19+00:00,track,,,1,13680230003
21049002,3,2019-11-22T00:38:38+00:00,residential,,,2,6997704114 6997704202
21049061,2,2020-10-18T22:49:27+00:00,service,,,1,226269708
21049091,2,2019-07-26T07:15:46+00:00,residential,,,1,6649308114
21049159,3,2019-07-26T06:42:36+00:00,residential,,,1,6649230691
21049289,2,2019-11-20T04:42:27+00:00,residential,,,1,6991435736
21049308,3,2019-11-20T04:42:27+00:00,residential,,,1,6991435704
21049388,3,2025-03-19T16:14:54+00:00,track,,,3,12681382603 12681382663 12681382701
21049536,3,2026-03-25T18:37:44+00:00,track,,,1,13679900578
21049631,2,2019-07-26T07:15:46+00:00,residential,,,1,6649308021
21049679,3,2024-12-23T01:25:01+00:00,track,,,1,12442665313
21049762,3,2024-12-23T01:25:01+00:00,track,,,1,12442665258
21049841,2,2024-12-23T01:25:01+00:00,residential,,,1,12442665317
21049879,4,2026-03-25T17:42:27+00:00,track,,,1,13679703747
21050069,6,2025-05-14T09:26:43+00:00,cycleway,Indigo Creek Connection,,2,226285744 226285824
21050175,3,2022-02-26T22:08:17+00:00,track,,,1,9538514367
21050195,2,2026-03-25T18:37:44+00:00,service,,,1,13679900270
21050219,4,2025-03-19T15:38:51+00:00,track,,,1,12681273946
21050407,3,2019-07-26T06:42:36+00:00,residential,,,1,6649230788
21050908,2,2026-03-25T18:37:44+00:00,residential,,,1,13679900311
21051189,3,2026-03-25T18:37:44+00:00,track,,,1,13679900836
21051703,3,2026-05-13T18:24:10+00:00,residential,County Road 1075,,1,13825451778
21051769,2,2026-03-25T17:42:27+00:00,residential,,,1,13679703743
21051905,1,2008-01-14T14:06:59+00:00,track,,,1,226310379
21051907,2,2026-03-25T18:37:44+00:00,residential,,,1,13679900599
21051964,3,2023-08-28T06:22:48+00:00,residential,County Road 111,,1,6649308113
21052009,3,2026-03-25T18:03:17+00:00,track,,,1,13679786801
21052035,2,2025-04-22T00:49:05+00:00,track,,,1,12773400589
21052070,2,2020-12-27T00:34:37+00:00,residential,,,1,8263007479
21052099,6,2026-02-04T00:13:54+00:00,service,,,1,13523080976
21052128,3,2019-07-26T06:46:18+00:00,residential,,,1,6649232347
21052147,2,2019-07-26T06:50:22+00:00,residential,,,1,6649238100
21052398,2,2019-07-26T05:47:54+00:00,residential,,,3,6649123634 6649123666 6649123652
21052439,3,2019-07-26T06:50:22+00:00,residential,,,2,6649238099 6649144923
21052529,3,2025-03-19T15:19:03+00:00,track,,,2,12681267043 12681267042
21052618,3,2026-03-25T18:03:17+00:00,track,,,1,13679786777
21052630,3,2025-03-19T15:19:03+00:00,track,,,1,12681267143
21052764,2,2024-12-23T01:25:01+00:00,track,,,2,226326348 12442665208
21052804,2,2021-06-13T08:46:18+00:00,service,,,2,8829164431 8829164784
21052834,2,2018-10-07T10:40:58+00:00,track,,,1,226328136
21052853,6,2020-10-18T22:49:27+00:00,service,Crownover Road,,1,8019703768
21053062,2,2021-06-13T08:46:18+00:00,service,,,1,8829164757
21053116,2,2020-10-18T22:49:27+00:00,service,,,3,8019703877 8019703875 226333030
21053133,2,2026-03-25T18:37:44+00:00,residential,,,1,13679900293
21053196,2,2019-07-26T06:06:01+00:00,residential,,,1,6649144693
21053210,5,2026-02-03T23:06:54+00:00,residential,,,1,13523014928
21053265,3,2025-03-28T15:13:01+00:00,track,,,1,12707843195
21053282,2,2026-04-14T18:36:38+00:00,residential,,,1,13730713236
21053338,2,2019-07-26T05:37:24+00:00,residential,,,1,6649108003
21053369,2,2020-12-27T00:28:24+00:00,residential,,,1,224190727
21053378,3,2020-12-27T00:34:37+00:00,unclassified,,,3,226337337 226337351 226337358
21053543,2,2019-07-26T06:06:01+00:00,residential,,,1,6649144635
21053578,2,2019-07-26T05:37:24+00:00,residential,,,1,6649108467
21053706,4,2025-03-28T15:13:01+00:00,track,,,1,12707843194
21053937,2,2026-04-14T17:05:39+00:00,track,,,1,13730523869
21053958,2,2025-04-04T14:19:36+00:00,track,,,2,12728997057 12728996904
21054154,2,2026-04-14T17:05:39+00:00,residential,,,2,13730528653 13730523868
21054204,3,2021-01-12T06:20:52+00:00,track,,,1,6649108387
21054205,2,2025-04-04T14:19:36+00:00,track,,,2,12728996907 12728996908
21054404,3,2026-04-14T17:05:39+00:00,residential,,,5,13730528645 13730528646 13730528654 13730528724 13730528725
21054451,4,2025-05-26T02:33:26+00:00,track,,,1,12728997054
21054454,3,2019-07-26T05:37:24+00:00,residential,,,1,6649108004
21055004,2,2026-04-14T17:05:39+00:00,residential,,,1,13730528644
21055182,3,2025-01-10T16:52:31+00:00,residential,,,1,12488719085
21055199,4,2022-11-10T19:30:09+00:00,residential,,,1,6649109039
21055937,2,2025-03-19T15:19:03+00:00,residential,,,2,12681243888 12681267044
21056221,3,2026-02-04T00:13:54+00:00,track,,,2,13523080829 13523080828
21056416,2,2019-07-26T05:47:54+00:00,residential,,,1,6649123720
21057344,9,2025-04-20T20:29:13+00:00,residential,County Road 232,,1,12727065609
21057441,7,2025-04-20T22:52:10+00:00,residential,County Road 237,,1,12728901513
21057549,2,2025-04-22T00:49:05+00:00,track,,,1,12773400569
21057602,11,2025-04-19T01:15:25+00:00,residential,County Road 342,,1,12723955131
21057639,6,2025-04-03T14:02:49+00:00,residential,County Road 42,,1,12725942229
21057833,11,2025-04-21T01:59:30+00:00,residential,County Road 212,,1,12728901731
21057962,3,2026-03-25T18:37:44+00:00,unclassified,,,1,13679899927
21057974,11,2025-04-19T02:32:41+00:00,residential,County Road 267,,1,12723955130
21057988,5,2023-01-23T01:51:04+00:00,tertiary,County Road 3065,,1,6649108005
21058037,4,2025-04-22T22:28:15+00:00,residential,County Road 131,,1,3444745938
21058155,10,2025-04-18T23:02:28+00:00,residential,County Road 327,,1,12727039522
21058181,5,2025-04-20T23:56:04+00:00,residential,County Road 185,,1,12728901908
21058369,3,2025-04-22T00:49:05+00:00,track,,,1,12442665472
21058491,10,2025-04-19T02:32:41+00:00,residential,County Road 352,,1,12723955102
21058513,5,2025-04-03T14:02:49+00:00,residential,County Road 52,,1,12725941727
21058551,16,2025-06-02T06:13:17+00:00,tertiary,,FM 2479,1,12728902085
21058664,2,2026-02-04T00:13:54+00:00,residential,,,2,13523080975 13523080974
21058676,14,2025-04-20T22:25:54+00:00,residential,County Road 277,,1,12727065731
21058737,8,2025-04-20T22:52:10+00:00,residential,County Road 192,,1,12728901830
21058770,2,2025-04-04T13:48:47+00:00,residential,County Road 195,,1,12728901875
21058783,3,2025-03-28T15:13:01+00:00,residential,County Road 85,,1,12681243889
21058794,10,2025-04-20T22:52:10+00:00,residential,County Road 202,,1,12728901832
21058817,7,2025-04-20T23:56:04+00:00,residential,County Road 207,,1,12728901732
21058880,4,2026-02-04T00:13:54+00:00,residential,,,1,13523080918
21058915,7,2025-04-04T13:48:47+00:00,residential,County Road 172,,1,12728902083
21058948,6,2025-04-03T14:02:49+00:00,residential,County Road 319,,1,12725941689
21058966,3,2021-06-13T08:46:18+00:00,service,,,2,8829164428 8829164427
21058974,3,2024-12-23T01:25:01+00:00,residential,,,1,12442665310
21059098,2,2021-06-13T08:46:18+00:00,service,,,1,8829164785
21059410,2,2026-03-25T19:04:38+00:00,residential,,,1,13680008832
21059582,3,2024-12-23T01:25:01+00:00,residential,,,1,12442665459
21060020,2,2026-03-25T19:04:38+00:00,residential,,,2,13680008982 13680008958
21060125,2,2026-03-25T19:04:38+00:00,residential,,,1,13680008896
21060149,2,2026-03-25T19:04:38+00:00,residential,,,1,226422700
21060410,2,2026-03-25T19:04:38+00:00,residential,,,1,13680008864
21060466,4,2021-06-13T01:23:41+00:00,track,,,1,8828716308
21061477,2,2026-02-04T00:13:54+00:00,residential,,,1,13523080806
21061602,2,2026-09-05T13:00:41+00:00,residential,,,1,14155359057
21061731,2,2025-01-10T16:43:49+00:00,residential,,,1,12488707930
21061796,3,2025-02-22T01:09:59+00:00,residential,,,1,12608749278
21062041,2,2026-09-10T22:09:57+00:00,residential,,,1,14170809342
21062043,4,2026-04-17T18:51:47+00:00,track,,,1,13738329834
21062081,2,2026-08-09T12:49:50+00:00,residential,,,1,14082049019
21062085,2,2021-06-13T08:46:18+00:00,service,,,1,8829164753
21062570,2,2026-09-07T20:52:09+00:00,residential,,,1,14161102969
21063460,2,2026-03-25T18:37:44+00:00,residential,,,1,13679900617
21063647,6,2025-01-06T16:19:18+00:00,service,,,1,12478812794
21063750,2,2024-12-23T01:25:01+00:00,track,,,1,12442664121
21064151,2,2026-03-25T19:04:38+00:00,residential,,,1,13680008974
21064345,2,2026-04-14T17:05:39+00:00,residential,,,1,226481164
21064735,2,2024-12-23T01:25:01+00:00,track,,,1,12442665311
21065401,2,2026-02-21T15:52:11+00:00,residential,,,1,13587376265
21066118,4,2026-04-17T18:51:47+00:00,track,,,1,226503606
21066164,3,2025-02-12T18:45:06+00:00,residential,Sammy Snead Drive,,1,12582738956
21066906,6,2026-02-04T00:13:54+00:00,residential,Cedar Creek Road,,1,13523014933
21067455,4,2025-02-12T18:45:06+00:00,residential,Fairway Drive,,1,12582738860
21067546,4,2026-02-04T00:13:54+00:00,track,Nueces River Road,,1,13523080904
21068256,15,2025-06-02T06:13:17+00:00,secondary,,RM 334,2,8829164750 226527072
21069407,2,2026-02-04T00:13:54+00:00,residential,Farm-to-Market Road 3199,,1,13523080882
21069514,3,2025-01-13T15:50:12+00:00,service,,,1,12498375646
21069679,4,2026-02-04T00:13:54+00:00,unclassified,Chapman Road,,1,226521531
21070725,2,2026-02-23T21:14:31+00:00,residential,County Road 143,,1,13593867414
21071862,3,2026-03-12T16:55:07+00:00,service,,,1,8830405706
21072291,5,2026-03-09T19:26:55+00:00,track,,,1,13630811872
21073244,1,2008-01-14T16:20:59+00:00,residential,Wolf Ridge,,1,226578029
21073421,3,2026-03-04T21:05:51+00:00,residential,,,1,13618888773
21073604,2,2026-03-09T17:48:27+00:00,service,,,1,226581954
21074162,8,2026-09-10T21:52:24+00:00,residential,County Road 15,CR 15,1,14170783334
21074288,6,2024-12-06T15:49:17+00:00,service,,,1,12400506081
21074487,4,2024-12-06T15:49:17+00:00,residential,Gulf Road,CR 331,1,12400506017
21077444,4,2026-02-25T21:02:12+00:00,residential,County Road 441,,1,13587376423
21081427,6,2026-04-04T16:05:43+00:00,service,Private Road 1156,,1,13706101879
21081928,2,2025-03-20T17:39:35+00:00,track,,,1,12685271661
21081947,4,2023-09-02T04:38:03+00:00,service,,,1,1531859490
21083554,3,2018-08-26T05:45:18+00:00,service,,,1,5504142142
21086350,5,2025-04-30T14:54:33+00:00,track,,,1,12800541378
21087144,5,2025-05-28T16:22:43+00:00,service,,,1,8873119952
21087256,6,2025-11-26T13:57:36+00:00,track,,,1,5858064304
21087364,21,2022-09-09T14:58:11+00:00,residential,North Mesa Road,,1,6355655458
21087376,3,2019-11-12T00:55:30+00:00,residential,County Road 5600,,1,6967840053
21087517,2,2025-03-13T16:03:55+00:00,residential,County Road FF,,1,12659988359
21087553,6,2026-05-21T14:42:35+00:00,track,,,1,13857896819
21087598,6,2025-04-30T14:54:33+00:00,track,,,1,12800541377
21087642,4,2021-06-14T09:33:14+00:00,track,,,1,224420414
21087990,4,2025-11-24T01:19:42+00:00,track,,,2,2288687607 13327318156
21088063,4,2022-11-09T21:31:26+00:00,track,,,1,6917352456
21088183,7,2025-04-16T01:00:45+00:00,residential,County Road 5700,,1,6967840052
21088592,10,2025-04-12T05:15:35+00:00,residential,North County Road 1000,,1,6967851908
21088810,5,2026-09-21T13:25:35+00:00,service,,,1,14203659451
21089012,4,2025-03-13T16:03:55+00:00,residential,,,1,12659988202
21089704,4,2026-06-30T13:13:02+00:00,track,,,1,13977885747
21089787,3,2020-05-04T02:29:04+00:00,residential,County Road 2000,,1,7477484213
21089901,4,2023-02-12T22:50:26+00:00,track,,,1,10653151102
21089905,4,2020-09-01T22:11:06+00:00,residential,,,1,7866522547
21089915,3,2023-02-12T22:50:26+00:00,track,,,1,10653151151
21090397,3,2017-04-13T03:52:43+00:00,track,,,1,226788568
21090518,3,2025-11-24T01:19:42+00:00,unclassified,PR 516 - 517,,1,13327318097
21091676,2,2020-09-01T21:56:21+00:00,service,,,1,7866505579
21091825,10,2025-01-28T22:06:21+00:00,unclassified,County Road 381,,1,12540031911
21092131,4,2025-11-24T01:19:42+00:00,track,,,1,13327318159
21092682,5,2025-11-24T01:19:42+00:00,track,,,2,13193822673 13327317935
21092804,4,2025-11-24T01:19:42+00:00,track,,,1,13327318128
21092826,2,2020-09-01T21:56:21+00:00,residential,,,1,7866505456
21092830,4,2025-11-24T01:19:42+00:00,track,,,1,13327318119
21092945,3,2020-09-01T22:11:06+00:00,residential,,,2,7866505662 7866499371
21093294,5,2026-06-30T13:13:02+00:00,track,,,1,13977885844
21093860,5,2022-07-11T14:29:19+00:00,track,County Road 5100,,1,7477484212
21094236,5,2025-05-26T00:16:11+00:00,track,,,1,12863536644
21094561,4,2025-11-24T01:19:42+00:00,track,,,2,13327318152 13327318130
21094829,8,2026-08-04T19:37:32+00:00,unclassified,CR 300,,2,13854658440 13850740561
21095044,4,2026-02-18T20:04:09+00:00,track,,,1,13577874143
21095400,3,2025-11-24T01:19:42+00:00,unclassified,PR 519,,1,13327317956
21095525,4,2025-11-24T01:19:42+00:00,track,,,1,13327318144
21095760,4,2026-02-18T20:04:09+00:00,track,,,2,13577874083 13577874084
21096594,2,2020-09-01T21:56:21+00:00,residential,,,1,7866505422
21096965,2,2020-09-01T21:56:21+00:00,service,,,1,7866505509
21097327,4,2025-01-21T19:19:56+00:00,track,,,2,12521234633 12521234701
21097336,13,2024-06-21T09:21:21+00:00,residential,County Road 5500,,1,7477484204
21097507,4,2025-11-24T01:19:42+00:00,track,,,1,13327318121
21097515,5,2026-05-20T23:06:14+00:00,track,,,1,13850740323
21098016,8,2024-05-26T07:18:50+00:00,residential,County Road 2051,,1,11543562254
21098039,3,2024-01-23T16:38:02+00:00,track,County Road 2401,,1,11543546137
21098232,2,2020-09-01T21:56:21+00:00,residential,,,1,7866505630
21098307,19,2024-06-21T09:21:04+00:00,residential,County Road 6100,,1,6967840036
21098633,5,2024-01-23T16:39:34+00:00,track,,,1,11543561278
21098935,5,2026-05-02T05:08:52+00:00,service,,,1,11543572125
21099080,3,2024-01-23T16:39:34+00:00,service,,,3,11543561275 11543561276 11543561277
21099473,3,2024-01-23T16:37:14+00:00,track,,,1,11543562256
21100045,3,2020-07-17T01:52:15+00:00,track,,,1,226901074
21100296,3,2024-01-23T16:41:14+00:00,track,,,2,11543571813 11543571822
21100352,3,2024-01-23T16:42:59+00:00,track,,,2,11543561719 11543561718
21100582,4,2026-05-02T05:08:52+00:00,service,,,1,11543556440
21101004,6,2021-09-30T09:48:20+00:00,track,,,1,8484217551
21101022,5,2026-05-31T22:46:44+00:00,track,,,2,13900147734 13900147735
21101069,6,2025-02-19T17:47:24+00:00,track,,,1,12601463859
21101110,2,2024-01-23T16:43:32+00:00,service,,,1,11543582540
21101727,3,2021-03-04T00:28:14+00:00,track,,,1,8484192807
21101751,4,2024-08-30T20:25:20+00:00,track,,,1,8484217668
21102012,3,2024-01-23T16:44:06+00:00,track,,,2,11543562726 11543562727
21102188,7,2025-01-27T10:57:53+00:00,residential,North County Road 1100,,1,6967840051
21102293,2,2024-01-23T16:43:32+00:00,service,,,1,11543582542
21102297,3,2024-01-23T16:43:32+00:00,track,,,2,11543582541 11543582539
21102512,3,2020-05-09T03:36:02+00:00,track,,,1,226918684
21102536,5,2024-01-23T16:45:07+00:00,track,,,1,11543507657
21102631,6,2024-01-23T16:37:14+00:00,track,,,1,11543562257
21102655,3,2025-11-24T01:19:42+00:00,unclassified,CR 114,,2,13327318143 13327317970
21102708,4,2024-01-23T16:46:21+00:00,track,,,1,11543578858
21103256,3,2026-05-31T22:46:44+00:00,track,,,1,13900147732
21103303,4,2021-03-04T00:28:14+00:00,track,,,1,8484230567
21103520,6,2024-08-30T21:16:31+00:00,residential,County Road 4800,,1,12146864570
21103715,9,2025-05-21T15:13:36+00:00,residential,Private Road 2831,,1,12853461885
21104004,3,2021-03-04T00:08:23+00:00,residential,County Road 3200,,1,8484217594
21104451,3,2021-03-04T00:28:14+00:00,residential,County Road 4101,,1,8484230566
21104920,3,2025-11-24T01:19:42+00:00,unclassified,CR 120,,4,13327318089 13327318137 13327318139 13327318138
21105069,6,2026-08-05T13:24:16+00:00,unclassified,CR 314,,1,13854657799
21105142,4,2025-11-24T01:19:42+00:00,unclassified,CR 126,,1,13327317934
21106221,13,2023-09-14T17:57:17+00:00,residential,County Road 5200,,1,7477484211
21106285,3,2026-03-26T18:53:06+00:00,service,,,1,226960940
21106447,3,2025-01-10T23:59:15+00:00,residential,,,1,226962519
21106502,6,2023-08-12T16:56:21+00:00,track,,,1,10994098697
21106831,3,2024-06-10T20:10:01+00:00,track,,,1,11970612788
21107110,3,2026-01-08T03:59:29+00:00,service,,,1,13439048875
21107384,3,2026-04-21T12:39:51+00:00,residential,,,1,13748679970
21107518,4,2026-04-01T18:06:59+00:00,service,,,1,13699283688
21107596,3,2025-06-25T23:32:02+00:00,service,,,1,11987737138
21107606,2,2024-06-17T17:47:39+00:00,service,,,1,11987977536
21107669,3,2025-01-11T01:00:09+00:00,residential,,,1,12490321591
21107731,4,2026-04-17T18:14:51+00:00,track,,,2,13738282517 13738282335
21107769,6,2026-02-01T02:30:29+00:00,track,,,3,13516013549 13516013550 13516013551
21107946,3,2024-06-17T17:47:39+00:00,service,,,1,11987977968
21107967,2,2024-12-25T15:39:35+00:00,track,,,1,12451321727
21108014,5,2026-05-07T01:05:44+00:00,track,,,1,13805105372
21108019,3,2024-12-25T15:39:35+00:00,residential,,,1,12451321742
21108047,4,2024-05-26T15:13:37+00:00,service,,,1,11935137330
21108075,3,2026-02-09T18:49:44+00:00,residential,,,1,13523081460
21108219,3,2024-12-25T15:44:40+00:00,track,,,1,12451327289
21108254,5,2026-02-01T02:30:29+00:00,track,,,1,13516013600
21108272,6,2026-04-18T15:53:51+00:00,track,,,1,13516013762
21108275,3,2026-04-17T18:14:51+00:00,track,,,1,13738282563
21108279,2,2013-01-06T07:27:01+00:00,track,,,1,226986213
21108305,6,2021-11-21T06:16:32+00:00,residential,Wayne Avenue,,1,4395439062
21108356,2,2026-04-13T18:40:02+00:00,residential,,,1,13728256598
21108444,5,2026-09-04T14:35:14+00:00,service,,,1,13472021879
21108564,3,2023-06-21T06:00:53+00:00,track,,,1,10994004403
21108645,3,2026-04-17T18:14:51+00:00,track,,,1,13738282317
21108733,3,2026-02-01T02:30:29+00:00,track,,,1,13516013634
21108876,1,2008-01-14T19:35:25+00:00,residential,,,1,226995018
21108939,3,2026-04-17T18:14:51+00:00,track,,,1,13738282337
21109217,3,2026-04-15T15:21:28+00:00,track,,,3,13732573468 13732573502 13732573494
21109283,6,2025-12-02T01:15:57+00:00,residential,,,1,11984307697
21109340,3,2021-02-17T11:34:30+00:00,service,,,1,7474335268
21109345,2,2026-05-23T20:04:02+00:00,residential,,,1,13868855218
21109346,3,2025-01-04T14:02:42+00:00,track,,,1,12473569453
21109353,2,2025-09-22T17:42:48+00:00,track,,,1,227004784
21109458,3,2024-06-17T15:34:43+00:00,track,,,1,11987762965
21109493,4,2026-04-14T18:36:38+00:00,track,,,1,13730713390
21109583,4,2025-01-04T14:02:42+00:00,track,,,1,12473569429
21109755,4,2025-06-11T20:28:09+00:00,track,,,1,11987737159
21109887,2,2025-01-22T00:16:59+00:00,service,,,1,12521750660
21109890,4,2024-06-07T13:33:28+00:00,service,,,1,11962808108
21110064,3,2026-05-23T20:04:02+00:00,track,,,1,13868854741
21110229,6,2026-05-23T20:04:02+00:00,track,,,1,13868854854
21110333,1,2008-01-14T19:49:31+00:00,service,,,1,227022155
21110462,4,2026-05-28T23:30:42+00:00,track,,,1,13892779625
21110591,2,2024-10-20T15:01:46+00:00,service,,,1,12271210648
21110627,2,2026-04-14T18:36:38+00:00,service,,,1,227027576
21110668,3,2025-09-18T19:13:57+00:00,service,,,1,13153830814
21110674,3,2026-05-23T20:04:02+00:00,track,,,1,13868854742
21110735,16,2026-01-12T13:35:14+00:00,residential,Davenport Ranch Road,,3,6712718865 6712718866 6712922824
21110879,4,2020-04-21T01:58:11+00:00,service,,,1,7428121509
21110916,5,2026-04-13T18:40:02+00:00,track,,,1,7427416003
21111025,2,2024-06-17T17:47:39+00:00,service,,,1,227034659
21111115,6,2026-04-13T18:40:02+00:00,track,,,1,7427416005
21111218,2,2023-01-21T06:08:23+00:00,service,,,1,10572193140
21111246,3,2026-02-09T18:49:57+00:00,service,,,2,227038410 13537614331
21111274,5,2024-10-20T15:46:12+00:00,service,,,1,12271302892
21111450,3,2025-03-18T14:31:13+00:00,track,,,1,227041785
21111606,8,2021-03-10T12:12:57+00:00,track,,,4,7428121519 7428121521 7428121518 7428121520
21111662,4,2021-02-15T04:52:11+00:00,service,,,1,7474335267
21111742,5,2022-10-06T02:22:27+00:00,track,,,2,10078988019 10078988020
21111811,5,2026-04-13T18:40:02+00:00,service,,,1,7424370981
21111836,2,2025-10-07T16:36:22+00:00,track,,,2,13201128731 13201128886
21111867,3,2026-04-14T18:36:38+00:00,track,,,1,13730713036
21111942,2,2024-12-25T15:39:35+00:00,residential,,,1,12451321752
21112033,3,2025-01-05T17:43:36+00:00,track,,,1,227050883
21112186,3,2021-02-12T13:13:26+00:00,residential,,,1,227053119
21112330,6,2026-03-29T23:34:14+00:00,residential,,,2,13689968302 13689968314
21112348,4,2021-02-19T05:18:53+00:00,residential,,,1,6712924946
21112549,4,2025-03-18T15:28:59+00:00,track,,,2,227058665 12676757491
21112574,3,2025-01-04T14:02:42+00:00,track,,,1,12473569516
21112612,3,2026-05-28T21:34:56+00:00,track,,,1,13892644822
21112712,2,2025-03-10T15:43:02+00:00,track,,,1,227061514
21113139,2,2023-06-27T05:03:21+00:00,service,,,1,11009583812
21113152,3,2024-10-20T15:25:12+00:00,service,,,1,12271253942
21113208,3,2026-04-14T18:36:38+00:00,service,,,1,13730689282
21113241,3,2026-04-14T18:36:38+00:00,track,,,1,13730713055
21113347,3,2025-01-02T18:39:37+00:00,track,,,1,12469469327
21113686,5,2024-06-15T22:32:16+00:00,service,,,1,11984307699
21113695,2,2025-03-17T15:26:58+00:00,track,,,1,12673395688
21113802,2,2026-04-18T21:40:35+00:00,residential,,,1,13741142800
21113836,2,2025-01-10T18:17:52+00:00,track,,,1,12488833379
21113853,2,2024-06-07T13:33:28+00:00,service,,,1,11962808117
21113858,3,2019-08-17T05:34:19+00:00,track,,,1,6717776297
21113888,3,2025-03-18T15:28:59+00:00,track,,,1,12676895041
21113899,3,2026-04-15T15:21:28+00:00,track,,,2,13732573554 13732573593
21114097,4,2025-01-22T00:16:59+00:00,track,,,1,12521750612
21114218,3,2019-08-15T19:45:38+00:00,service,,,1,6712924942
21114327,3,2019-08-15T19:45:38+00:00,service,,,1,6712924882
21114353,2,2026-04-18T21:40:35+00:00,service,,,1,13741142802
21114418,3,2025-05-25T23:29:31+00:00,track,,,1,12863506535
21114476,3,2026-05-23T20:04:02+00:00,track,,,1,13868855100
21114670,3,2025-11-24T01:19:42+00:00,track,,,1,13327317972
21114834,2,2025-07-30T16:39:43+00:00,track,,,1,13037698067
21114860,4,2026-05-23T20:04:02+00:00,track,,,1,13868855098
21114876,2,2025-07-30T16:39:43+00:00,track,,,2,13037698024 13037698025
21115178,3,2024-06-15T22:32:16+00:00,residential,,,1,11984307702
21115262,2,2025-07-30T16:39:43+00:00,track,,,2,13037698128 13037698129
21115317,3,2026-04-15T15:21:28+00:00,residential,,,1,12451321743
21115630,3,2026-04-01T20:23:39+00:00,service,,,1,13699691803
21115637,2,2025-03-17T15:05:36+00:00,track,,,1,12673335212
21115720,2,2024-06-17T17:50:54+00:00,service,,,1,11987985984
21115726,2,2025-07-30T16:39:43+00:00,track,,,2,13037697995 13037697994
21115756,3,2026-04-01T18:06:59+00:00,track,,,3,13699283686 13699283684 13699283680
21115770,3,2024-12-25T15:39:35+00:00,residential,,,1,12451321710
21115797,4,2026-04-21T12:34:20+00:00,unclassified,,,1,13748672741
21115818,2,2025-09-22T17:42:48+00:00,track,,,1,13163068890
21115915,2,2024-06-07T13:33:28+00:00,service,,,1,11962808111
21116206,5,2024-12-25T15:44:40+00:00,residential,,,1,12451327280
21116215,3,2025-03-18T14:31:13+00:00,track,Vinegaroon Road,,1,12676737387
21116267,5,2025-07-18T15:39:52+00:00,unclassified,Russell Lane,,1,227110170
21116428,5,2025-09-11T19:46:55+00:00,track,,,2,7428121522 7428121523
21116653,5,2025-12-12T21:28:11+00:00,unclassified,Dunagan Road,,1,4627733015
21116654,4,2025-12-12T21:28:11+00:00,unclassified,Dunagan Road,,1,4627733212
21116668,3,2025-01-10T18:17:52+00:00,residential,Pfluger Lane,,1,12488833101
21116761,3,2025-01-08T01:35:01+00:00,unclassified,Waddell Lane,,1,12482478140
21116812,3,2020-04-21T01:58:11+00:00,service,,,1,7428121497
21116837,3,2025-03-18T15:28:59+00:00,service,Lyckman Road,,1,12676895040
21116851,4,2025-06-19T17:17:31+00:00,residential,Preston Road,,1,4627733043
21116946,3,2025-03-19T21:00:28+00:00,track,,,1,4627733893
21117023,4,2026-04-18T21:40:35+00:00,residential,Saline Road,,1,13741142696
21117209,3,2026-04-01T20:23:39+00:00,service,,,1,13699691794
21117254,3,2024-10-20T14:46:04+00:00,service,,,1,6655980268
21117479,3,2019-08-15T18:12:10+00:00,service,,,1,6712651699
21117492,3,2019-08-15T18:12:10+00:00,track,,,1,6712651700
21117627,3,2025-01-04T14:02:42+00:00,track,,,1,12473569439
21117655,6,2025-02-01T14:56:15+00:00,track,,,3,12549152360 12549152328 12549152394
21117679,3,2025-02-01T14:56:15+00:00,track,,,1,12549152395
21117681,7,2025-02-01T14:56:15+00:00,track,,,1,12549126078
21117685,4,2025-02-01T14:56:15+00:00,track,,,1,12549152326
21117884,3,2019-08-15T19:45:38+00:00,track,,,1,6712924943
21118241,2,2024-06-17T17:47:39+00:00,service,,,1,11987977804
21118313,4,2026-04-01T18:06:59+00:00,service,,,1,13699283695
21118340,5,2026-04-01T18:06:59+00:00,service,,,3,227133725 6712924898 6712924807
21118675,3,2021-04-19T19:03:30+00:00,track,,,1,8644948848
21118709,6,2021-04-19T19:03:30+00:00,service,,,2,8644948851 8644948852
21118837,5,2026-05-02T05:08:52+00:00,track,,,1,8644948859
21118840,5,2026-05-02T05:08:52+00:00,track,,,2,13650919157 8644948858
21118856,5,2026-03-15T22:03:44+00:00,track,,,1,13650919158
21118882,9,2026-01-06T01:41:21+00:00,service,,,2,12549152366 12494069998
21118887,4,2025-02-01T14:56:15+00:00,track,,,2,12549152393 12494069982
21118890,5,2025-02-01T14:56:15+00:00,track,,,2,12549152362 12494069989
21118895,3,2025-02-01T14:56:15+00:00,track,,,1,12549152361
21118937,3,2024-10-20T16:07:57+00:00,service,,,1,11987762947
21119064,4,2025-02-01T14:56:15+00:00,track,,,3,12549152365 12549152364 12494069996
21119097,3,2025-01-12T01:13:45+00:00,track,,,1,12494070037
21119101,4,2025-01-12T01:13:45+00:00,track,,,2,12494070036 12494070030
21119161,3,2021-04-19T19:03:30+00:00,track,,,1,8644948855
21119223,3,2021-04-19T19:03:30+00:00,track,,,1,8644948860
21119279,3,2026-03-15T22:03:44+00:00,track,,,2,13650922419 13650922420
21119291,3,2024-10-30T19:25:14+00:00,track,,,1,12300107203
21119450,9,2025-01-12T01:13:45+00:00,service,,,2,12494070033 12494070032
21119571,3,2025-01-10T23:59:15+00:00,residential,,,1,12490269536
21120680,3,2025-02-01T14:56:15+00:00,track,,,1,12549152506
21120681,4,2025-02-01T14:56:15+00:00,track,,,1,12549152505
21120712,4,2025-02-01T14:56:15+00:00,track,,,2,12549152363 12494069995
21120747,5,2021-04-19T19:03:30+00:00,track,,,1,8644948861
21120772,4,2025-01-12T01:13:45+00:00,track,,,1,12494070038
21120836,3,2025-02-01T14:56:15+00:00,track,,,2,12549152409 12549152504
21122484,3,2024-04-03T04:28:00+00:00,service,,,1,11782109735
21123333,24,2026-04-20T08:36:11+00:00,tertiary,East Highway 80,,1,8644948841
21123625,3,2022-11-04T16:32:59+00:00,residential,Blue Water Hole,,1,6712649999
21123671,2,2024-12-25T15:39:35+00:00,service,Private Road 321,,1,12451321716
21123697,6,2026-04-13T18:40:02+00:00,residential,Private Road 321,,1,12451321728
21123957,19,2022-01-10T20:49:16+00:00,residential,East County Road 110,,1,8644948872
21124267,2,2021-08-22T04:01:15+00:00,service,,,1,9025779751
21124269,2,2021-08-22T04:01:15+00:00,service,,,1,9025779815
21126285,2,2024-12-25T15:39:35+00:00,track,211,,1,12451321681
21126320,3,2021-01-05T12:21:38+00:00,service,Private Road 4774,,1,6654534456
21126326,3,2021-01-05T12:21:38+00:00,service,Private Road 4774,,1,6654534457
21126478,2,2025-03-12T18:56:28+00:00,service,,,1,12657147809
21126588,13,2023-02-06T09:03:08+00:00,residential,South County Road 1065,,1,8644948854
21126731,3,2021-03-03T22:08:23+00:00,track,,,2,8484075509 8484075727
21126911,3,2022-10-08T23:05:09+00:00,residential,County Road 433,,1,10085940993
21127227,2,2022-01-23T13:38:42+00:00,service,,,1,9442221749
21127863,4,2024-03-26T18:04:28+00:00,track,,,1,11764432074
21127884,4,2026-04-01T20:23:39+00:00,residential,County Road 450,,1,13699691825
21127921,10,2021-02-18T03:43:41+00:00,unclassified,County Road 451,,2,6655769811 6655769810
21127942,7,2026-06-02T03:15:07+00:00,residential,East County Road 160,,3,8644948853 8644948850 8644948849
21127984,5,2026-05-08T14:44:41+00:00,service,Private Road 5752,,1,13808725140
21128188,3,2021-03-03T23:29:26+00:00,track,,,1,8484166386
21128339,5,2025-11-28T09:30:30+00:00,residential,County Road 331,,1,10085940994
21128381,4,2024-03-29T18:12:20+00:00,residential,County Road 430,,1,11772092365
21128542,3,2022-01-23T13:38:42+00:00,track,,,1,9442221892
21128658,5,2026-03-15T22:03:44+00:00,residential,South County Road 1090,,1,13650922418
21128736,10,2025-01-12T16:43:50+00:00,residential,West County Road 52,,1,12496208355
21128858,2,2022-01-23T13:38:42+00:00,service,,,1,9442221837
21128885,4,2025-03-12T18:56:28+00:00,track,,,1,11764432226
21129033,7,2021-03-18T07:30:55+00:00,residential,County Road 5224,,1,4551213459
21129115,1,2008-01-14T22:07:53+00:00,residential,County Road 5225,,1,227274137
21129139,3,2016-12-08T17:57:03+00:00,residential,County Road 5226,,1,227274428
21129370,3,2021-03-03T22:08:23+00:00,track,,,1,8484076345
21129515,5,2026-02-09T19:01:11+00:00,residential,Private Road 2616,,1,13537735523
21129687,2,2025-03-12T18:56:28+00:00,service,,,1,12657147804
21129829,3,2020-06-21T21:56:28+00:00,residential,McAnnely Avenue,,1,7641105103
21130204,3,2021-03-03T03:41:00+00:00,track,,,1,8481483653
21130355,4,2024-12-25T15:39:35+00:00,unclassified,County Road 111,,2,12451321674 12451321672
21130393,7,2026-02-27T16:22:38+00:00,residential,North Rice Avenue,,1,12496208357
21131229,3,2026-02-09T18:49:44+00:00,residential,County Road 121,,1,13523081462
21131527,3,2024-06-07T14:36:42+00:00,service,,,1,11962927952
21132126,2,2025-03-22T00:18:45+00:00,residential,,,1,12688859199
21132208,5,2025-04-20T20:35:56+00:00,unclassified,County Road 343,CR 343,1,8460548484
21132564,7,2021-04-27T05:41:17+00:00,residential,San Saba Court,,1,8670635140
21133130,2,2016-11-28T18:45:38+00:00,residential,County Road 111,,1,4526800221
21133964,6,2024-12-09T22:06:41+00:00,tertiary,Callaway Drive,,3,8670954382 12408215808 8670954380
21135293,12,2021-04-19T18:00:43+00:00,residential,Passage Way,,1,8644667226
21136965,5,2026-08-22T17:52:19+00:00,unclassified,County Road 207,,1,227446416
21136984,5,2026-09-01T13:21:37+00:00,track,,,1,14140110479
21137202,6,2026-09-01T11:21:36+00:00,track,,,1,227368677
21137795,2,2025-03-22T00:18:45+00:00,residential,,,1,12688859327
21137859,5,2021-08-06T20:24:09+00:00,track,,,1,8986642285
21137873,3,2021-08-06T20:24:09+00:00,residential,,,1,8986642287
21138029,4,2026-09-01T11:21:36+00:00,track,,,1,14139837810
21138214,3,2025-03-18T13:10:57+00:00,track,,,2,12676523702 12676512877
21138539,3,2026-09-01T11:21:36+00:00,track,,,1,14139836236
21139424,3,2023-06-29T01:20:56+00:00,track,,,1,227391951
21139441,4,2026-09-07T10:56:59+00:00,track,,,1,227392053
21139455,2,2025-03-18T17:00:32+00:00,track,,,1,12677062473
21139919,4,2025-03-18T16:00:57+00:00,track,,,1,12676963724
21140058,3,2026-08-27T16:15:13+00:00,track,,,1,12677084897
21140344,3,2023-02-20T09:57:23+00:00,track,,,2,10680265115 10680265114
21140550,2,2025-03-18T17:00:32+00:00,track,,,1,12677062451
21140755,7,2026-09-01T20:09:11+00:00,track,,,1,10680265113
21140783,4,2026-09-01T11:21:36+00:00,track,,,1,14139701573
21141264,4,2023-06-27T10:26:03+00:00,track,,,1,11010067298
21141333,3,2025-03-18T17:18:37+00:00,track,,,1,12677097808
21141406,3,2025-03-18T16:00:57+00:00,track,,,1,12676963896
21141579,3,2025-03-18T16:00:57+00:00,track,,,1,12676963938
21142110,2,2025-03-18T17:00:32+00:00,track,,,1,12677062452
21142356,3,2026-08-27T12:34:29+00:00,track,,,1,12557657655
21142607,4,2026-09-01T11:21:36+00:00,track,,,2,227424374 227424557
21142651,5,2025-03-20T20:31:45+00:00,track,,,2,12685656837 12685656844
21142655,4,2025-03-20T20:31:45+00:00,track,,,1,12685656857
21142662,4,2026-08-27T12:34:29+00:00,track,,,1,12557657722
21143003,4,2026-08-30T10:24:38+00:00,track,,,1,10943500420
21143170,3,2025-03-18T13:10:57+00:00,track,,,1,12676523704
21143606,2,2022-06-28T20:50:26+00:00,track,,,1,227433567
21143846,4,2026-06-27T19:55:28+00:00,service,,,1,13971085458
21143961,3,2026-06-27T20:27:08+00:00,residential,,,1,13971132448
21143972,4,2026-08-29T14:13:07+00:00,track,,,1,12676523715
21143986,3,2025-03-18T16:00:57+00:00,service,,,1,12676963622
21144078,4,2026-06-14T17:17:08+00:00,track,,,1,13938806514
21144325,4,2023-01-19T17:32:41+00:00,service,,,1,10568366721
21144434,3,2025-03-26T02:18:02+00:00,track,,,2,12700975709 12700975726
21144518,3,2026-09-01T11:21:36+00:00,track,,,1,227441382
21144855,4,2025-03-18T16:00:57+00:00,residential,County Road 231,,1,12676963694
21144866,2,2026-06-27T19:55:28+00:00,service,,,1,13971085596
21144990,6,2026-09-01T13:21:37+00:00,track,,,1,14140110468
21145149,4,2026-03-23T14:59:32+00:00,track,,,1,8940251974
21145331,4,2024-10-03T02:36:56+00:00,service,,,1,8936844584
21145439,4,2026-08-29T18:49:47+00:00,track,,,1,14133737325
21145619,4,2026-09-01T13:21:37+00:00,unclassified,County Road 110,,1,227452645
21146022,3,2026-05-12T21:17:54+00:00,track,,,3,13822439064 13822439210 13822438686
21146208,3,2026-06-15T16:25:15+00:00,service,,,1,13938854353
21146549,5,2024-08-10T20:35:23+00:00,track,,,3,227461989 227462088 7924448279
21149595,3,2021-07-23T23:58:47+00:00,service,,,1,8945413246
21150783,4,2025-03-14T13:37:20+00:00,service,,,1,12662770706
21151701,2,2026-06-17T20:29:50+00:00,residential,,,1,13948540623
21152585,2,2020-09-19T15:06:08+00:00,residential,,,1,227519710
21152819,2,2026-06-20T17:07:17+00:00,service,,,1,13954234153
21153086,2,2022-03-27T09:50:12+00:00,service,,,1,9610530365
21153512,2,2025-03-14T13:37:20+00:00,residential,,,1,12662770623
21153725,2,2025-03-18T21:36:07+00:00,service,,,1,12677531882
21153858,3,2023-06-02T17:24:48+00:00,service,,,1,10946810829
21153863,3,2021-07-23T23:58:47+00:00,track,,,1,8945413054
21153958,2,2022-03-14T17:21:08+00:00,service,,,1,9578372715
21153985,2,2022-03-14T17:21:08+00:00,service,,,1,9578372803
21154249,5,2024-08-11T03:12:10+00:00,service,,,1,6842451627
21155879,6,2024-08-05T22:21:54+00:00,service,,,1,11276201481
21156120,2,2022-03-14T17:21:08+00:00,service,,,1,9578372683
21156584,5,2024-08-11T03:12:10+00:00,service,,,1,8945413195
21157509,2,2025-03-27T19:56:49+00:00,residential,,,1,12705794015
21157698,3,2020-02-10T01:31:51+00:00,track,,,2,7199064756 7199064755
21157727,3,2020-02-10T01:31:51+00:00,track,,,1,7199064757
21157756,3,2025-03-28T18:02:07+00:00,track,,,2,12708143061 12708143089
21157815,8,2025-03-28T18:35:42+00:00,track,,,1,12708185527
21158070,3,2025-03-31T18:22:43+00:00,track,,,2,12716837583 12716837262
21158140,4,2022-05-13T08:58:10+00:00,track,,,1,9737183188
21158306,3,2020-02-10T01:31:51+00:00,track,,,1,7199064520
21158354,5,2025-03-31T18:22:43+00:00,track,,,1,12716837581
21158740,4,2025-03-25T21:40:24+00:00,track,,,1,12700592778
21159211,3,2025-03-19T21:55:11+00:00,track,,,1,12682377932
21159281,3,2025-03-19T21:55:11+00:00,track,,,1,12682377823
21159295,7,2025-01-12T17:32:10+00:00,residential,County Road 264,CR 264,1,8940204316
21159346,3,2022-05-13T08:58:10+00:00,track,,,1,9737183355
21159443,3,2025-03-19T21:55:11+00:00,track,,,1,12682377516
21159614,3,2020-02-10T01:31:51+00:00,track,,,1,7199064566
21159681,8,2026-01-10T23:04:35+00:00,residential,County Road 182,CR 182,1,7923478839
21159837,3,2022-05-13T08:58:10+00:00,track,,,1,9737183262
21159899,3,2022-05-13T08:58:10+00:00,track,,,1,9737183435
21159944,6,2022-05-13T09:18:22+00:00,track,,,1,9737226342
21160121,5,2024-06-21T09:20:58+00:00,track,,,1,7198929536
21160320,3,2025-03-19T21:55:11+00:00,track,,,1,12682377643
21160462,4,2020-02-09T22:58:39+00:00,track,,,1,7198929593
21160810,4,2025-03-28T18:35:42+00:00,residential,,,1,12708185645
21161332,5,2025-01-12T17:32:13+00:00,residential,County Road 250,CR 250,1,8940204308
21161466,11,2026-07-26T22:58:54+00:00,residential,County Road 209,CR 209,1,8940251709
21161868,3,2025-03-31T18:22:43+00:00,track,,,2,12716837686 12716837375
21162177,5,2025-03-28T18:35:42+00:00,track,,,1,12708185831
21162218,3,2025-04-27T18:25:05+00:00,track,,,1,12792033978
21162241,3,2025-04-27T18:25:05+00:00,track,,,1,12792033976
21162242,3,2025-01-18T17:14:02+00:00,track,,,2,12512562335 12512562333
21162273,3,2025-01-23T17:22:54+00:00,track,,,2,12526823399 12526823398
21162310,3,2024-12-20T14:22:06+00:00,track,,,2,12436961151 12436961152
21162315,2,2024-12-15T00:55:43+00:00,service,,,1,12423612642
21162316,5,2022-05-13T09:18:22+00:00,track,,,1,9737226380
21162361,3,2025-03-12T18:32:26+00:00,track,,,1,12657108314
21162368,3,2024-12-25T20:41:01+00:00,track,,,1,12451729872
21162395,3,2025-01-26T21:45:29+00:00,track,,,1,12535046065
21162407,3,2025-01-26T21:45:29+00:00,track,,,1,12535046066
21162506,7,2024-02-13T16:31:55+00:00,residential,,,1,11619070524
21162509,3,2025-01-23T17:22:54+00:00,track,,,1,12526823329
21162540,3,2024-02-13T16:31:55+00:00,track,,,2,227618522 11619070521
21162547,2,2020-05-09T03:36:02+00:00,track,,,1,227618586
21162558,3,2020-02-10T01:31:51+00:00,track,,,1,7199064843
21162587,3,2025-01-23T17:22:54+00:00,track,,,1,12526823416
21162619,3,2024-12-25T20:41:01+00:00,track,,,2,12451729874 12451729873
21162640,4,2024-12-25T20:41:01+00:00,track,,,1,12437686569
21162651,3,2020-02-10T02:03:26+00:00,track,,,2,7199101901 7199101900
21162663,3,2024-02-13T16:31:55+00:00,track,,,1,11619070525
21162667,3,2020-05-09T03:36:02+00:00,track,,,1,227620398
21162685,4,2024-02-13T16:31:55+00:00,track,,,1,11619070535
21162795,3,2025-01-23T17:22:54+00:00,track,,,1,12526823372
21162799,3,2024-02-13T16:31:55+00:00,track,,,1,11619070523
21162827,3,2025-03-27T19:56:49+00:00,track,,,1,12705793921
21162869,3,2026-08-30T18:04:34+00:00,track,,,1,14135522493
21162944,3,2025-03-12T18:40:36+00:00,track,,,1,12657122744
21162956,6,2025-03-28T17:29:56+00:00,residential,,,7,12708089433 12708089507 12708089506 12708089508 12707818656 12707818657 12707818611
21162985,3,2024-12-20T14:22:06+00:00,track,,,1,12436961225
21162989,3,2024-12-20T14:22:06+00:00,track,,,1,12436961224
21163124,3,2025-03-31T18:22:43+00:00,track,,,1,12716837582
21163126,4,2024-12-24T16:13:17+00:00,track,,,1,12449750467
21163167,3,2024-12-15T00:55:43+00:00,track,,,1,12423612658
21163197,3,2020-02-10T01:31:51+00:00,track,,,1,7199064844
21163229,3,2025-03-12T18:32:26+00:00,track,,,1,12657107872
21163242,7,2025-07-06T14:33:26+00:00,service,,,1,12708089509
21163291,3,2024-12-15T01:01:07+00:00,track,,,1,12423615548
21163327,4,2024-12-22T15:10:59+00:00,track,,,1,12294449462
21163335,4,2024-12-24T16:13:17+00:00,track,,,2,12431267000 12449750468
21163357,3,2024-02-22T23:45:35+00:00,track,,,1,11654786985
21163382,3,2024-12-15T00:55:43+00:00,track,,,1,12423612657
21163426,3,2024-10-28T18:25:48+00:00,track,,,1,12294449508
21163434,3,2025-03-10T22:35:23+00:00,track,,,1,12650827535
21163435,3,2026-02-04T01:24:55+00:00,track,,,2,13523148498 13523148501
21163493,4,2025-03-10T22:35:23+00:00,track,,,3,12512562364 12650827534 12650827533
21163503,4,2024-12-22T14:27:12+00:00,track,,,1,11617756322
21163598,3,2024-08-24T17:12:20+00:00,track,,,1,12134222283
21163630,4,2026-03-25T01:00:16+00:00,track,,,3,12437686641 13676560386 13676582198
21163644,3,2024-12-15T00:55:43+00:00,track,,,1,12423612654
21163676,3,2025-03-12T18:32:26+00:00,track,,,1,12657108329
21163687,3,2025-11-11T22:09:12+00:00,track,,,2,13298458860 13298458882
21163704,3,2026-03-17T15:19:28+00:00,track,,,1,13655238935
21163787,3,2024-02-22T23:45:35+00:00,track,,,2,11654786970 11654786969
21163873,3,2024-10-28T18:25:48+00:00,track,,,1,12294449194
21163895,3,2024-02-13T16:31:55+00:00,track,,,1,11619070530
21163925,3,2025-01-18T17:14:02+00:00,track,,,2,12512562334 12512562390
21163930,4,2025-01-23T17:22:54+00:00,track,,,1,12526823412
21163945,5,2024-06-14T16:20:15+00:00,track,,,1,11981251601
21164035,3,2025-03-10T22:35:23+00:00,track,,,1,12650827536
21164060,4,2025-03-10T22:35:23+00:00,track,,,1,12650827538
21164082,3,2024-10-28T18:25:48+00:00,track,,,1,12294449546
21164088,3,2025-03-10T22:35:23+00:00,track,,,1,12650827537
21164280,3,2024-12-20T21:43:47+00:00,track,,,1,12437686580
21164349,3,2022-01-31T09:27:34+00:00,service,,,1,9462603420
21164430,4,2024-12-15T00:55:43+00:00,residential,,,1,12423612219
21164476,3,2024-02-13T16:31:55+00:00,track,,,1,11619070522
21164529,3,2025-01-26T21:45:29+00:00,track,,,1,12535046053
21164550,3,2026-08-30T18:04:34+00:00,track,,,5,14135522432 14135522455 14135522454 14135522487 14135522486
21164570,3,2024-02-22T23:45:35+00:00,track,,,1,11654786822
21164600,3,2025-01-26T21:45:29+00:00,track,,,1,12535046064
21164611,3,2024-12-20T14:43:26+00:00,track,,,1,12436991159
21164630,5,2026-03-25T01:00:16+00:00,track,,,2,13298458883 12441645514
21164636,3,2024-05-07T13:47:35+00:00,track,,,1,11886692363
21164642,3,2024-12-20T14:43:26+00:00,track,,,1,12436991160
21164647,4,2024-02-13T16:31:55+00:00,track,,,1,11619070513
21164666,3,2024-02-13T16:31:55+00:00,track,,,1,11619070532
21164676,3,2024-02-13T16:31:55+00:00,track,,,1,11619070527
21164688,3,2024-02-13T03:04:21+00:00,track,,,1,11617756321
21164713,3,2022-05-13T08:58:10+00:00,track,,,2,9737183263 9737183424
21164719,3,2024-12-15T00:55:43+00:00,track,,,1,12423612648
21164739,4,2023-06-13T13:52:38+00:00,track,,,1,10973912878
21164775,12,2025-01-26T21:45:29+00:00,unclassified,I 10 Service Road,,1,12535046051
21164800,3,2024-02-22T23:45:35+00:00,track,,,4,11654786971 11654786974 11654786973 11654786972
21164819,2,2025-03-27T19:56:49+00:00,residential,,,1,12705794073
21164822,6,2025-03-12T18:32:26+00:00,residential,University Road,,1,11981239373
21164891,3,2024-05-03T21:40:52+00:00,track,,,1,11877514613
21164940,3,2026-03-25T01:00:16+00:00,track,,,2,13676582223 13676582220
21164961,3,2026-03-25T01:00:16+00:00,track,,,2,13676582218 13676582199
21164976,2,2020-05-09T03:36:02+00:00,track,,,1,227654362
21164983,3,2026-03-25T01:00:16+00:00,track,,,2,13676582153 13676582200
21164999,3,2026-04-09T19:43:00+00:00,track,,,1,13719430751
21165045,3,2023-06-13T13:52:38+00:00,track,,,3,10973912877 10973912876 10973912875
21165077,3,2024-12-15T00:55:43+00:00,track,,,1,12423612651
21165139,4,2024-10-28T18:25:48+00:00,track,,,2,12294449489 11308067518
21165174,3,2024-02-13T16:31:55+00:00,track,,,1,11619070515
21165202,3,2024-02-13T03:04:21+00:00,track,,,1,11617756320
21165262,6,2025-03-28T14:59:16+00:00,residential,,,1,12705794438
21165299,3,2023-06-13T13:52:38+00:00,track,,,1,10973912879
21165393,3,2025-09-16T20:22:45+00:00,service,,,3,13148143931 13148143947 13148143949
21165399,3,2026-02-09T18:41:21+00:00,track,,,1,13537567267
21165405,5,2024-09-06T15:05:09+00:00,track,,,2,11657304204 12160336629
21165418,4,2025-09-16T20:22:45+00:00,service,,,1,13148143948
21165464,5,2026-03-17T15:19:28+00:00,track,,,7,11617756317 227661143 11945716171 11945716172 11945716173 13655238902 13655238903
21165540,3,2024-02-13T16:31:55+00:00,track,,,1,11619070514
21165575,5,2024-10-28T18:25:48+00:00,track,,,2,12294449174 12255218252
21165656,5,2024-12-23T19:52:56+00:00,track,,,1,12445043336
21165771,3,2024-12-20T14:22:06+00:00,track,,,2,12436961108 12436961106
21165851,3,2023-06-13T13:52:38+00:00,track,,,1,10973912880
21165863,3,2024-10-28T18:25:48+00:00,track,,,1,12294449176
21165885,3,2024-12-20T14:22:06+00:00,track,,,1,12436961103
21165900,3,2024-10-28T18:25:48+00:00,track,,,1,12294449175
21165944,4,2024-10-16T14:25:07+00:00,track,,,1,12255218254
21165953,5,2026-03-27T17:04:11+00:00,track,,,1,12255218256
21166000,4,2022-05-13T09:18:22+00:00,track,,,2,9737226768 9737226677
21166022,3,2022-05-13T09:31:19+00:00,track,,,3,9737256849 9737256870 9737256902
21166072,3,2024-02-23T16:54:29+00:00,track,,,1,11657268864
21166085,4,2024-10-16T14:25:07+00:00,track,,,1,12255218152
21166220,4,2020-02-09T22:58:39+00:00,track,,,1,7198929755
21166230,7,2026-02-21T14:23:42+00:00,track,,,1,12255218151
21166249,2,2020-05-09T03:36:02+00:00,track,,,1,227672229
21166300,3,2020-02-10T01:31:51+00:00,track,,,1,7199064605
21166306,3,2024-04-11T15:31:12+00:00,track,,,1,11809847865
21166328,3,2025-03-25T21:40:24+00:00,track,,,1,12700592819
21166332,4,2026-03-17T15:19:28+00:00,track,,,1,13655238934
21166459,4,2024-10-16T14:25:07+00:00,track,,,1,12255218156
21166468,3,2024-12-20T14:50:17+00:00,track,,,1,12436998362
21166475,4,2026-04-09T19:43:00+00:00,track,,,3,13719430862 11657268863 11657268862
21166479,3,2024-12-22T14:43:25+00:00,track,,,1,12441645518
21166529,3,2024-12-20T14:22:06+00:00,track,,,1,12436961163
21166534,3,2025-03-25T21:40:24+00:00,track,,,1,12700592790
21166538,3,2024-12-22T14:43:25+00:00,track,,,1,12441642291
21166576,3,2024-12-22T14:43:25+00:00,track,,,1,12441645519
21166609,5,2026-03-27T17:04:11+00:00,track,,,1,12255218257
21166749,5,2025-03-28T18:42:27+00:00,track,,,1,12708196489
21166751,3,2024-05-03T20:43:58+00:00,track,,,1,11877385688
21166757,5,2024-12-23T19:52:56+00:00,track,,,1,12445043351
21166802,4,2025-03-19T21:55:11+00:00,track,,,1,7199064685
21166826,2,2025-09-16T20:22:45+00:00,service,,,2,13148147756 13148147757
21166849,5,2025-03-28T18:35:42+00:00,track,,,1,12708185832
21166872,3,2024-12-22T14:43:25+00:00,track,,,1,12441645512
21167106,4,2024-06-14T16:14:34+00:00,track,,,1,11981239401
21167185,4,2024-12-23T16:46:00+00:00,track,,,1,12444655422
21167266,4,2024-05-03T21:50:08+00:00,track,,,3,11877514681 11877524770 11877524769
21167320,3,2024-09-06T15:05:09+00:00,track,,,1,12160336623
21167333,3,2024-06-14T16:20:15+00:00,track,,,1,11981251598
21167353,3,2024-12-22T14:27:12+00:00,track,,,1,12441628684
21167357,3,2024-12-22T14:27:12+00:00,track,,,1,12441628683
21167368,3,2024-12-22T14:27:12+00:00,track,,,1,12441628600
21167378,4,2024-12-24T16:13:17+00:00,track,,,2,12449738231 12441628682
21167442,3,2024-02-13T16:31:55+00:00,track,,,1,11619070533
21167528,4,2026-03-25T01:00:16+00:00,track,,,1,12441645554
21167555,5,2025-05-14T20:25:31+00:00,track,,,1,10944519311
21167590,4,2025-01-26T16:59:44+00:00,track,,,1,12534386691
21167596,4,2024-02-23T16:54:29+00:00,track,,,1,11657304189
21167621,3,2024-12-20T15:02:53+00:00,track,,,1,12437014877
21167643,3,2024-12-23T19:52:56+00:00,track,,,1,12445043353
21167672,2,2025-09-16T20:22:45+00:00,service,,,5,13148147742 13148147743 13148147744 13148147745 13148147746
21167737,5,2026-08-09T16:35:09+00:00,service,,,1,12456283994
21167757,2,2023-06-01T17:52:13+00:00,service,,,1,10944528237
21167855,3,2024-12-20T15:02:53+00:00,track,,,1,12437014867
21167866,3,2024-12-20T21:43:47+00:00,track,,,1,12437686609
21167895,5,2026-04-09T16:04:44+00:00,service,,,1,12009805365
21167968,5,2024-12-23T19:52:56+00:00,track,,,1,12445043333
21167998,3,2024-12-20T14:22:06+00:00,track,,,1,12436961075
21168022,5,2024-12-23T19:52:56+00:00,track,,,1,12445043340
21168060,4,2026-04-09T16:04:44+00:00,track,,,3,12009805284 12009805285 12009805330
21168074,2,2023-06-01T17:48:32+00:00,service,,,1,10944525237
21168221,4,2024-12-20T21:43:47+00:00,track,,,1,12437686685
21168238,3,2025-01-09T17:21:44+00:00,service,,,6,12486889569 12486889568 12486889567 12486914650 12486914649 12486914644
21168255,4,2025-01-09T17:21:44+00:00,service,,,2,12486914648 12486914647
21168264,7,2025-04-03T21:15:13+00:00,residential,County Road 16,,1,12726917271
21168355,5,2024-12-23T19:52:56+00:00,track,,,1,12445043350
21168358,5,2024-12-23T19:52:56+00:00,track,,,1,12445043347
21168370,3,2026-03-13T18:43:01+00:00,service,,,1,13645888074
21168399,3,2026-04-09T16:04:44+00:00,service,,,1,10944519306
21168575,3,2023-06-01T17:48:32+00:00,track,,,1,10944525236
21168715,3,2026-04-09T16:04:44+00:00,service,,,1,10944552804
21168724,5,2026-07-29T07:27:32+00:00,service,,,1,14057917111
21168757,4,2024-12-22T14:27:12+00:00,track,,,2,12441628532 12431267011
21168783,3,2023-06-01T17:48:32+00:00,track,,,1,10944525235
21168821,4,2024-12-15T00:55:43+00:00,track,,,1,12423612218
21168840,4,2026-04-09T16:04:44+00:00,service,,,2,12009805409 12009807467
21168842,3,2024-12-23T19:52:56+00:00,track,,,1,12445043355
21168846,4,2024-03-12T15:12:06+00:00,service,,,1,11724875143
21168862,3,2024-12-23T19:52:56+00:00,track,,,1,12445043357
21168898,12,2026-08-09T08:06:03+00:00,service,,,1,12535021146
21168913,4,2026-04-09T16:04:44+00:00,service,,,1,12009810259
21168932,3,2024-12-22T14:27:12+00:00,track,,,1,12441628533
21168952,4,2024-12-18T16:51:00+00:00,track,,,1,12431267057
21168960,3,2024-03-12T15:12:06+00:00,track,,,1,11724875281
21168963,3,2023-06-01T17:52:13+00:00,track,,,1,10944528234
21168973,2,2024-03-12T15:12:06+00:00,service,,,1,11724875278
21168980,3,2020-05-09T03:36:02+00:00,track,,,1,223775413
21168995,3,2024-03-12T15:12:06+00:00,track,,,1,11724875277
21169014,3,2024-03-12T15:12:06+00:00,track,,,1,11724875279
21169038,4,2026-08-09T08:06:03+00:00,service,,,1,12535021190
21169081,3,2024-12-15T00:55:43+00:00,service,,,2,12423612631 12423612630
21169093,4,2026-09-21T05:53:38+00:00,service,,,1,12436998401
21169108,3,2026-04-09T16:04:44+00:00,service,,,2,12009805385 12009805384
21169125,4,2024-02-13T16:31:55+00:00,track,,,1,11619070516
21169193,5,2023-06-26T12:53:28+00:00,service,,,1,11007720431
21169231,3,2023-06-26T12:53:28+00:00,track,,,1,11007720488
21169248,5,2026-04-09T16:04:44+00:00,service,,,2,12009805282 12009805283
21169498,4,2024-02-13T16:31:55+00:00,track,,,1,11619070494
21169525,3,2026-01-27T21:46:28+00:00,service,,,1,13505176075
21169602,3,2026-04-09T16:04:44+00:00,service,,,1,10944552807
21169690,6,2024-02-13T16:31:55+00:00,track,,,1,11619070534
21169754,4,2024-06-25T15:24:05+00:00,track,,,1,12009805281
21169809,11,2025-06-15T14:46:48+00:00,residential,County Road 21,,1,12726917027
21169859,3,2024-03-12T15:12:06+00:00,track,,,1,11724875549
21169930,3,2024-02-13T16:31:55+00:00,track,,,2,11619070496 11619070495
21169975,4,2026-09-17T22:47:04+00:00,service,,,1,12423612623
21169996,3,2024-10-21T19:48:10+00:00,service,,,2,12277280906 12277266600
21170009,3,2024-08-24T17:12:20+00:00,track,,,1,12134222471
21170028,4,2024-02-13T16:31:55+00:00,track,,,1,11619070536
21170070,6,2025-04-03T21:00:08+00:00,residential,County Road 24,,1,12726897246
21170078,3,2025-01-23T17:22:54+00:00,track,,,1,12526823361
21170159,6,2025-04-03T21:00:08+00:00,residential,County Road 25,,1,12726897131
21170165,3,2024-03-12T15:12:06+00:00,track,,,3,11724875442 11724875340 11724875439
21170178,4,2024-12-25T20:41:01+00:00,track,,,1,12451729847
21170185,2,2026-03-13T18:43:01+00:00,track,,,1,13645888280
21170281,4,2024-10-21T19:48:10+00:00,service,,,3,12277266538 12277280916 12277280939
21170324,2,2026-04-09T16:04:44+00:00,service,,,1,13718960994
21170338,7,2026-02-18T19:21:42+00:00,residential,County Road 29,,1,13577772055
21170340,3,2026-04-09T16:04:44+00:00,service,,,1,10944552806
21170375,4,2025-12-02T23:53:05+00:00,track,,,3,13348923823 13348923822 13348923801
21170394,4,2026-04-09T16:04:44+00:00,service,,,2,10944552805 10944552803
21170479,3,2024-08-24T17:12:20+00:00,track,,,1,12134222470
21170788,2,2026-04-09T16:04:44+00:00,service,,,1,227735884
21170814,2,2026-02-02T16:10:02+00:00,service,,,1,13519851611
21171078,3,2026-04-11T14:48:53+00:00,track,,,1,13723222404
21171092,4,2025-08-18T17:14:29+00:00,track,,,1,13078405709
21171134,4,2026-02-02T16:10:02+00:00,service,,,1,13507729553
21171164,3,2024-12-20T14:22:06+00:00,track,,,2,12436961176 12436961185
21171172,2,2025-08-18T17:14:29+00:00,service,,,1,13078405759
21171177,3,2024-12-20T14:22:06+00:00,track,,,1,12436961186
21171245,3,2024-12-15T00:55:43+00:00,service,,,1,12423612624
21171264,3,2024-08-24T17:12:20+00:00,track,,,2,12134222473 12134222472
21171286,3,2026-02-12T15:57:11+00:00,track,,,1,13546584136
21171288,3,2026-02-12T15:57:11+00:00,track,,,1,13546584137
21171302,3,2026-02-12T15:57:11+00:00,track,,,1,13546584138
21171328,4,2026-02-12T15:57:11+00:00,track,,,1,13546584139
21171373,5,2024-12-23T19:52:56+00:00,track,,,1,12445043337
21171379,5,2024-12-23T19:52:56+00:00,track,,,1,12445043338
21171619,3,2025-05-20T16:07:25+00:00,track,,,2,12851298126 12851298113
21171718,4,2025-08-18T17:14:29+00:00,track,,,6,13078405666 13078405665 13078405651 13078405625 13078405624 13078405623
21171756,4,2026-08-02T16:57:27+00:00,track,,,1,13723222399
21171988,3,2024-12-20T14:22:06+00:00,track,,,1,12436961148
21171999,4,2024-12-27T16:51:40+00:00,track,,,2,12456264534 12160336605
21172029,4,2025-08-18T17:14:29+00:00,track,,,1,13078405652
21172045,3,2024-02-13T16:31:55+00:00,track,,,3,11619070509 11619070511 11619070510
21172063,3,2025-12-02T23:53:05+00:00,track,,,1,13348905686
21172161,3,2025-01-23T17:22:54+00:00,track,,,2,12526823415 12526823414
21172216,3,2026-08-30T18:04:34+00:00,track,,,1,14135522453
21172365,3,2024-08-02T22:54:22+00:00,track,,,1,12089703101
21172385,3,2024-08-02T22:39:32+00:00,track,,,1,12089691528
21172396,3,2024-12-20T14:22:06+00:00,track,,,1,12436961165
21172490,3,2025-08-18T17:14:29+00:00,service,,,1,13078405785
21172515,4,2025-08-18T17:14:29+00:00,track,,,1,13078405786
21172608,4,2024-12-27T16:51:40+00:00,track,,,1,12160336607
21172629,3,2024-02-13T03:04:21+00:00,track,,,4,11617756312 11617756315 11617756314 11617756313
21172692,4,2024-04-11T15:31:12+00:00,track,,,1,11809847770
21172699,4,2024-04-11T15:19:53+00:00,track,,,1,11809815918
21172764,3,2023-05-24T13:22:41+00:00,track,,,1,10924110855
21172821,4,2024-06-14T16:20:15+00:00,track,,,1,11981251600
21172865,3,2024-11-14T16:30:04+00:00,track,,,1,12339704472
21172918,3,2024-04-11T15:28:04+00:00,track,,,1,11809832875
21173079,3,2024-08-02T22:39:32+00:00,track,,,1,12089691560
21173092,3,2024-12-20T14:22:06+00:00,track,,,1,12436961202
21173144,5,2024-12-14T01:09:52+00:00,track,,,1,11981239441
21173258,4,2024-06-14T16:20:15+00:00,service,,,1,11981251602
21173312,4,2024-02-29T18:56:14+00:00,track,,,15,11677807930 11677807931 11677807929 11677807927 11677808063 11677808064 11677808067 11677808066 11677808065 11654786976 11654786978 11654786977 11654786981 11654786980 11654786979
21173375,5,2024-12-14T01:09:52+00:00,track,,,2,12339704517 12421837171
21173476,4,2026-02-09T15:34:02+00:00,track,,,2,11809847867 13537114882
21173493,3,2024-04-11T15:31:12+00:00,track,,,1,11809847866
21173522,3,2024-05-30T18:01:10+00:00,track,,,1,11945716174
21173545,5,2024-11-14T16:30:04+00:00,service,,,1,12339704471
21173599,5,2024-02-29T19:01:04+00:00,track,,,16,11677813546 11677813545 11677807928 227773458 227773499 11677790763 11677790764 11677790765 11677813770 11677813771 11677813774 11677813773 11677813772 227773760 11677813769 11677813706
21173645,3,2024-04-11T15:40:56+00:00,track,,,1,11809865995
21173773,3,2023-05-24T13:22:41+00:00,track,,,3,10924110851 10924110853 10924110854
21173791,3,2025-03-12T18:32:26+00:00,track,,,1,12657107610
21174057,3,2026-09-21T05:53:38+00:00,service,,,5,12423612661 12423612640 12423612662 12423612638 12423612637
21174157,5,2026-02-19T02:15:38+00:00,service,,,2,13578408940 13578408950
21174166,2,2024-06-25T15:28:40+00:00,service,,,1,12009810375
21174188,3,2024-02-22T23:45:35+00:00,track,,,3,11654786986 11654786988 11654786987
21174240,3,2026-04-11T14:48:53+00:00,track,,,1,227781481
21174345,3,2024-05-30T18:01:10+00:00,track,,,2,11945716326 11945716176
21174374,2,2024-06-25T15:28:40+00:00,service,,,2,12009810245 12009810316
21174386,4,2026-08-02T23:20:36+00:00,service,,,2,14069362565 13507729546
21174406,3,2026-04-09T16:04:44+00:00,service,,,1,12009810192
21174436,3,2024-06-14T16:14:34+00:00,track,,,1,11981239375
21174442,3,2024-06-14T16:14:34+00:00,track,,,1,11981239374
21174590,3,2026-06-21T23:54:36+00:00,residential,,,1,13956520505
21174763,3,2025-08-18T17:14:29+00:00,track,,,1,13078405806
21174875,4,2026-02-09T15:34:02+00:00,track,,,2,11809847869 13537114883
21174908,3,2026-06-23T14:09:50+00:00,residential,,,1,13960111461
21174928,4,2026-04-09T16:04:44+00:00,service,,,1,12009805410
21175061,3,2025-03-12T18:32:26+00:00,track,,,1,12657107786
21175122,3,2024-08-02T22:39:32+00:00,track,,,1,12089691577
21175152,3,2024-08-02T22:39:32+00:00,track,,,2,12089691575 12089691576
21175220,3,2026-04-11T14:48:53+00:00,track,,,1,13723222411
21175226,3,2026-04-09T17:53:14+00:00,track,,,1,13719176279
21175269,3,2026-04-11T14:48:53+00:00,track,,,1,13723222408
21175344,2,2017-04-04T02:48:36+00:00,track,,,1,227795237
21175378,4,2026-09-20T16:36:49+00:00,track,,,1,12436991109
21175411,7,2026-08-13T05:53:59+00:00,service,,,1,12535032293
21175443,4,2026-03-25T00:39:11+00:00,track,,,1,12792133756
21175486,3,2024-11-14T16:30:04+00:00,track,,,1,12339704442
21175599,3,2024-08-02T22:39:32+00:00,track,,,1,12089691531
21175618,3,2026-02-12T15:57:11+00:00,track,,,1,13546584205
21175634,3,2024-08-02T22:33:32+00:00,track,,,1,12089685209
21175654,4,2024-12-15T00:55:43+00:00,residential,,,1,12423612217
21175696,5,2026-07-23T11:51:36+00:00,service,,,1,13723238320
21175785,3,2024-08-02T22:33:32+00:00,track,,,2,227799627 12089685155
21175820,3,2021-07-06T20:55:36+00:00,track,,,1,8899080271
21175872,3,2026-03-27T17:04:11+00:00,track,,,1,13685145908
21175939,5,2026-09-20T19:19:12+00:00,service,,,1,13723222390
21176089,4,2025-03-12T18:40:36+00:00,track,,,2,12657122758 12657108305
21176145,3,2025-10-26T19:57:06+00:00,track,,,1,227803527
21176203,3,2024-05-07T13:47:35+00:00,track,,,1,11886689049
21176301,3,2024-06-14T16:14:34+00:00,track,,,1,11981239402
21176335,4,2024-10-28T18:25:48+00:00,track,,,1,12294449172
21176366,3,2024-08-02T22:33:32+00:00,track,,,1,12089685131
21176379,2,2021-07-06T20:55:36+00:00,residential,,,1,8899080288
21176443,3,2024-05-02T07:30:18+00:00,track,,,1,11873569691
21176547,3,2025-05-20T16:07:25+00:00,track,,,1,12851298115
21176662,3,2025-01-23T17:22:54+00:00,track,,,1,12526823364
21176680,3,2024-05-07T13:47:35+00:00,track,,,1,11886692349
21176697,3,2024-12-15T00:55:43+00:00,track,,,1,12423612646
21176741,3,2025-05-20T16:07:25+00:00,track,,,4,12851298191 12851298213 12851298178 12851298177
21176968,4,2025-03-12T18:40:36+00:00,track,,,1,12657108319
21176975,3,2025-03-12T18:32:26+00:00,track,,,1,12657107646
21176989,4,2026-09-20T16:36:49+00:00,track,,,2,12436991108 12436991126
21177026,4,2026-09-20T16:36:49+00:00,service,,,1,12436991124
21177043,6,2026-02-21T03:21:31+00:00,track,,,1,12792033977
21177386,4,2024-12-24T16:13:17+00:00,track,,,1,12431267064
21177434,2,2023-05-24T13:22:41+00:00,service,,,2,10924091974 10924110850
21177449,5,2024-12-24T16:13:17+00:00,track,,,1,12441628534
21177468,4,2024-12-24T16:13:17+00:00,track,,,1,12449750508
21177639,3,2024-08-24T17:12:20+00:00,track,,,1,12134222282
21177658,4,2025-02-01T17:02:14+00:00,track,,,1,227818962
21177698,4,2024-08-24T17:12:20+00:00,track,,,1,12134222207
21178145,3,2024-05-07T13:47:35+00:00,track,,,1,11886689051
21178185,4,2024-05-07T13:47:35+00:00,track,,,2,11886689053 11886689052
21178401,4,2024-12-20T21:43:47+00:00,track,,,1,11654786975
21178593,3,2024-12-25T20:41:01+00:00,track,,,1,12451729871
21178608,3,2025-01-23T17:22:54+00:00,track,,,1,12526823389
21178639,2,2023-05-24T13:22:41+00:00,service,,,1,10924110852
21178832,4,2026-03-25T00:39:11+00:00,track,,,2,12792133757 13676562811
21178848,3,2024-02-13T16:31:55+00:00,track,,,3,11619070506 11619070507 11619070505
21178918,3,2025-01-23T17:22:54+00:00,track,,,1,12526823387
21178967,3,2025-03-12T18:32:26+00:00,track,,,1,12657108323
21179002,3,2025-03-12T18:32:26+00:00,track,,,1,12657108326
21179046,3,2024-12-22T14:27:12+00:00,track,,,1,12441628529
21179121,3,2024-08-24T17:12:20+00:00,track,,,1,12134222206
21179122,4,2020-09-14T14:47:53+00:00,track,North Girl Scout Road,,1,6384509826
21179422,3,2024-12-15T01:01:07+00:00,track,,,1,12423615542
21179480,3,2024-12-22T14:27:12+00:00,track,,,1,12441628546
21179515,3,2024-10-28T18:25:48+00:00,track,,,2,12294449430 12294449412
21179540,3,2026-03-17T15:19:28+00:00,track,,,1,13655238933
21179604,3,2025-03-12T18:32:26+00:00,track,,,1,12657108336
21179728,3,2024-02-13T16:31:55+00:00,track,,,1,11619070497
21179960,3,2024-12-22T14:27:12+00:00,track,,,1,12441628535
21180015,6,2026-03-27T17:04:11+00:00,track,,,4,13546584204 12255218265 13685145927 13685146163
21180041,5,2024-02-13T16:31:55+00:00,track,,,1,11619070519
21180216,3,2025-09-16T20:22:45+00:00,track,,,1,13148147800
21180332,3,2024-12-20T21:43:47+00:00,track,,,1,12437686658
21180390,6,2024-12-23T19:52:56+00:00,track,,,1,12445043332
21180471,3,2025-01-26T21:45:29+00:00,track,,,1,12535036988
21180538,3,2024-02-13T03:04:21+00:00,track,,,1,11617756319
21180574,3,2024-12-20T14:43:26+00:00,track,,,1,12436991161
21180710,4,2025-09-16T20:22:45+00:00,track,,,2,13148147798 13148147799
21180860,3,2024-10-28T18:25:48+00:00,track,,,2,12294449413 12294449193
21180948,3,2025-01-18T17:14:02+00:00,track,,,1,12512562332
21181000,2,2025-09-16T20:22:45+00:00,service,,,1,13148147758
21181048,2,2023-06-01T17:48:32+00:00,service,,,1,10944525238
21181266,5,2026-07-23T23:49:50+00:00,track,,,1,12436961021
21181457,3,2024-10-16T14:25:07+00:00,track,,,1,12255218154
21181521,3,2024-02-13T16:31:55+00:00,track,,,1,11619070504
21181746,5,2026-03-27T17:04:11+00:00,track,,,4,13685146169 13685145907 12255218258 13546584203
21181881,3,2025-09-16T20:22:45+00:00,track,,,1,13148147997
21182250,3,2024-09-06T15:05:09+00:00,track,,,1,12160336606
21182401,3,2024-12-24T16:13:17+00:00,track,,,1,12449750499
21182436,3,2024-02-13T16:31:55+00:00,track,,,1,11619070529
21182445,3,2024-02-13T16:31:55+00:00,track,,,1,11619070531
21182558,3,2024-06-14T16:20:15+00:00,track,,,1,11981251599
21182667,3,2024-12-20T14:22:06+00:00,track,,,1,12436961104
21182746,3,2024-10-21T19:48:10+00:00,service,,,1,12277280938
21182842,6,2025-03-30T22:51:22+00:00,track,,,1,12714796596
21182899,2,2020-05-09T03:36:02+00:00,track,,,1,227864054
21182995,3,2024-12-18T16:51:00+00:00,track,,,1,12431267012
21182998,3,2024-05-02T07:30:18+00:00,track,,,1,11873569601
21183069,5,2024-12-23T19:52:56+00:00,track,,,1,12445043352
21183121,4,2024-02-13T16:31:55+00:00,track,,,1,11619070537
21183168,3,2024-12-18T16:51:00+00:00,track,,,1,12431267063
21183184,3,2024-06-25T15:24:05+00:00,track,,,2,12009805316 12009805315
21183195,3,2024-06-25T15:24:05+00:00,track,,,1,12009805331
21183258,4,2023-06-01T17:41:01+00:00,track,,,1,10944519216
21183260,3,2024-12-20T15:02:53+00:00,track,,,1,12437014864
21183372,4,2020-12-26T19:26:22+00:00,track,,,1,223648216
21183386,3,2024-03-12T15:12:06+00:00,track,,,1,11724875276
21183449,4,2026-04-09T16:04:44+00:00,service,,,1,12009807458
21183545,3,2023-06-26T12:53:28+00:00,track,,,1,11007720515
21183667,3,2024-12-15T00:55:43+00:00,track,,,1,12423612627
21183714,3,2023-06-26T12:53:28+00:00,track,,,1,11007720432
21183745,4,2026-04-09T16:04:44+00:00,service,,,1,12277280980
21183982,3,2024-03-12T15:12:06+00:00,track,,,1,11724875280
21184039,8,2025-03-31T15:25:53+00:00,track,,,1,12716450952
21184195,3,2024-03-12T15:12:06+00:00,track,,,1,11724875548
21184329,4,2024-02-13T16:31:55+00:00,track,,,1,11619070508
21184547,3,2025-01-23T17:22:54+00:00,track,,,1,12526823419
21184606,3,2023-06-01T17:52:13+00:00,track,,,1,10944528233
21184783,3,2024-03-12T15:12:06+00:00,track,,,3,11724875441 11724875440 11724875438
21184813,3,2025-12-02T23:53:05+00:00,track,,,1,13348905687
21184960,3,2024-12-20T14:22:06+00:00,track,,,1,12436961166
21185087,2,2016-11-25T23:04:54+00:00,track,,,1,4522165518
21185109,5,2024-08-09T18:54:55+00:00,track,,,3,12101238548 227883615 227883642
21185174,5,2025-04-07T18:30:29+00:00,residential,Union Springs Road,,1,12737281148
21185175,3,2026-02-19T16:00:18+00:00,track,,,4,13581140777 13581140778 13581140779 13581140714
21185212,3,2025-05-20T16:07:25+00:00,track,,,1,12851298114
21185560,3,2024-12-20T14:22:06+00:00,track,,,1,12436961153
21185723,4,2024-02-23T16:54:29+00:00,track,,,1,11657268865
21185784,3,2026-02-19T16:00:18+00:00,track,,,1,13581140792
21186373,3,2024-04-11T15:28:04+00:00,track,,,1,11809832876
21186679,2,2026-07-08T14:50:37+00:00,track,,,1,13997842720
21186698,8,2024-12-20T21:43:47+00:00,track,,,1,12437686640
21186746,4,2024-02-29T19:01:04+00:00,track,,,1,11677813547
21186795,5,2021-05-07T03:24:03+00:00,residential,River Park Drive,,1,7187117224
21186835,3,2025-03-12T18:32:26+00:00,track,,,2,12657107772 12657107760
21186862,3,2024-04-11T15:39:13+00:00,track,,,1,11809864496
21186938,4,2024-05-30T18:01:10+00:00,track,,,2,11945716285 11945716175
21186951,3,2024-08-02T22:39:32+00:00,track,,,2,12089691529 12089691530
21186970,3,2025-03-30T20:39:33+00:00,track,,,1,12714590412
21187003,4,2024-12-17T22:00:10+00:00,track,,,2,12427594116 12427594117
21187006,3,2024-12-22T15:10:59+00:00,track,,,1,12441702273
21187052,3,2024-02-22T23:45:35+00:00,track,,,3,11654786982 11654786984 11654786983
21187194,3,2024-04-11T15:31:12+00:00,track,,,2,11809847868 227899960
21187321,4,2022-05-14T04:20:07+00:00,track,South Girl Scout Road,,1,9738879474
21187342,3,2026-03-27T17:04:11+00:00,track,,,1,13685146167
21187370,3,2024-12-15T00:55:43+00:00,track,,,1,12423612645
21187386,3,2024-12-22T15:10:59+00:00,track,,,1,12441702292
21187594,4,2024-05-07T13:47:35+00:00,track,,,3,11886689054 11724875546 11724875547
21187639,3,2025-03-12T18:32:26+00:00,track,,,1,12657107638
21187664,2,2024-08-02T22:33:32+00:00,service,,,1,12089685203
21187678,3,2024-08-02T22:33:32+00:00,service,,,1,12089685204
21187687,3,2024-06-14T16:14:34+00:00,track,,,2,11981239372 11981239371
21187689,3,2026-03-27T17:04:11+00:00,track,,,1,13685146160
21187694,4,2026-04-11T14:48:53+00:00,track,,,1,13723222409
21187698,4,2025-10-26T20:27:34+00:00,track,,,1,11886689050
21187707,3,2024-08-02T22:33:32+00:00,track,,,1,12089685132
21187730,3,2024-08-02T22:33:32+00:00,track,,,1,12089685156
21187760,3,2024-08-02T22:33:32+00:00,track,,,2,12089685208 12089685207
21187786,4,2026-08-01T05:07:24+00:00,service,,,1,13723222395
21187941,3,2025-05-20T16:07:25+00:00,track,,,1,12851298176
21187949,3,2024-12-24T16:13:17+00:00,track,,,1,12449738232
21188211,4,2024-08-24T17:12:20+00:00,track,,,1,12134222209
21188315,3,2024-12-22T14:27:12+00:00,track,,,1,12441628554
21188792,4,2024-12-15T01:01:07+00:00,track,Gulf Road,,1,12423615546
21188821,8,2026-09-21T05:53:38+00:00,tertiary,Old Girvin Road,,1,12423612634
21188997,5,2026-03-25T01:00:16+00:00,unclassified,Old Alpine Highway,,2,12441645555 13676582156
21189144,4,2025-04-02T16:56:10+00:00,track,,,1,12723757618
21189201,4,2026-09-20T16:36:49+00:00,residential,East Dump Road,,1,12436991125
21189306,2,2010-04-07T14:40:12+00:00,residential,Harral Road,,1,227924903
21189337,3,2025-04-02T18:22:53+00:00,track,,,1,12723929477
21189410,3,2025-04-02T18:22:53+00:00,track,,,1,12723929423
21189765,22,2026-02-21T04:20:38+00:00,unclassified,Hovey Road,,1,12294449173
21189776,3,2025-04-02T18:22:53+00:00,track,,,1,12723929343
21189796,7,2025-03-30T20:39:33+00:00,residential,Triple South Trail,,1,12714590389
21189939,5,2026-03-25T00:39:11+00:00,residential,Kennedy Road,,1,12294449598
21189955,11,2026-08-09T20:00:26+00:00,service,,,1,11308067516
21190164,3,2025-04-02T18:22:53+00:00,track,,,1,12723929272
21190275,5,2026-04-09T16:04:44+00:00,residential,Gray Ranch Road,,1,13078405760
21190292,6,2024-12-22T14:27:12+00:00,track,Esca Lera Road,,1,12441628530
21190310,6,2024-12-20T21:43:47+00:00,residential,Esca Lera Road,,1,12431267001
21190348,5,2024-12-20T21:43:47+00:00,track,Esca Lera Road,,1,12437686660
21190388,3,2024-12-25T20:41:01+00:00,residential,Srangus Road,,1,12451729864
21190737,27,2025-06-02T06:13:25+00:00,primary,US Highway 385,US 385,2,12657107899 12657108337
21190771,3,2025-04-02T16:56:10+00:00,track,,,1,12723757496
21191049,6,2026-09-16T07:00:38+00:00,residential,Owego Road,,1,12423612647
21191148,5,2026-04-09T19:43:00+00:00,track,Longfellow Road,,1,13719430782
21191178,7,2026-02-19T16:00:18+00:00,track,Longfellow Road,,2,11886692345 13581140776
21191199,3,2025-04-02T18:22:53+00:00,track,,,1,12723929042
21191218,4,2025-05-20T16:07:25+00:00,track,Longfellow Road,,1,12851298125
21191296,4,2024-12-20T14:22:06+00:00,track,Seven Mile Road,,1,12436961201
21191403,3,2025-01-29T03:15:33+00:00,track,,,1,12540829844
21191541,6,2026-06-23T22:14:23+00:00,service,,,1,12427160719
21191589,3,2024-12-27T16:46:28+00:00,track,,,1,12456252716
21191700,4,2025-04-02T18:22:53+00:00,track,,,1,12723929057
21191764,4,2024-12-25T14:37:39+00:00,track,,,3,8870981850 8870981849 12451140553
21191971,4,2026-07-10T06:24:42+00:00,service,,,1,12427161028
21191979,4,2026-09-12T07:41:38+00:00,track,,,1,8870981944
21192123,4,2025-04-02T16:56:10+00:00,track,,,1,12723757540
21192224,6,2025-03-31T15:25:53+00:00,residential,Blessen Road,,1,12716451543
21192467,3,2026-09-22T17:45:23+00:00,track,,,2,14206883530 14206883471
21192482,3,2026-02-12T15:57:11+00:00,track,,,1,13546584010
21192579,8,2026-08-17T21:40:12+00:00,service,,,1,12438780389
21192612,3,2025-04-02T18:22:53+00:00,track,,,1,12723929036
21192744,3,2026-03-15T22:37:14+00:00,track,,,1,13650961969
21192820,4,2026-09-10T05:53:36+00:00,track,,,1,11760154854
21192898,3,2026-02-12T15:57:11+00:00,track,,,5,13546583932 13546583933 13546583934 13546583935 13546573690
21193015,3,2025-04-02T18:22:53+00:00,track,,,1,12723913582
21193020,3,2025-04-02T18:22:53+00:00,track,,,1,12723929056
21193161,4,2025-04-02T18:22:53+00:00,track,,,1,12723929041
21193195,3,2024-07-02T15:24:32+00:00,track,,,1,12029449934
21193221,5,2024-12-22T00:52:02+00:00,track,,,1,12439995635
21193241,3,2024-09-24T16:02:22+00:00,track,,,2,12197353689 12197353089
21193242,4,2025-01-24T20:49:12+00:00,service,,,1,12530145990
21193484,4,2025-01-24T20:49:12+00:00,service,,,1,12530146346
21193558,6,2026-07-04T06:12:20+00:00,tertiary,County Road 413,CR 413,1,12441803040
21193682,3,2024-12-22T16:02:05+00:00,track,,,1,12441803037
21193759,3,2026-03-15T22:37:14+00:00,track,,,1,13650961970
21194130,3,2026-09-22T17:45:23+00:00,track,,,1,14206883898
21194172,3,2026-09-22T17:45:23+00:00,track,,,2,14206883657 14206883531
21194198,7,2026-09-05T16:07:39+00:00,service,,,1,12197353690
21194214,2,2020-05-09T03:36:02+00:00,track,,,1,227988055
21194260,4,2024-10-16T14:25:07+00:00,track,,,1,12255218208
21194296,8,2026-09-22T18:10:20+00:00,unclassified,,,2,14206946336 14206884044
21194345,3,2026-09-22T17:45:23+00:00,track,,,3,14206883658 14206883659 227990484
21194347,3,2025-01-24T20:49:12+00:00,track,,,3,12530146305 12530146340 12530146308
21194353,3,2026-09-22T17:45:23+00:00,track,,,1,14206883896
21194389,3,2024-12-23T17:59:01+00:00,track,,,1,12444826818
21194469,3,2026-09-22T17:45:23+00:00,track,,,1,14206883897
21194543,4,2026-02-02T18:02:58+00:00,track,,,1,13520057493
21194581,6,2026-09-22T18:10:20+00:00,track,,,3,14206883984 14206883983 14206946338
21194601,3,2026-09-22T17:45:23+00:00,track,,,2,14206883727 14206883656
21194613,4,2026-09-10T22:01:51+00:00,track,,,2,12444527698 12444527863
21194621,6,2026-09-11T22:54:23+00:00,track,,,1,12444527862
21194722,6,2026-09-12T22:01:13+00:00,service,,,4,11086113729 12438831613 12441986083 12451189595
21194760,3,2026-09-08T22:19:52+00:00,service,,,2,14165086063 14165086080
21195061,10,2026-07-09T11:44:39+00:00,service,,,1,12426323661
21195198,2,2025-02-24T20:17:53+00:00,residential,C R 1242,,1,12616581309
21195290,5,2026-02-26T15:41:49+00:00,track,,,1,13602980291
21195312,4,2024-12-22T01:07:30+00:00,service,,,1,12440052832
21195351,3,2026-06-24T11:25:55+00:00,track,,,1,5880358010
21195757,3,2025-01-24T20:49:12+00:00,track,,,1,12530146367
21195870,3,2025-01-24T20:49:12+00:00,track,,,1,12530146320
21195871,4,2026-09-12T22:01:13+00:00,service,,,1,11086113728
21195872,4,2025-01-24T20:49:12+00:00,service,,,1,12530146127
21196105,5,2026-08-02T01:40:42+00:00,track,,,2,13655637634 14067349858
21196196,3,2025-02-21T16:49:22+00:00,residential,County Road 4225,,1,12607360170
21196308,9,2026-07-03T11:09:31+00:00,service,,,1,12456283986
21196339,7,2026-05-25T04:59:32+00:00,service,,,1,12453170764
21196535,3,2025-01-24T20:49:12+00:00,track,,,1,12530146339
21196541,15,2026-06-20T23:39:47+00:00,service,,,1,13936731153
21196678,6,2026-02-26T16:05:29+00:00,track,,,1,13603028425
21196793,4,2024-05-07T13:50:55+00:00,track,,,1,11886699762
21196910,3,2024-12-24T16:54:49+00:00,track,,,1,12449813094
21196930,6,2026-07-15T04:02:07+00:00,service,,,1,12426323523
21196969,4,2026-04-20T09:57:20+00:00,track,,,1,12444801888
21197019,2,2025-02-22T19:38:39+00:00,residential,County Road 1112,,1,12610412951
21197095,4,2024-12-24T16:35:54+00:00,track,,,1,12449744446
21197109,3,2024-12-23T17:59:01+00:00,track,,,1,12444826941
21197119,3,2024-12-23T17:59:01+00:00,track,,,1,12444826943
21197178,4,2025-04-02T18:22:53+00:00,residential,North Entrance Road,,1,12723929350
21197187,3,2026-09-22T17:45:23+00:00,track,,,3,14206883982 14206883895 14206883773
21197202,6,2025-04-02T16:56:10+00:00,track,North Entrance Road,,1,12723757463
21197214,4,2024-12-24T16:35:54+00:00,track,,,1,12449744494
21197325,3,2024-12-23T17:45:52+00:00,track,,,2,12444801885 12444801886
21197437,4,2025-02-22T19:31:08+00:00,track,County Road 1130,,1,12610402463
21197438,3,2026-03-23T13:28:35+00:00,residential,Lone Wolf Road,,1,13671784506
21197661,3,2024-12-23T17:59:01+00:00,track,,,1,12444826931
21198066,3,2024-12-24T16:35:54+00:00,track,,,1,12449744493
21198079,4,2026-02-26T20:16:49+00:00,track,,,1,13603665029
21198106,9,2024-12-24T16:54:49+00:00,track,,,1,12449813020
21198209,3,2024-12-26T14:55:03+00:00,track,,,1,12453170709
21198212,5,2026-09-12T01:44:41+00:00,track,,,1,12453170793
21198220,3,2026-02-26T01:47:59+00:00,track,,,1,13599840308
21198258,4,2026-07-29T15:46:40+00:00,track,,,2,14059039784 12029430965
21198332,3,2026-09-12T20:42:49+00:00,service,,,1,14175917052
21198351,3,2024-12-24T16:54:49+00:00,track,,,1,12449813064
21198371,6,2024-12-23T13:54:03+00:00,residential,North 2nd Street,,2,228106974 12444334251
21198377,3,2024-12-27T16:46:28+00:00,service,,,1,12456252717
21198505,5,2026-02-21T17:56:52+00:00,track,,,1,12449813100
21198545,5,2026-04-08T10:12:45+00:00,track,,,1,12444334207
21198851,4,2024-12-27T16:46:28+00:00,track,,,1,12456252710
21198941,3,2026-07-29T15:53:05+00:00,track,,,1,14059051410
21198976,8,2026-07-12T03:44:09+00:00,service,,,1,12427161040
21199066,9,2026-07-18T16:04:11+00:00,service,,,1,12427161041
21199351,4,2026-07-10T06:24:42+00:00,service,,,1,12427161027
21199583,4,2025-02-10T19:23:54+00:00,service,,,1,12575281408
21199795,3,2024-10-16T14:25:07+00:00,track,,,1,12255218209
21199850,4,2024-06-27T23:35:01+00:00,track,K C Ranch Road,,1,151317530
21199856,3,2025-02-10T19:23:54+00:00,track,,,1,12575278940
21200326,3,2021-10-21T01:48:32+00:00,track,,,1,9188735569
21200543,3,2019-09-26T04:57:39+00:00,residential,,,1,6824586473
21200582,5,2026-09-12T20:42:49+00:00,track,,,1,13655637689
21200601,4,2026-06-24T11:25:55+00:00,track,,,1,13184528256
21200803,5,2026-07-09T11:44:39+00:00,service,,,1,13973097683
21200830,2,2019-09-26T04:57:39+00:00,residential,,,1,6824586474
21200831,7,2026-09-10T22:01:51+00:00,tertiary,County Road 315,CR 315,2,12440053075 12197353691
21200849,5,2026-06-24T11:25:55+00:00,track,,,1,11759270537
21201109,6,2026-03-31T03:40:01+00:00,service,,,1,13687910999
21201276,8,2020-02-28T06:39:34+00:00,service,,,1,228076678
21201353,4,2026-03-13T02:54:46+00:00,service,,,1,13644339654
21201512,4,2024-05-07T13:50:55+00:00,service,,,1,11886700091
21201607,2,2019-09-26T05:04:15+00:00,track,,,1,6824592920
21201823,3,2026-05-07T23:24:07+00:00,service,,,1,4344315028
21202005,2,2021-06-22T02:38:17+00:00,service,,,1,8855594191
21202017,4,2026-07-29T15:53:05+00:00,track,,,2,14055201520 14059051409
21202202,6,2026-02-21T17:46:31+00:00,track,,,1,12449813075
21202362,4,2026-02-21T17:46:31+00:00,service,,,1,12449776210
21202506,4,2024-12-27T16:46:28+00:00,track,,,1,12456252709
21202553,2,2025-03-26T15:49:14+00:00,track,,,1,12702987121
21202700,4,2026-04-08T11:14:48+00:00,service,,,3,12441802814 12441802843 12441802746
21202731,6,2026-04-08T11:14:48+00:00,service,,,2,12441802769 12441802772
21203127,4,2025-02-10T19:23:54+00:00,track,,,1,12575281231
21203229,3,2023-10-09T02:03:29+00:00,track,,,1,6824596282
21203763,5,2024-12-26T14:55:03+00:00,residential,Sacaton Road,,1,12453170720
21203813,2,2023-10-09T02:03:29+00:00,track,,,1,228104019
21203937,5,2026-06-14T20:39:10+00:00,tertiary,County Road 111,CR 111,1,12456319743
21204020,3,2024-12-26T14:55:03+00:00,residential,Ojinaga Street,,1,12453170710
21204240,8,2026-05-10T20:54:13+00:00,tertiary,County Road 223,CR 223,1,5880357732
21204257,5,2026-04-29T00:16:52+00:00,residential,County Road 414,,1,12441802924
21204358,4,2021-07-12T06:29:27+00:00,service,,,2,151255117 8870964488
21204368,8,2021-12-06T16:33:26+00:00,service,,,1,8870964590
21204391,7,2026-04-20T09:57:20+00:00,service,,,1,12444801860
21204960,2,2010-04-07T15:02:07+00:00,residential,Zacatecas Street,,1,228106974
21204992,6,2026-09-07T15:41:06+00:00,service,,,1,14159866988
21205091,7,2025-03-14T13:37:20+00:00,service,,,1,12662755179
21206097,9,2024-09-30T02:56:41+00:00,track,,,1,12210267130
21207524,4,2020-09-13T04:51:08+00:00,service,,,1,7901913959
21207986,11,2025-03-03T17:39:46+00:00,residential,North River Road,,1,12633757126
21208860,6,2026-03-28T17:00:39+00:00,residential,South Loop Road,,1,13686797370
21209006,5,2024-01-13T08:34:57+00:00,service,,,1,9467183808
21209763,4,2026-06-20T17:53:42+00:00,residential,,,1,13948502393
21210914,4,2024-12-21T00:33:26+00:00,residential,County Road 264,,1,12437961755
21211063,5,2025-02-06T23:20:07+00:00,service,,,1,12564130094
21211427,6,2022-01-01T01:35:41+00:00,residential,County Road 134,,2,6824586476 6824592922
21211467,3,2023-10-07T03:28:52+00:00,residential,,CR 135,1,6824592921
21211494,2,2019-09-26T04:57:39+00:00,residential,County Road 136,,1,6824586475
21212563,10,2024-12-20T23:39:18+00:00,residential,County Road 223,,1,12437871134
21212644,2,2026-06-05T20:02:10+00:00,residential,Pete Pass,,1,13913086569
21214221,2,2021-06-14T08:06:15+00:00,residential,River Road,,1,228192916
21215959,2,2026-02-19T21:07:33+00:00,service,,,1,13583267268
21216538,7,2026-01-24T16:50:41+00:00,residential,County Road 3181,,1,228212371
21216741,4,2026-02-24T17:45:16+00:00,service,,,1,13596151728
21217275,2,2026-02-19T19:58:13+00:00,service,,,1,13582993184
21217471,6,2019-08-29T23:49:27+00:00,path,,,1,5854879921
21219590,4,2025-12-03T21:35:47+00:00,track,,,1,13352140908
21220068,3,2026-03-24T19:50:04+00:00,service,,,2,13675805426 13675805427
21220363,4,2025-09-12T16:54:08+00:00,unclassified,County Road 312,CR 312,1,12487244588
21220378,2,2025-01-09T21:14:27+00:00,unclassified,County Road 312,CR 312,1,12487244563
21220417,3,2025-09-12T14:53:29+00:00,track,,,1,13138352128
21220460,3,2025-01-09T21:14:27+00:00,track,,,1,12487244581
21220519,4,2026-05-24T01:05:21+00:00,residential,,,1,13869502094
21220714,3,2025-04-07T01:59:22+00:00,track,,,1,12735581263
21220768,2,2025-01-10T16:14:11+00:00,track,,,2,12488662425 12488662424
21220873,2,2025-01-06T17:13:26+00:00,track,,,1,12478929522
21220919,3,2025-04-27T02:04:32+00:00,track,,,2,12478929510 4638413699
21220934,2,2025-09-12T14:53:29+00:00,track,,,1,13138352209
21220976,2,2025-01-06T17:13:26+00:00,track,,,2,12478929323 12478929322
21221011,4,2025-09-13T21:24:32+00:00,track,,,1,12487244587
21221289,2,2025-01-10T16:14:11+00:00,track,,,1,12488662341
21221331,3,2025-04-27T02:04:32+00:00,service,,,1,12790894943
21221336,6,2025-10-14T17:27:04+00:00,unclassified,County Road 245,CR 245,5,228251603 12488662139 12488662145 228365469 228292616
21221800,2,2025-01-02T14:12:02+00:00,residential,,,1,12468960769
21221978,3,2025-09-12T14:53:29+00:00,track,,,2,13138352274 13138352252
21222136,3,2025-12-20T07:00:17+00:00,track,,,1,12488662104
21222388,4,2026-01-07T18:17:33+00:00,service,,,1,228260919
21222553,2,2025-04-27T02:42:14+00:00,track,,,2,12790929095 12790929094
21222647,3,2025-01-10T16:58:07+00:00,service,,,1,12488726728
21222672,2,2025-04-27T02:04:32+00:00,track,,,1,12790902507
21222997,3,2025-04-07T01:59:22+00:00,track,,,1,12735581602
21223133,3,2021-06-14T08:06:15+00:00,residential,Lower Vann Road,,1,228268063
21223270,4,2025-01-09T21:14:27+00:00,track,,,1,12487209798
21223276,2,2025-09-12T14:53:29+00:00,track,,,1,13138352148
21223402,5,2025-09-10T17:04:33+00:00,track,,,1,12473751035
21224100,6,2025-09-24T16:01:55+00:00,track,,,1,13167877392
21224112,2,2025-09-12T14:53:29+00:00,track,,,4,13138352225 13138352231 228276269 13138352097
21224623,3,2025-09-24T16:47:33+00:00,track,,,1,13167951036
21224671,4,2025-10-02T14:25:47+00:00,service,,,1,13188840746
21224812,4,2025-09-24T16:47:33+00:00,service,,,1,12487244614
21224818,2,2025-03-20T13:27:31+00:00,track,,,1,12684697328
21225161,2,2010-04-07T15:34:17+00:00,residential,River Road,,1,228192916
21225296,7,2021-06-14T08:06:15+00:00,residential,McAdams Vann Road,,1,228268063
21225457,2,2025-01-10T16:14:11+00:00,track,,,2,12488662329 12488662330
21225514,2,2025-01-06T17:13:26+00:00,track,,,1,12478929409
21225979,4,2025-03-16T14:33:08+00:00,track,,,1,12670142686
21226086,3,2025-01-10T16:28:44+00:00,unclassified,County Road 238,CR 238,1,228291813
21226295,4,2025-12-01T01:51:26+00:00,track,,,1,13343683739
21226418,2,2025-01-05T18:49:39+00:00,track,,,1,12476187507
21226425,2,2025-01-02T14:12:02+00:00,residential,,,1,12468961026
21226502,2,2025-01-02T14:12:02+00:00,residential,,,1,12468960878
21226684,6,2025-12-28T02:54:56+00:00,track,,,1,12925998447
21226763,2,2025-01-07T22:05:53+00:00,track,,,1,12481832189
21226800,6,2025-03-16T15:45:32+00:00,path,Backpacking Camp Trail,,1,12670329870
21226863,4,2025-03-16T14:33:08+00:00,track,,,1,12670227021
21227411,17,2025-09-12T15:28:33+00:00,path,River Trail,,7,12670329845 12670329871 12670227128 12670227176 13138403692 12670142852 12670142895
21227549,2,2025-04-27T02:42:14+00:00,track,,,1,12790929038
21227583,2,2021-10-28T21:24:57+00:00,residential,,,1,9208600094
21227602,2,2025-12-01T01:51:26+00:00,residential,,,1,13343683877
21227618,3,2025-12-01T01:51:26+00:00,track,,,1,13343683868
21227651,2,2025-01-05T18:49:39+00:00,track,,,4,12476187414 12476187413 12476187416 12476187417
21227703,3,2025-03-18T17:01:20+00:00,track,,,1,12677062834
21227748,4,2026-03-06T18:36:18+00:00,track,,,1,12481625483
21227788,6,2026-05-23T20:04:02+00:00,track,,,3,13868854856 13868854857 13868854855
21228089,4,2025-08-13T19:45:21+00:00,track,,,1,228311357
21228095,2,2025-04-27T01:39:39+00:00,track,,,1,228311442
21228160,5,2026-05-23T20:04:02+00:00,track,,,1,13868855007
21228285,3,2025-01-05T18:49:39+00:00,track,,,1,12476187615
21228415,3,2025-12-30T21:38:14+00:00,service,Private Road 2251,,1,12479580573
21228497,3,2026-01-05T05:28:06+00:00,track,,,1,12677062926
21228757,3,2025-03-25T16:45:07+00:00,track,,,1,12699271528
21228781,8,2026-05-23T20:04:02+00:00,track,,,2,13868854893 13868855390
21228873,3,2026-01-07T18:17:33+00:00,track,,,1,12481625437
21228885,3,2026-01-07T18:17:33+00:00,service,,,1,12481609891
21228990,2,2025-01-05T18:49:39+00:00,track,,,1,12476187505
21229115,3,2021-10-28T21:24:57+00:00,residential,,,1,9208600079
21229255,3,2026-01-05T05:28:06+00:00,track,,,1,12677062966
21229288,4,2025-03-25T16:45:07+00:00,service,,,1,12699271589
21229344,6,2026-05-23T20:04:02+00:00,track,,,1,13868854956
21229700,2,2025-01-05T18:49:39+00:00,track,,,1,12476187489
21229870,2,2025-01-05T18:49:39+00:00,track,,,1,12476187418
21230028,4,2025-04-27T13:29:35+00:00,track,,,1,12791630885
21230781,2,2025-04-27T01:39:39+00:00,track,,,1,12790826840
21230798,3,2026-04-24T15:33:17+00:00,residential,R Road,,1,13758978975
21230954,3,2025-01-09T21:14:27+00:00,track,,,1,12487244543
21231291,2,2020-09-01T22:11:06+00:00,residential,County Road 261,,1,7866522641
21231311,2,2025-11-30T19:47:05+00:00,residential,County Road 404,,1,13343172660
21231320,4,2025-01-05T18:49:39+00:00,track,,,1,12476187526
21231365,3,2025-01-05T18:49:39+00:00,track,,,1,12476187623
21231453,4,2025-02-03T22:08:16+00:00,unclassified,County Road 266,,1,12554851573
21231472,3,2025-04-27T01:39:39+00:00,track,,,1,12790826923
21231655,4,2026-07-08T21:28:08+00:00,track,,,1,12476187619
21231835,3,2025-07-23T02:51:44+00:00,residential,County Road 432,,1,13018318642
21231843,3,2025-11-30T18:30:23+00:00,track,County Road 432,,1,13343053003
21231906,3,2025-12-15T05:59:37+00:00,track,,,1,4990606941
21231958,2,2025-01-07T21:05:45+00:00,track,,,2,12481625511 12481625512
21232284,2,2025-11-30T19:07:39+00:00,residential,County Road 410,,1,13343111789
21232507,4,2025-04-07T01:59:22+00:00,track,,,1,12473751029
21233150,3,2025-01-09T21:14:27+00:00,unclassified,County Road 316,CR 316,1,12487209774
21233310,5,2025-09-28T20:15:42+00:00,unclassified,County Road 238,CR 238,1,228363557
21233503,6,2026-01-07T18:17:33+00:00,unclassified,County Road 245,CR 245,1,228365532
21233504,8,2025-12-22T06:50:42+00:00,unclassified,County Road 245,CR 245,2,228365574 228251603
21233634,6,2026-02-02T17:33:48+00:00,residential,East Silliman Avenue,,1,13520000737
21233686,2,2025-03-18T17:01:20+00:00,service,2291,,1,12677044956
21234127,5,2025-06-30T17:36:21+00:00,track,,,4,9985956312 12964856789 12964856788 12964856785
21234131,8,2025-06-30T17:36:21+00:00,unclassified,,,4,12454424199 12454424195 12454424194 9985955942
21234261,2,2023-06-29T15:21:29+00:00,track,,,1,228372811
21234472,2,2022-08-28T23:05:32+00:00,residential,,,1,9984260393
21234491,3,2025-04-24T21:09:06+00:00,track,,,2,228375862 228375945
21234630,3,2026-03-26T17:06:35+00:00,residential,,,2,13682375631 13682375604
21234746,2,2025-07-20T13:52:45+00:00,track,,,1,13013635023
21234783,2,2024-12-27T02:16:07+00:00,residential,,,1,12454368870
21234868,2,2024-06-22T14:30:30+00:00,service,,,1,12000840369
21234917,5,2025-06-30T16:28:46+00:00,track,,,2,12915978722 12915978775
21234919,4,2025-06-30T16:28:46+00:00,track,,,1,12784065942
21234927,4,2022-08-28T22:17:46+00:00,service,,,1,228381586
21235163,3,2025-06-30T17:36:21+00:00,track,,,1,9986066396
21235482,4,2025-07-03T18:32:20+00:00,service,,,1,228388275
21235540,4,2026-03-26T17:06:35+00:00,residential,,,1,13682375605
21235557,2,2026-03-26T17:06:35+00:00,residential,,,1,228389364
21235571,3,2025-07-20T13:52:45+00:00,track,,,2,9986066399 228389503
21235621,3,2025-04-23T16:02:45+00:00,track,,,1,228390129
21235637,3,2022-09-03T14:51:30+00:00,service,,,1,228390468
21235778,3,2026-02-02T18:25:07+00:00,service,County Road 201-P,,1,13520088173
21235800,4,2025-04-27T14:47:37+00:00,track,,,1,12457810804
21235860,3,2023-12-23T00:29:45+00:00,residential,,,1,8130778202
21236031,3,2020-11-17T18:02:01+00:00,track,,,1,8130778215
21236053,3,2025-06-12T20:46:47+00:00,track,,,2,12911366320 9986066397
21236201,4,2026-02-02T18:02:58+00:00,track,,,1,13520057737
21236301,3,2024-08-01T03:21:27+00:00,track,,,1,12086495640
21236318,3,2026-04-12T14:22:14+00:00,residential,,,2,850434832 13725356438
21236351,5,2025-07-07T19:26:23+00:00,service,,,2,9984209504 228400991
21236372,4,2025-07-07T19:26:23+00:00,service,,,1,9984209505
21236379,2,2024-11-19T21:42:42+00:00,residential,,,1,12356679495
21236413,4,2026-03-26T17:06:35+00:00,residential,,,2,12356717223 12356717233
21236416,2,2024-11-19T21:42:42+00:00,residential,,,2,12356717226 12356717225
21236437,2,2026-04-12T14:22:14+00:00,residential,,,2,13725356459 13725356422
21236442,2,2026-04-12T14:22:14+00:00,residential,,,2,228402349 13725356442
21236469,4,2025-04-23T16:02:45+00:00,track,,,1,228402621
21236597,5,2025-07-03T18:32:20+00:00,service,,,1,9984209503
21236723,5,2026-02-02T18:25:07+00:00,track,,,1,8130778198
21236745,5,2025-06-30T16:58:35+00:00,track,,,2,12915978839 12915978830
21236812,4,2023-06-29T15:21:29+00:00,track,,,1,228406981
21236892,4,2026-02-02T18:50:19+00:00,track,,,1,13520131424
21237156,3,2024-12-27T02:16:07+00:00,service,,,2,12372660334 12372660332
21237234,7,2025-07-07T15:34:16+00:00,unclassified,,,2,12783812669 12985836045
21237254,4,2025-06-10T19:19:09+00:00,service,,,1,12784065620
21237307,3,2026-03-26T17:06:35+00:00,residential,,,1,13682375606
21237312,5,2025-06-12T20:46:47+00:00,track,,,2,12000746367 12000746365
21237340,5,2025-07-09T21:01:26+00:00,unclassified,Falcon Loop,,1,10093759571
21237450,2,2026-03-26T17:06:35+00:00,residential,,,1,13682375614
21237457,3,2022-09-03T14:28:39+00:00,residential,,,1,228414978
21237483,2,2024-11-25T00:45:14+00:00,service,,,1,12372660333
21237490,2,2026-03-26T17:06:35+00:00,residential,,,1,13682375523
21237603,4,2025-07-09T19:42:10+00:00,track,,,1,12990340267
21237654,5,2020-11-17T18:02:01+00:00,track,,,1,8130778211
21237679,4,2025-06-12T20:46:47+00:00,track,,,1,12454422344
21237811,3,2026-03-26T17:06:35+00:00,residential,,,1,13682368891
21237919,3,2025-06-15T01:08:51+00:00,track,,,2,12915978857 12915978847
21237950,2,2022-08-29T12:37:25+00:00,service,,,1,228420757
21237958,3,2024-12-27T02:16:07+00:00,service,,,2,12454422337 12454422341
21237972,2,2026-03-26T17:06:35+00:00,residential,,,1,228421193
21238011,2,2026-03-26T17:24:55+00:00,track,,,1,13682420207
21238075,3,2026-02-02T18:50:19+00:00,track,,,1,13520131161
21238115,2,2024-11-19T21:42:42+00:00,residential,,,1,12356679475
21238138,7,2025-06-12T20:46:47+00:00,track,,,1,228422981
21238276,3,2025-07-19T22:56:05+00:00,track,,,1,12412679826
21238307,5,2025-03-01T14:42:17+00:00,service,,,1,228425687
21238353,3,2020-11-18T09:42:38+00:00,track,,,1,8130778194
21238423,2,2026-04-12T14:22:14+00:00,residential,,,1,13725356413
21238528,2,2022-08-29T13:14:04+00:00,residential,,,2,9986066400 228428248
21238544,2,2024-11-19T21:42:42+00:00,residential,,,1,228428433
21238587,2,2022-08-29T13:14:04+00:00,residential,,,1,228428888
21238595,8,2026-08-27T14:02:49+00:00,track,,,2,12457810805 12457810802
21238625,2,2024-12-27T02:16:07+00:00,residential,,,1,12454422358
21238872,2,2020-11-17T18:02:01+00:00,residential,,,1,8130778206
21238884,2,2025-04-24T21:09:06+00:00,track,,,1,12784622832
21239020,3,2025-04-27T14:47:37+00:00,track,,,1,12791738918
21239073,2,2025-06-30T23:44:48+00:00,track,,,1,12965426040
21239100,3,2024-08-01T03:21:27+00:00,track,,,2,12086495637 12086495639
21239278,3,2024-11-25T00:45:14+00:00,service,,,1,9985956367
21239290,2,2024-11-25T00:45:14+00:00,service,,,1,228437445
21239305,2,2022-08-29T13:14:04+00:00,residential,,,1,9986066192
21239318,2,2022-08-29T13:14:04+00:00,residential,,,1,9986066145
21239440,4,2025-04-23T16:02:45+00:00,service,,,2,9984260359 9984260360
21239462,3,2024-12-27T02:16:07+00:00,residential,,,3,12372660336 850441651 12454368892
21239538,2,2024-12-27T02:16:07+00:00,residential,,,1,12454368894
21239544,1,2008-01-15T08:03:25+00:00,residential,,,1,228441260
21239588,3,2026-02-02T18:02:58+00:00,track,,,1,13520057896
21240050,2,2026-03-26T17:24:55+00:00,residential,,,1,13682420208
21240285,2,2026-03-26T17:06:35+00:00,residential,,,1,13682375612
21240424,5,2024-08-01T03:21:27+00:00,track,,,1,12086495638
21240435,3,2025-07-20T13:52:45+00:00,track,,,1,12784622822
21240674,2,2022-08-28T23:05:32+00:00,residential,,,4,228458819 228458824 9984260388 9984260387
21240745,2,2022-08-28T23:05:32+00:00,residential,,,2,228459802 228459806
21240789,3,2022-09-16T19:58:54+00:00,service,,,1,10030330266
21240832,5,2025-06-25T19:36:30+00:00,track,,,1,12465615315
21240844,4,2020-11-17T18:02:01+00:00,track,,,1,8130778218
21240929,2,2022-09-03T14:28:39+00:00,service,,,1,228463144
21240960,7,2025-07-11T14:05:15+00:00,track,,,1,12457804999
21240992,3,2026-03-26T17:06:35+00:00,residential,,,4,12356717220 12356717242 12356717239 12356717247
21241110,2,2024-11-19T21:42:42+00:00,residential,,,2,12356679494 12356717203
21241132,2,2026-03-26T17:06:35+00:00,residential,,,1,13682368861
21241338,2,2025-04-24T21:09:06+00:00,track,,,1,850435708
21241456,3,2025-07-09T20:25:13+00:00,track,,,1,12990402922
21241477,2,2024-11-25T00:45:14+00:00,service,,,1,12372660327
21241601,2,2024-12-27T02:16:07+00:00,residential,,,1,12454368893
21241621,4,2026-02-02T18:25:07+00:00,track,,,1,13520087953
21241706,2,2026-03-26T17:06:35+00:00,residential,,,2,13682375525 13682375526
21241739,6,2022-08-29T12:37:25+00:00,service,,,1,9985955724
21241841,2,2025-06-15T01:08:51+00:00,track,,,1,12915978795
21241906,3,2024-11-19T21:42:42+00:00,residential,,,3,12356717232 12356717224 12356717206
21242025,2,2024-11-19T21:42:42+00:00,residential,,,1,12356717237
21242026,2,2024-11-19T21:42:42+00:00,residential,,,1,12356717221
21242044,2,2020-11-17T18:02:01+00:00,residential,,,1,8130778203
21242106,2,2022-08-29T13:14:04+00:00,residential,,,4,228479041 9986066184 9986066183 228479071
21242133,1,2008-01-15T08:23:51+00:00,residential,,,1,228479393
21242136,2,2026-04-12T14:22:14+00:00,residential,,,1,13725356418
21242348,5,2020-11-18T11:33:53+00:00,track,,,1,8137160188
21242422,3,2024-11-25T00:45:14+00:00,service,,,1,9985956366
21242719,3,2024-12-27T02:16:07+00:00,service,,,1,12454422321
21242881,5,2025-06-30T16:58:35+00:00,unclassified,Margarito Street,,1,12964795673
21243003,3,2026-03-26T17:06:35+00:00,residential,Serafin Guerra Road,,1,13682375621
21243154,3,2026-03-26T17:06:35+00:00,residential,El Macho Ranch Road,,1,13682375560
21243194,4,2025-07-11T14:05:15+00:00,service,Sagunda Drive,,1,228492997
21243214,6,2025-07-09T20:25:13+00:00,unclassified,Placido Road,,1,12915978817
21243217,4,2025-06-30T16:58:35+00:00,unclassified,Placido Road,,1,228493356
21243225,4,2025-06-30T17:36:21+00:00,unclassified,Old el Sauz Road,,2,9985956172 9985956173
21243455,3,2020-11-18T11:33:53+00:00,track,,,1,8130778201
21243469,7,2024-12-28T02:45:41+00:00,residential,Las Lomas Road,,1,12457810835
21243698,8,2026-04-12T14:22:14+00:00,service,Loma Blanca Road,,7,228499243 228499246 228499253 9986066402 9986066401 228499307 13725356446
21243721,9,2025-02-18T07:12:07+00:00,residential,North la Paloma Street,,1,12302135315
21243761,13,2025-06-02T06:13:25+00:00,tertiary,Farm-to-Market Road 2844,FM 2844,1,9997761328
21243908,3,2024-09-18T13:12:54+00:00,track,,,1,12184085190
21243967,5,2025-06-12T20:46:47+00:00,unclassified,Old Charco-Blanco Road,,1,12454422357
21244085,4,2026-02-02T18:02:58+00:00,track,,,1,13520057916
21244606,4,2026-04-23T15:58:16+00:00,residential,La Morita Road,,1,9985956310
21244632,4,2025-07-20T13:52:45+00:00,unclassified,Dogwood Road,,1,12784622820
21244755,3,2026-02-02T18:02:58+00:00,service,County Road 111-P,,2,13520057904 13520057906
21244773,3,2026-04-12T14:22:14+00:00,residential,San Roman Road,,2,13725356414 13725356419
21244816,5,2025-07-20T13:52:45+00:00,unclassified,San Julian Road,,1,9986066362
21244817,3,2025-07-20T13:52:45+00:00,unclassified,San Julian Road,,3,228511674 228511679 228511684
21244822,5,2022-10-12T02:49:17+00:00,residential,San Julian Road,,2,228511728 9986066395
21244897,3,2024-11-19T21:42:42+00:00,residential,Los Villarreal Road,,2,12356717218 12356717215
21245126,6,2025-07-20T13:52:45+00:00,unclassified,North Ebony Avenue,,1,228514601
21245164,7,2026-08-27T14:02:49+00:00,residential,Las Brisas Road,,1,12457805000
21245431,5,2025-07-11T14:05:15+00:00,residential,La Sagunada Road,,1,12457804998
21245432,5,2025-06-30T17:36:21+00:00,unclassified,La Sagunada Road,,1,12454422359
21245683,7,2025-07-09T21:01:26+00:00,unclassified,Alvaros Road,,1,228520752
21245747,3,2022-08-29T13:14:04+00:00,residential,Las Escobas Road,,2,850437215 228521430
21245753,3,2022-08-29T13:14:04+00:00,residential,Las Escobas Road,,1,228521497
21245833,6,2025-07-09T21:01:26+00:00,unclassified,Placid Road,,1,10093789106
21245849,2,2019-11-20T04:42:27+00:00,residential,,,1,6991435528
21246218,4,2025-06-12T20:46:47+00:00,unclassified,Cele Road,,1,12911366350
21246318,5,2022-09-16T19:34:59+00:00,service,Las Brisas,,1,228527132
21246368,3,2026-03-26T17:06:35+00:00,residential,Alejandro Guerra Ranch Road,,1,13682375630
21246433,2,2024-11-19T21:42:42+00:00,service,San Roman Rch,,1,12356679496
21246589,8,2023-12-09T00:48:05+00:00,residential,South Water Avenue,,1,9208219841
21246681,2,2021-10-28T20:52:53+00:00,residential,,,2,9208553977 9208554001
21246733,2,2021-10-28T20:52:53+00:00,residential,,,1,9208554000
21246945,2,2021-10-28T20:52:53+00:00,residential,,,1,9208554021
21246956,2,2021-10-28T20:52:53+00:00,residential,,,1,9208554022
21247005,2,2026-04-21T15:50:20+00:00,track,,,1,13749533271
21247014,2,2019-11-20T04:42:27+00:00,residential,,,1,6991435805
21247019,2,2026-04-25T16:04:38+00:00,residential,,,1,13760934849
21247265,3,2021-10-28T20:02:01+00:00,track,,,2,9208454065 9208454064
21247307,3,2021-10-28T20:02:01+00:00,track,,,1,9208454210
21247313,3,2021-10-28T20:02:01+00:00,track,,,1,9208454041
21247505,2,2025-01-06T17:41:29+00:00,track,,,1,12479021677
21247552,3,2025-01-14T01:52:53+00:00,residential,County Road 1001,CR 1001,1,12152814533
21247999,2,2019-10-27T00:48:07+00:00,residential,,,1,6919313398
21248129,3,2026-04-29T00:18:53+00:00,residential,,,1,9208554114
21248487,2,2021-10-28T21:24:57+00:00,residential,,,1,9208591013
21248824,3,2026-04-25T16:04:38+00:00,residential,,,1,6991435854
21248914,2,2021-10-28T21:24:57+00:00,residential,,,1,9208599932
21248942,2,2019-11-20T04:42:27+00:00,residential,,,2,6991435588 228577013
21249016,3,2026-04-13T18:21:14+00:00,track,,,1,9216932724
21249050,2,2021-10-28T21:07:05+00:00,residential,,,1,9208541905
21249322,2,2021-10-28T21:07:05+00:00,residential,,,1,9208574034
21249324,2,2026-04-21T15:50:20+00:00,track,,,1,13749533267
21249350,2,2021-10-28T21:07:05+00:00,residential,,,1,9208573998
21249362,2,2026-04-21T15:50:20+00:00,service,,,1,13749533357
21249374,2,2021-10-28T21:07:05+00:00,service,,,1,9208573997
21249577,3,2025-01-18T00:07:03+00:00,residential,,,2,6551861124 12511140482
21249768,3,2021-10-28T21:07:05+00:00,service,,,1,9208573948
21249819,3,2022-06-17T18:57:48+00:00,track,,,1,6551882255
21250031,3,2021-10-28T21:07:05+00:00,service,,,1,9208541915
21250195,1,2008-01-15T09:19:28+00:00,residential,,,1,228596010
21250221,4,2019-06-16T22:25:05+00:00,track,,,1,6551833604
21250452,2,2026-04-21T15:50:20+00:00,track,,,2,13749533122 13749533276
21250487,2,2021-10-28T20:02:01+00:00,residential,,,1,9208454197
21250758,2,2021-10-28T21:24:57+00:00,residential,,,1,9208600053
21250762,2,2025-03-12T15:24:53+00:00,residential,,,1,12656812102
21250794,2,2026-04-21T15:50:20+00:00,track,,,2,13749533282 13749533283
21251206,2,2019-06-16T22:59:48+00:00,residential,,,1,6551860866
21251323,1,2008-01-15T09:26:26+00:00,residential,,,1,228611417
21251627,3,2025-10-14T22:06:29+00:00,track,,,1,9203688190
21251751,3,2026-04-29T00:18:53+00:00,service,,,1,228615871
21251785,3,2021-10-28T21:07:05+00:00,service,,,1,9208573967
21252237,3,2010-09-03T07:53:51+00:00,residential,,,1,228621017
21252260,3,2022-04-30T21:56:56+00:00,tertiary,Central Avenue,,1,9208221529
21252365,4,2025-09-29T16:58:55+00:00,unclassified,County Road 306,CR 306,1,13181065287
21252399,2,2019-06-16T23:27:02+00:00,residential,,,1,6551882499
21252538,2,2019-06-16T22:25:05+00:00,residential,,,1,6551834419
21253104,4,2025-10-14T22:00:00+00:00,track,,,2,9203688175 9203688191
21253219,2,2021-10-28T21:07:05+00:00,residential,,,1,9208574033
21253539,2,2025-10-02T00:31:41+00:00,track,,,4,13187028479 13187028478 13187028477 13187028476
21253581,2,2026-04-21T15:50:20+00:00,track,,,3,13749533286 13749533262 13749533285
21253787,2,2021-10-28T20:52:53+00:00,residential,,,1,9208554056
21253796,3,2021-10-28T20:02:01+00:00,track,,,1,9208454209
21253816,3,2022-06-17T18:57:48+00:00,track,,,2,6551894081 6551894015
21253899,2,2021-10-28T21:07:05+00:00,residential,,,1,9208573937
21253927,2,2021-10-28T20:02:01+00:00,residential,,,1,9208454296
21254156,2,2021-10-27T03:49:38+00:00,residential,,,2,9203688224 9203688236
21254566,3,2026-04-29T00:18:53+00:00,residential,,,2,9208554113 9208554112
21254787,3,2021-10-28T20:02:01+00:00,service,,,1,9208454295
21254961,4,2025-12-29T17:26:46+00:00,track,,,1,12479021700
21255663,6,2023-12-18T07:01:02+00:00,residential,Lake Cross Road,,1,7403610547
21255822,3,2026-09-21T16:43:23+00:00,track,,,1,228666168
21255882,3,2025-12-14T01:24:17+00:00,residential,Roy Road,,1,13375062692
21255910,2,2026-04-21T15:50:20+00:00,residential,,,1,13749533224
21255956,4,2026-09-21T16:43:23+00:00,track,,,1,13431220379
21256020,3,2026-02-04T20:30:24+00:00,track,,,1,13525001352
21256034,2,2021-10-27T03:49:38+00:00,residential,,,1,9203688260
21256096,3,2024-04-11T15:25:20+00:00,track,,,2,11809812066 11809828775
21256109,4,2025-01-25T14:23:16+00:00,track,,,2,12531778446 12531778730
21256196,3,2025-11-06T16:24:27+00:00,track,,,1,13285514794
21256220,3,2026-04-29T00:18:53+00:00,residential,,,1,9208553966
21256230,6,2025-12-30T20:06:05+00:00,unclassified,Cochran Road,,1,11657208692
21256250,3,2023-06-07T12:26:46+00:00,track,,,1,10961486531
21256271,5,2023-04-27T21:12:54+00:00,track,,,1,10847160748
21256306,3,2023-06-01T17:41:01+00:00,track,,,1,10944519305
21256319,4,2025-01-25T14:23:16+00:00,track,,,1,12531778443
21256336,3,2025-01-25T14:23:16+00:00,track,,,1,12531778631
21256343,2,2021-11-05T20:48:13+00:00,track,,,1,9228580324
21256344,3,2023-06-01T17:41:01+00:00,track,,,1,10944519314
21256359,2,2016-01-10T01:18:31+00:00,track,,,1,228674637
21256394,3,2023-06-07T12:21:04+00:00,track,,,1,10961479647
21256418,3,2023-06-26T15:07:18+00:00,track,,,2,11007889103 11007889102
21256430,2,2021-10-28T20:52:53+00:00,residential,,,1,9208553965
21256445,3,2023-06-26T15:04:44+00:00,track,,,1,11007901837
21256467,3,2025-11-06T16:24:27+00:00,track,,,1,13285514795
21256484,3,2026-02-09T19:23:39+00:00,track,,,1,13538357636
21256509,4,2025-12-14T16:21:28+00:00,track,,,1,13376167378
21256555,2,2021-11-05T21:27:30+00:00,service,,,2,9228632838 9228632903
21256588,3,2024-02-23T16:13:50+00:00,track,,,1,11657182939
21256592,3,2023-05-24T13:15:36+00:00,track,,,1,10924093585
21256739,4,2023-06-07T12:21:04+00:00,track,,,1,10961479748
21256743,3,2023-06-01T17:45:32+00:00,track,,,1,10944523180
21256783,3,2026-04-17T17:38:19+00:00,track,,,3,13738229043 13738229050 13738229051
21256784,3,2021-10-28T20:02:01+00:00,track,,,1,9208454109
21256794,3,2025-01-25T14:23:16+00:00,track,,,3,12531778770 12531778796 12531778797
21256801,3,2026-04-17T17:38:19+00:00,track,,,1,13738229076
21256845,3,2025-12-14T01:16:51+00:00,track,,,1,13375143838
21256847,3,2023-05-24T13:29:28+00:00,track,,,1,10924119111
21256851,3,2021-10-28T20:02:01+00:00,track,Private Road 4419,,1,9208454211
21256878,3,2024-04-11T15:25:20+00:00,track,,,7,11809828824 11809828823 11809828822 11809828821 11809828820 11809828819 11809828818
21256879,3,2023-05-24T13:29:28+00:00,track,,,1,10924119118
21256908,3,2024-04-11T15:25:20+00:00,track,,,1,11809828825
21256937,6,2025-09-25T17:09:55+00:00,unclassified,County Road 102,CR 102,1,9208599985
21256946,5,2025-01-12T03:03:33+00:00,residential,County Road 102,CR 102,1,9208600041
21256973,6,2021-10-28T18:16:29+00:00,residential,Glasscock Avenue,,1,9208215658
21257018,2,2021-10-28T21:07:05+00:00,service,Private Road 4444,,2,9208541906 9208541904
21257025,3,2025-01-09T15:42:02+00:00,service,Private Road 4444,,1,9208573949
21257027,3,2025-01-25T14:23:16+00:00,track,,,2,12531778802 12531778803
21257050,3,2025-01-25T14:23:16+00:00,track,,,2,12531778632 12531778799
21257065,3,2026-04-29T13:14:03+00:00,residential,Private Road 4446,,1,9208573968
21257099,2,2021-11-05T20:48:13+00:00,track,,,1,9228580605
21257108,3,2026-04-13T18:21:14+00:00,service,Private Road 2219,,2,9208574070 13728206373
21257119,6,2025-01-12T03:03:33+00:00,unclassified,County Road 405,CR 405,1,9208574032
21257142,4,2026-04-11T00:24:08+00:00,track,,,1,223747127
21257161,6,2022-04-30T21:57:36+00:00,tertiary,West Main Street,,1,9208215694
21257169,4,2021-11-03T19:14:54+00:00,track,,,1,9222003496
21257279,2,2025-10-02T00:31:41+00:00,service,Private Road 3382,,1,13187028437
21257319,3,2026-04-02T22:26:43+00:00,service,Private Road 2245,,1,12479021674
21257335,3,2025-10-14T22:00:00+00:00,unclassified,Private Road 3385,,1,9203688223
21257337,3,2026-03-31T23:03:44+00:00,service,Private Road 2246,,1,12478996569
21257366,3,2023-05-24T13:29:28+00:00,track,,,1,10924119117
21257383,4,2026-03-23T15:22:39+00:00,track,,,1,13672030814
21257402,3,2026-01-08T18:45:13+00:00,service,Private Road 2249,,1,12479021678
21257413,2,2026-04-21T15:50:20+00:00,service,Private Road 3388,,2,13749448788 13749533105
21257422,5,2026-04-21T15:50:20+00:00,service,Private Road 3389,,1,13749533106
21257490,3,2021-10-28T20:02:01+00:00,track,Private Road 3311,,1,9208454092
21257513,3,2023-05-24T13:29:28+00:00,track,,,2,10924119114 10924119113
21257527,6,2021-10-28T18:16:29+00:00,residential,Tom Green Avenue,,1,9208215691
21257609,5,2024-04-11T15:25:20+00:00,track,,,4,11809815912 9228633179 11809828875 9228633180
21257622,3,2025-08-27T22:29:16+00:00,track,,,3,13102104665 13102104618 13102104542
21257647,7,2026-04-29T00:18:53+00:00,residential,County Road 410,CR 410,1,9208553949
21257660,3,2026-03-23T15:22:39+00:00,track,,,1,13672030828
21257666,6,2026-04-29T00:18:53+00:00,residential,County Road 410,CR 410,3,9208554115 9208553999 9208554023
21257675,3,2021-11-03T19:14:54+00:00,track,,,2,9222002688 9222002687
21257737,3,2026-03-23T15:22:39+00:00,track,,,2,13672030819 13672030820
21257746,3,2026-03-23T15:22:39+00:00,track,,,1,13672030804
21257766,3,2025-01-25T14:23:16+00:00,track,,,1,12531778800
21257784,3,2026-03-23T15:22:39+00:00,track,,,1,13672031059
21257821,2,2026-02-09T19:23:39+00:00,service,,,1,13538357470
21257823,4,2021-10-28T17:48:45+00:00,residential,Tres Street,,1,9208215692
21257829,3,2026-02-09T19:23:39+00:00,track,,,1,13538357511
21257868,3,2026-04-09T19:18:19+00:00,service,Private Road 1164,,1,9208599930
21257882,3,2026-02-09T19:23:39+00:00,track,,,1,13538357544
21257948,6,2021-10-28T18:16:29+00:00,residential,Menard Avenue,,1,9208215693
21257982,3,2025-12-14T01:24:17+00:00,track,,,1,13375148798
21258010,5,2021-10-28T17:48:45+00:00,residential,West Chestnut Street,,1,9208215657
21258030,3,2026-04-08T15:41:57+00:00,service,Private Road 2201,,1,228703602
21258078,2,2022-05-30T15:14:56+00:00,residential,County Road 440,,1,9782387528
21258102,2,2026-04-21T15:50:20+00:00,service,Private Road 3393,,1,13749533188
21258119,7,2026-01-08T18:45:13+00:00,unclassified,County Road 202,CR 202,4,12478996570 12478996574 12478996573 12478996562
21258153,3,2024-10-02T16:32:52+00:00,track,,,2,12216433119 12216433120
21258169,3,2023-06-07T12:26:46+00:00,track,,,1,10961486530
21258180,3,2021-11-05T21:27:30+00:00,track,,,1,9228633091
21258199,2,2025-03-12T00:28:21+00:00,residential,County Road 335,,1,12654157794
21258252,3,2025-03-12T00:24:40+00:00,residential,County Road 630,,1,12654174815
21258332,3,2023-06-07T12:26:46+00:00,track,,,1,10961486532
21258368,3,2023-06-07T12:26:46+00:00,track,,,1,10961486533
21258445,3,2026-02-09T19:11:05+00:00,track,,,1,13538057931
21258650,3,2025-03-12T00:43:41+00:00,residential,,,1,12654195814
21258677,3,2025-03-12T00:43:41+00:00,residential,,,1,12654195805
21258692,3,2024-05-30T18:08:21+00:00,track,,,1,11945753490
21258728,3,2025-12-02T18:35:23+00:00,track,,,1,12653339040
21258747,3,2025-12-02T18:35:23+00:00,track,,,1,12653926216
21258831,3,2026-04-09T17:53:14+00:00,unclassified,,,1,13719178578
21258875,3,2023-06-07T12:21:04+00:00,track,,,1,10961479750
21258940,3,2025-01-25T14:23:16+00:00,track,,,1,12531778772
21258996,4,2025-01-25T14:23:16+00:00,track,,,5,12531778444 12531778445 228718937 228718938 12531778731
21259053,3,2025-08-27T22:29:16+00:00,track,,,1,13102104541
21259086,3,2024-04-11T15:19:53+00:00,track,,,1,11809815916
21259131,3,2026-02-12T15:33:18+00:00,track,,,2,13546537885 228720789
21259157,3,2025-03-12T00:43:41+00:00,service,,,1,12654195820
21259239,3,2025-12-02T18:35:23+00:00,track,,,1,12653926594
21259302,3,2026-04-09T16:04:44+00:00,track,,,1,13718990255
21259367,3,2023-05-24T13:15:36+00:00,track,,,1,10924081798
21259383,3,2023-06-01T17:41:01+00:00,track,,,3,10944519315 10944519256 10944519313
21259439,4,2026-04-17T17:38:19+00:00,track,,,1,13738229068
21259458,4,2026-04-17T17:38:19+00:00,track,,,1,13738229055
21259520,3,2023-06-29T13:20:09+00:00,track,,,2,11013965288 11013965289
21259686,3,2021-11-05T20:48:13+00:00,track,,,1,9228580597
21259761,4,2023-05-24T13:15:36+00:00,track,,,1,10924093582
21259847,3,2023-06-07T12:21:04+00:00,track,,,2,10961479623 10961479624
21259863,2,2020-05-09T03:36:23+00:00,track,,,2,228730210 228730253
21259902,3,2023-06-07T12:26:46+00:00,track,,,3,10961486534 10961486656 10961486655
21259909,2,2025-03-11T20:52:08+00:00,service,,,1,12653690086
21259930,2,2025-03-12T00:43:41+00:00,service,,,1,12654195806
21259940,3,2023-06-07T12:26:46+00:00,track,,,2,10961486652 10961486653
21260031,3,2024-04-11T15:25:20+00:00,track,,,1,11809828874
21260085,2,2025-03-12T00:43:41+00:00,residential,,,1,12654195812
21260088,2,2025-03-12T00:43:41+00:00,residential,,,1,12654195813
21260109,2,2025-03-12T00:43:41+00:00,service,,,1,12654195807
21260125,6,2023-06-29T13:20:09+00:00,track,,,4,11013965217 11013965216 11013965215 11013876806
21260225,5,2024-12-30T16:52:30+00:00,residential,County Road 345,,1,9782314576
21260254,3,2025-03-12T00:24:40+00:00,track,,,1,12654174812
21260361,4,2024-04-11T15:25:20+00:00,track,,,1,11809828946
21260429,2,2025-03-11T20:10:04+00:00,service,,,1,12653328035
21260448,4,2026-02-09T19:26:35+00:00,track,,,11,13538392942 13538392943 13538392944 13538392946 13538392945 13538392947 13538392948 13538357483 13538357484 13538357509 13538357510
21260518,3,2022-05-30T14:55:30+00:00,service,,,1,9782346529
21260529,3,2023-06-07T12:26:46+00:00,track,,,5,10961486648 10961486649 10961486650 10961486651 10961486647
21260533,2,2025-03-12T00:43:41+00:00,service,,,1,12654195821
21260544,4,2023-06-01T17:41:01+00:00,track,,,1,10944519308
21260561,3,2023-06-01T17:41:01+00:00,track,,,1,10944519310
21260565,4,2023-06-01T17:41:01+00:00,track,,,1,10944519312
21260652,3,2021-11-05T21:27:30+00:00,track,,,1,9228632779
21260692,3,2024-04-11T15:31:12+00:00,track,,,1,11809847771
21260708,2,2025-03-12T00:43:41+00:00,service,,,1,12654195810
21260752,3,2023-06-29T13:20:09+00:00,track,,,2,11013965482 228741382
21260772,3,2023-06-01T17:45:32+00:00,track,,,2,10944523186 10944523184
21260782,3,2025-03-12T00:24:40+00:00,track,,,2,12654174761 12654174752
21260798,4,2024-10-02T16:32:52+00:00,track,,,1,12216433136
21260878,2,2021-11-05T20:48:13+00:00,track,,,1,9228580671
21260953,3,2023-06-07T12:26:46+00:00,track,,,1,10961486654
21261014,4,2026-04-09T16:04:44+00:00,track,,,2,12009805279 12009805280
21261179,3,2023-06-29T13:20:09+00:00,track,,,3,11013965486 11013965484 11013965483
21261221,4,2026-02-12T15:42:34+00:00,track,,,1,13546557612
21261228,3,2023-06-01T17:45:32+00:00,track,,,1,10944523188
21261285,3,2024-10-02T16:32:52+00:00,track,,,4,12216433121 12216399077 12216399076 12216399075
21261300,3,2021-11-05T21:27:30+00:00,track,,,1,9228633092
21261369,4,2025-05-16T16:13:47+00:00,residential,,,3,11988624560 11988624545 11988624543
21261391,3,2026-04-09T19:43:00+00:00,track,,,1,228748823
21261397,3,2026-02-09T18:42:06+00:00,track,,,1,13537569065
21261407,4,2025-03-12T00:24:40+00:00,track,,,1,12654174698
21261553,5,2025-12-14T00:47:55+00:00,track,,,2,11657182940 13375128980
21261599,3,2024-05-30T18:08:21+00:00,track,,,3,11945753640 11945753639 11945753638
21261607,3,2023-06-01T17:45:32+00:00,track,,,1,10944523185
21261622,3,2023-06-29T13:20:09+00:00,track,,,1,11013965485
21261626,6,2025-03-12T00:43:41+00:00,residential,County Road 175,,1,12654195803
21261644,3,2023-06-01T17:45:32+00:00,track,,,1,10944523189
21261658,4,2024-04-11T15:31:12+00:00,track,,,1,11809847772
21261665,3,2024-04-11T15:19:53+00:00,track,,,1,11809815917
21261706,3,2023-06-01T17:45:32+00:00,track,,,1,10944523191
21261708,3,2026-02-12T15:50:09+00:00,track,,,1,13546573215
21261720,7,2024-12-30T16:56:01+00:00,residential,County Road 365,,1,9782346495
21261734,2,2021-11-03T19:14:54+00:00,service,,,1,9222003888
21261803,3,2022-05-30T14:28:19+00:00,residential,South 12th Street,,1,9782288230
21261853,3,2023-05-24T13:29:28+00:00,track,,,2,10924119116 10924119022
21261898,4,2021-11-03T19:14:54+00:00,track,,,1,9222003617
21261909,5,2022-05-30T15:14:56+00:00,residential,Bridges Street,,1,9782387527
21261921,3,2024-05-30T18:08:21+00:00,track,,,2,11945753643 11945753644
21261946,3,2024-05-30T18:08:21+00:00,track,,,2,11945753642 11945753641
21261984,4,2024-05-30T18:08:21+00:00,track,,,4,11945753635 11945753636 10924119115 228759523
21262022,10,2022-05-30T11:42:11+00:00,residential,West Buckley Street,,1,9781556728
21262029,3,2026-04-09T17:53:14+00:00,track,,,3,13719178579 13719178542 13719178541
21262039,2,2025-03-12T00:24:40+00:00,residential,County Road 585,,1,12654174806
21262048,3,2023-06-26T15:04:44+00:00,track,,,2,11007901838 11007901899
21262071,3,2025-09-02T17:48:14+00:00,track,,,2,228761951 13115057841
21262088,3,2024-06-17T19:24:42+00:00,residential,,,1,11988624541
21262092,17,2022-06-03T15:52:05+00:00,residential,David Bailey Road,,3,9782346496 9782346497 9782288267
21262110,5,2025-10-26T20:36:54+00:00,track,,,1,13115036048
21262142,3,2023-06-01T17:45:32+00:00,track,,,1,10944523190
21262155,7,2021-01-20T16:44:13+00:00,residential,South 7th Street,,1,8342745258
21262181,5,2026-04-09T19:43:00+00:00,track,,,10,9228580304 9228580305 9228580323 9228580334 9228580398 9228580421 9228580399 9228580401 9228580400 9228580402
21262208,3,2021-11-05T20:48:13+00:00,track,,,1,9228580734
21262270,3,2024-05-30T18:08:21+00:00,track,,,2,11945753645 11945753646
21262300,3,2024-05-30T18:08:21+00:00,track,,,1,11945753647
21262322,4,2024-05-30T18:08:21+00:00,track,,,1,11945753637
21262335,3,2026-02-09T19:23:39+00:00,track,,,4,13538357545 228766970 13538357546 13538357547
21262336,3,2025-12-14T01:16:51+00:00,track,,,1,13375143965
21262356,3,2023-06-01T17:45:32+00:00,track,,,1,10944523187
21262375,3,2024-04-11T15:39:13+00:00,track,,,1,11809864499
21262380,3,2024-04-11T15:39:13+00:00,track,,,1,11809864498
21262394,2,2024-06-17T19:24:42+00:00,residential,,,1,11988624410
21262435,7,2025-03-12T00:43:41+00:00,residential,County Road 240,,1,12654195797
21262438,3,2026-04-09T19:43:00+00:00,track,,,1,13719430662
21262456,4,2026-04-09T16:04:44+00:00,track,,,1,10944552731
21262460,5,2026-04-09T16:04:44+00:00,track,,,1,10944518956
21262481,4,2026-04-09T16:04:44+00:00,track,,,1,12486914718
21262496,2,2026-04-09T19:43:00+00:00,track,,,1,13719430861
21262543,3,2023-05-24T13:29:28+00:00,track,,,1,10924119112
21262564,7,2022-05-30T14:55:30+00:00,residential,County Road 430,,1,9782346530
21262573,3,2021-11-03T19:14:54+00:00,track,,,2,9222003630 9222003632
21262607,4,2026-02-12T15:42:34+00:00,track,,,1,13546557502
21262651,3,2021-11-03T19:14:54+00:00,track,,,2,9222003777 9222003723
21262657,4,2024-04-11T15:31:12+00:00,track,,,1,11809847773
21262658,3,2024-04-11T15:39:13+00:00,track,,,1,11809850326
21262694,3,2021-11-03T19:14:54+00:00,track,,,1,9222003889
21262697,4,2023-06-01T17:41:01+00:00,track,,,1,10944519307
21262715,3,2025-12-14T01:16:51+00:00,track,,,1,13375144049
21262749,4,2022-05-30T14:55:30+00:00,residential,County Road 325,,1,9782346418
21262760,2,2025-03-12T00:28:21+00:00,residential,County Road 325,,1,12654157795
21262774,4,2022-01-12T12:53:32+00:00,track,,,2,9222003619 9222003623
21262785,3,2020-05-09T03:36:23+00:00,track,,,1,223843957
21262822,4,2025-01-25T14:23:16+00:00,track,,,2,9228633215 12531778801
21262835,3,2025-12-14T01:16:51+00:00,track,,,4,13375144039 13375144040 13375144041 13375143934
21262852,2,2021-11-05T20:48:13+00:00,track,,,2,9228580495 9228580672
21262894,3,2024-04-11T15:39:13+00:00,track,,,1,11809864497
21262963,3,2025-01-09T17:21:44+00:00,track,,,3,12486914646 12486914645 12486914698
21262972,3,2025-01-09T17:21:44+00:00,track,,,1,12486914697
21263068,3,2026-02-09T19:23:39+00:00,track,,,1,13538357548
21263080,3,2024-04-11T15:19:53+00:00,track,,,1,11809815913
21263108,3,2022-05-30T14:55:30+00:00,residential,County Road 195,,1,9782346468
21263117,2,2022-06-05T19:46:06+00:00,residential,County Road 195,,1,9797225187
21263267,4,2026-02-09T19:23:39+00:00,track,,,1,13538357585
21263288,3,2021-11-05T21:27:30+00:00,track,,,1,9228633139
21263327,3,2026-03-23T15:22:39+00:00,track,,,1,13672031052
21263426,3,2025-12-14T01:16:51+00:00,track,,,1,13375143836
21263444,3,2025-12-14T01:16:51+00:00,track,,,2,13375143837 13375143764
21263503,3,2026-02-09T19:23:39+00:00,track,,,1,13538357637
21263525,3,2023-06-26T15:04:44+00:00,track,,,1,11007901900
21263526,2,2025-03-12T00:43:41+00:00,residential,County Road 230,,1,12654195798
21263538,4,2025-03-12T00:43:41+00:00,residential,County Road 230,,3,12654195800 12654195801 12654195802
21263561,3,2026-02-04T20:30:24+00:00,track,,,1,13525001350
21263580,17,2025-06-02T06:13:31+00:00,secondary,,FM 2196,1,12654157796
21263604,4,2021-11-03T19:14:54+00:00,track,,,1,9222004057
21263630,4,2022-05-30T15:14:56+00:00,residential,West Lake Street,,1,9782346611
21263667,4,2025-05-16T16:13:47+00:00,residential,,,1,12648722139
21263696,3,2024-05-30T18:08:21+00:00,track,,,7,11945753498 11945753497 11945753496 11945753494 11945753493 11945753492 11945753491
21263701,4,2023-06-26T15:07:18+00:00,residential,Carruthers Road,,1,11007889101
21263749,3,2022-05-30T14:55:30+00:00,residential,County Road 315,,1,9782346456
21263841,3,2024-10-02T16:32:52+00:00,track,,,1,12216399059
21263854,1,2008-01-15T11:07:20+00:00,track,,,1,228796319
21263867,2,2021-11-05T20:48:13+00:00,service,,,1,9228580496
21263957,4,2025-01-25T14:23:16+00:00,track,,,1,12531778442
21263961,3,2026-03-23T15:22:39+00:00,track,,,1,13672031072
21263967,3,2025-01-25T14:23:16+00:00,track,,,1,12531778798
21263975,3,2026-03-23T15:22:39+00:00,track,,,1,13672031054
21263999,3,2023-06-26T15:07:18+00:00,track,,,1,11007889104
21264003,3,2025-12-14T01:24:17+00:00,track,,,1,13375148740
21264005,8,2025-03-12T00:28:21+00:00,residential,County Road 290,,1,12654157793
21264047,4,2026-03-23T15:22:39+00:00,track,,,2,13672030979 13672030998
21264080,4,2025-03-12T00:28:21+00:00,residential,County Road 345,,1,12654157792
21264170,3,2026-04-17T17:38:19+00:00,track,,,1,13738229059
21264214,3,2021-11-05T20:48:13+00:00,track,,,1,9228580765
21264256,4,2024-05-30T18:08:21+00:00,track,,,1,11945753495
21264268,4,2025-10-26T20:36:54+00:00,track,,,2,13115066352 13115066339
21264290,7,2025-03-12T00:24:40+00:00,unclassified,County Road 480,,1,12654174750
21264302,6,2022-05-30T14:28:19+00:00,tertiary,South 8th Street,,1,9782224605
21264457,3,2025-03-12T00:24:40+00:00,residential,County Road 565,,1,12654174816
21264563,4,2021-11-03T19:14:54+00:00,unclassified,White Road,,2,9222002691 9222003627
21264629,3,2024-10-02T16:34:10+00:00,residential,Hardgrove Road,,1,12216431179
21264634,3,2024-02-23T16:13:50+00:00,residential,Six Mile Road,,2,11657182938 228809315
21264642,4,2026-04-09T16:04:44+00:00,residential,Poulter Road,,1,13525001351
21264643,12,2022-05-30T14:55:30+00:00,residential,County Road 410,,4,9782313714 9782314592 9782335477 9782346460
21264665,4,2026-04-09T16:04:44+00:00,residential,Pakenham Road,,1,13718990238
21264691,9,2022-05-30T14:28:19+00:00,unclassified,West Broadway Street,,1,9782288218
21264705,3,2020-11-10T13:20:44+00:00,track,Case Road,,1,228810179
21264758,4,2024-04-11T15:25:20+00:00,track,Allen Road,,2,11809828790 11809828791
21264775,9,2022-08-30T12:17:00+00:00,residential,County Road 250,,1,9797243486
21264798,5,2022-05-30T14:55:30+00:00,residential,County Road 305,,1,9782346457
21264891,4,2026-03-23T15:22:39+00:00,track,Odom Road,,1,13672031089
21264979,4,2023-06-07T12:21:04+00:00,track,Rock Ravine Road,,1,10961479749
21265133,3,2020-11-17T11:28:47+00:00,track,Lower Gatlin Road,,1,228816510
21265143,4,2024-10-02T16:34:10+00:00,residential,Hardgrave Road,,1,10924093581
21265165,5,2026-04-09T17:53:14+00:00,track,Dudley Ranch Road,,1,11809815915
21265172,5,2026-04-09T17:53:14+00:00,track,Dudley Ranch Road,,1,11809828973
21265251,4,2024-04-11T15:25:20+00:00,track,Brown Road,,1,11809828974
21265287,5,2024-10-02T16:34:10+00:00,residential,Walker Road,,1,12216431167
21265290,5,2026-04-09T17:53:14+00:00,track,Walker Road,,1,11809815914
21265354,3,2021-11-03T19:14:54+00:00,track,Jones Drive,,1,9222003622
21265367,3,2024-05-30T18:08:21+00:00,residential,Tower Road,,1,11945753489
21265385,4,2024-02-23T16:13:50+00:00,track,Pierce Road,,1,11657182934
21265419,3,2021-11-05T21:27:30+00:00,residential,Stavley Road,,2,9228632970 9228632971
21265463,5,2026-04-09T19:43:00+00:00,residential,Cedar Road,,2,13538357469 9228580694
21265551,4,2026-02-09T19:23:39+00:00,residential,Shafter Crossing Road,,1,13538357586
21265579,2,2025-03-11T20:52:08+00:00,residential,County Road 320,,1,12653690356
21265591,5,2024-02-23T16:22:10+00:00,residential,Garner Road,,1,11657208693
21265622,4,2025-12-14T00:47:55+00:00,service,,,1,13375129029
21265653,4,2026-04-09T19:43:00+00:00,service,Cinco de Mayo Road,,3,9228580598 9228580670 9228580494
21265725,4,2024-02-23T16:13:50+00:00,residential,Gregory Road,,1,11657182936
21265884,5,2025-12-14T07:25:26+00:00,unclassified,McFadden Crossing Road,,1,11988204175
21266442,3,2025-12-02T17:09:47+00:00,unclassified,County Road 304,,1,12653327899
21266662,3,2022-09-23T23:25:02+00:00,track,,,1,10048376874
21266692,4,2025-05-26T16:42:56+00:00,residential,,,1,8130778189
21266889,2,2025-02-12T19:15:55+00:00,residential,,,1,12582824225
21267349,2,2020-11-17T18:02:01+00:00,residential,,,1,8130778192
21267488,6,2026-03-13T20:02:27+00:00,service,,,1,13645997968
21267549,3,2026-01-29T19:53:10+00:00,service,,,1,13510454719
21267916,4,2026-01-29T19:53:10+00:00,service,,,1,13510454945
21268577,4,2026-01-29T19:53:10+00:00,service,,,1,13510454874
21268806,2,2024-12-24T19:58:44+00:00,residential,,,1,12450063561
21268928,3,2026-03-13T20:02:27+00:00,service,,,1,13645998359
21269929,4,2026-01-29T20:44:53+00:00,service,,,1,13505176326
21270252,3,2025-07-08T15:13:35+00:00,track,,,1,228870576
21270389,3,2026-01-27T21:46:28+00:00,service,,,1,13505176016
21270507,2,2025-01-28T00:37:42+00:00,residential,,,1,12537553278
21271055,2,2025-01-28T00:37:42+00:00,residential,,,1,12537553268
21271480,2,2025-01-20T18:54:20+00:00,track,,,1,12518840841
21272165,4,2026-01-29T20:44:53+00:00,unclassified,Little Kickapoo Road,,1,13510568117
21272361,3,2025-01-21T15:47:41+00:00,track,,,1,12520871934
21273248,3,2025-09-22T19:58:03+00:00,track,,,1,13163276653
21273774,3,2026-02-02T18:02:58+00:00,track,,,1,13520057918
21273814,5,2026-01-29T16:10:19+00:00,unclassified,South Caney Road,,1,13507844442
21274151,3,2026-05-05T23:06:15+00:00,service,,,1,12537553319
21274501,3,2026-01-29T16:10:19+00:00,unclassified,South Caney Road,,1,13509910292
21274683,3,2026-02-02T18:02:58+00:00,track,,,1,13520057938
21275015,4,2026-02-02T18:02:58+00:00,track,,,1,13520057937
21275147,3,2026-02-02T18:02:58+00:00,track,,,1,13520057920
21275188,8,2026-02-16T03:30:04+00:00,track,Ranch Road,,3,12713778564 12713778555 12540047480
21275193,7,2026-02-16T03:30:04+00:00,residential,Ranch Road,,1,12540047429
21275878,3,2025-03-13T14:14:06+00:00,track,,,1,12659467721
21275900,3,2025-03-13T14:14:06+00:00,track,,,1,12659467708
21275997,4,2025-03-30T14:00:01+00:00,service,,,1,12713778469
21276165,2,2025-03-13T01:46:23+00:00,track,,,2,12657737544 12657737225
21276519,2,2025-01-04T15:41:39+00:00,track,,,1,12473751039
21276737,3,2025-01-28T22:19:13+00:00,track,,,1,12540047417
21276818,5,2026-04-09T11:40:49+00:00,track,,,1,13718360206
21276854,2,2025-01-04T15:41:39+00:00,track,,,1,12473750993
21277063,2,2025-01-04T15:41:39+00:00,track,,,1,12473685513
21277110,3,2025-03-13T14:14:06+00:00,track,,,2,12659467719 12659467710
21277532,3,2022-09-23T23:25:02+00:00,track,,,1,10048376836
21277561,3,2025-01-28T22:19:13+00:00,track,,,1,12540047430
21277691,4,2025-03-13T14:14:06+00:00,track,,,1,12659467722
21277841,4,2025-03-30T14:00:01+00:00,service,,,2,12713778421 12713778483
21278882,3,2025-01-28T22:19:13+00:00,track,,,1,12540047425
21278894,4,2025-03-30T14:00:01+00:00,track,,,2,12540047431 228958420
21279091,2,2020-10-23T17:55:39+00:00,service,,,1,8040470987
21279107,2,2024-12-24T20:04:29+00:00,track,,,1,12450068580
21279462,4,2025-03-30T14:00:01+00:00,track,,,1,12713778407
21279491,4,2025-03-30T14:00:01+00:00,track,,,1,12713778417
21280007,3,2026-04-09T11:40:49+00:00,track,,,1,13718360207
21281305,3,2022-09-25T17:17:51+00:00,service,,,1,10051832463
21281863,3,2026-02-02T18:02:58+00:00,track,,,1,13520057597
21281876,3,2026-02-02T18:02:58+00:00,track,,,1,13520057603
21282107,4,2026-02-02T18:02:58+00:00,track,,,1,13520057591
21282501,3,2025-01-28T22:19:13+00:00,track,,,1,12540047427
21283076,3,2025-01-28T22:19:13+00:00,track,,,1,12540047426
21283348,3,2026-02-02T18:50:19+00:00,service,,,1,228998234
21283982,12,2026-08-04T10:17:15+00:00,residential,Red Bluff Road,,1,13665851485
21284284,3,2025-03-13T14:14:06+00:00,track,,,1,12659467720
21284501,3,2025-01-28T22:19:13+00:00,track,,,1,12540047432
21284623,6,2025-01-02T11:42:40+00:00,residential,North Archer Street,,1,229006372
21284752,3,2025-03-13T14:14:06+00:00,track,,,1,12659467706
21284856,4,2026-01-20T21:43:33+00:00,residential,Bledsoe Road,,1,12450063562
21286055,12,2026-02-16T03:46:56+00:00,residential,Chevron Road 7,,1,12540047435
21286109,13,2025-09-20T19:05:57+00:00,unclassified,Hawk Avenue,,1,12450063085
21286110,8,2026-02-16T03:23:25+00:00,residential,Chevron Road 9,,1,12540047434
21286151,3,2024-12-24T19:58:44+00:00,residential,South Road 3,,1,12450063075
21286280,4,2024-12-24T19:58:44+00:00,residential,Gray Road,,1,12450063070
21286524,4,2025-03-13T14:14:06+00:00,residential,McElroy Ranch Road,,1,12659467709
21286706,3,2026-04-09T11:40:49+00:00,residential,Road 200,,1,13718314993
21286744,6,2026-02-16T03:23:25+00:00,residential,Chevron Road 11,,1,12540047433
21286782,3,2025-01-28T22:19:13+00:00,residential,Chevron Road 13,,1,12540047428
21287046,3,2025-01-28T22:19:13+00:00,residential,Chevron Avenue East,,1,12540047436
21287232,7,2026-09-17T07:56:50+00:00,tertiary,Spaulding Street,,1,229006372
21287665,5,2025-03-30T14:00:01+00:00,residential,County Road 303,,1,12713778544
21287675,4,2025-03-30T14:00:01+00:00,residential,County Road 303,,1,12713764160
21288371,4,2026-08-13T15:49:56+00:00,track,,,1,14092545941
21288549,3,2024-12-08T16:17:55+00:00,track,,,1,12405094566
21288696,7,2026-02-23T17:01:07+00:00,track,,,1,13593365144
21289150,2,2026-08-21T14:27:45+00:00,residential,,,1,14110160947
21289667,2,2026-02-07T00:08:07+00:00,residential,,,1,13530420336
21289738,3,2024-12-24T19:58:44+00:00,residential,1st Road,,1,12450063079
21289816,5,2026-02-18T03:53:15+00:00,track,,,1,229043411
21290058,6,2025-06-24T13:53:24+00:00,residential,Wilde Road,,1,8040470861
21290785,4,2026-02-23T17:01:07+00:00,track,,,1,13593365190
21291184,2,2026-08-21T15:34:51+00:00,residential,,,1,14110340597
21291510,6,2025-01-02T11:42:40+00:00,tertiary,Upton Street,,1,7183134360
21291532,2,2026-08-21T14:27:45+00:00,residential,,,1,14110160754
21292303,2,2026-08-11T16:41:04+00:00,track,,,1,14088021102
21292606,4,2021-07-03T17:53:31+00:00,track,,,1,8890713436
21294454,3,2026-02-26T18:19:45+00:00,track,,,1,13603324904
21294508,3,2020-12-25T23:15:55+00:00,unclassified,,,1,8260700371
21296915,3,2024-05-06T19:12:22+00:00,residential,County Road 415,,1,11884783950
21297526,3,2021-02-09T08:26:49+00:00,track,,,1,229098801
21298581,5,2026-05-14T10:51:18+00:00,service,,,2,11884811723 11884811398
21300899,3,2024-05-06T19:49:48+00:00,track,,,1,11884839523
21300932,3,2024-05-06T19:49:48+00:00,track,,,1,11884839524
21300954,4,2024-05-06T19:49:48+00:00,track,,,1,11884839525
21301281,4,2025-11-25T16:58:40+00:00,service,,,1,13331196335
21301404,3,2024-05-06T19:49:48+00:00,track,,,1,11884839522
21302368,3,2024-06-29T13:01:10+00:00,service,,,1,12020237090
21302543,3,2025-01-14T14:07:38+00:00,residential,,,1,12500840365
21302732,4,2024-06-29T13:01:10+00:00,track,,,1,12020237088
21303277,3,2022-01-09T15:45:03+00:00,track,,,1,9405102054
21303383,4,2023-07-19T15:26:18+00:00,track,,,1,229154956
21303813,2,2024-04-28T15:32:32+00:00,service,,,1,11862493183
21304295,3,2025-11-28T16:38:21+00:00,track,,,1,13338793303
21304381,2,2025-01-11T01:15:29+00:00,residential,,,1,12490480742
21304481,4,2025-04-11T13:15:34+00:00,track,,,1,12747850767
21304874,3,2022-01-09T15:45:03+00:00,track,,,1,9405102053
21305047,3,2025-04-11T13:15:34+00:00,track,,,1,12747850863
21306548,4,2025-03-11T06:06:05+00:00,track,,,1,12651710234
21306583,3,2024-05-06T19:49:48+00:00,track,,,1,11884839521
21307322,2,2025-04-11T13:15:34+00:00,track,,,1,12747850922
21307770,5,2024-04-28T17:22:50+00:00,service,,,1,11862698331
21307973,4,2025-01-15T21:23:55+00:00,track,,,1,12505410471
21308094,4,2025-01-07T21:41:47+00:00,unclassified,County Road 420,CR 420,1,11884783937
21308283,4,2025-01-07T21:41:48+00:00,residential,County Road 425,CR 425,1,11884783980
21308399,3,2024-06-29T13:01:10+00:00,residential,County Road 429,,1,12020237089
21309003,2,2025-01-15T21:23:55+00:00,residential,,,1,12505410600
21309260,3,2025-01-11T01:15:29+00:00,residential,,,1,12490481170
21309654,4,2026-02-27T17:45:51+00:00,residential,,,2,13605895354 13606170407
21310063,4,2026-02-06T19:38:48+00:00,service,,,3,13526943551 13526943549 13526943560
21310508,3,2026-02-23T20:59:52+00:00,service,,,1,13593840305
21311010,2,2026-02-05T18:32:16+00:00,service,,,1,13527016829
21311280,3,2026-01-22T02:05:33+00:00,service,,,1,13475308273
21311312,3,2026-02-27T17:45:51+00:00,residential,,,1,13606170406
21311550,5,2025-01-15T21:47:24+00:00,residential,,,1,12505442224
21312093,2,2026-02-06T20:26:25+00:00,service,,,1,13530043258
21313112,3,2026-02-06T20:26:25+00:00,track,,,1,13530042943
21313348,4,2025-04-11T13:15:34+00:00,unclassified,San Juan Road,,1,12747850875
21313357,4,2026-03-02T17:29:17+00:00,service,,,1,13612578688
21313388,3,2026-01-22T02:05:33+00:00,service,,,1,12021436071
21313451,2,2026-05-20T21:36:58+00:00,track,,,1,13854431759
21313585,3,2026-02-05T18:32:16+00:00,service,,,1,13527016839
21313917,3,2025-01-15T21:23:55+00:00,track,,,1,12505410472
21314252,4,2025-03-11T06:06:05+00:00,track,,,1,12651710229
21314962,4,2026-02-13T20:05:57+00:00,service,,,1,13556653707
21316698,6,2024-12-28T18:29:05+00:00,track,,,1,12459360329
21318319,3,2022-04-13T04:28:23+00:00,service,,,1,9662189509
21318559,3,2026-05-20T21:36:58+00:00,track,,,1,13854431786
21318884,5,2026-02-27T18:06:23+00:00,service,,,1,13606208145
21319007,4,2026-02-05T18:32:16+00:00,track,,,1,13527016834
21319013,7,2026-02-27T16:33:36+00:00,residential,County Road F,,1,13606045828
21319418,5,2026-02-27T17:59:30+00:00,residential,County Road J,,1,13606194353
21319876,3,2023-07-19T15:26:18+00:00,track,,,1,229330977
21319892,4,2026-02-27T17:59:30+00:00,residential,County Road 16,,1,13606194354
21320043,8,2026-08-30T23:36:50+00:00,residential,County Road 17,,2,13606194352 13605735581
21320174,2,2026-02-05T17:52:52+00:00,service,,,1,13526943561
21320208,5,2026-02-27T14:40:48+00:00,residential,County Road 18,,1,13605735582
21320568,7,2025-06-23T20:32:40+00:00,track,,,1,12651716347
21321587,2,2026-01-22T02:05:33+00:00,service,,,1,13475308271
21321931,4,2026-02-21T14:54:05+00:00,track,,,1,13587250068
21322550,2,2026-03-26T15:09:45+00:00,residential,,,1,13682068232
21322630,7,2026-02-27T16:33:36+00:00,residential,County Road 2,,1,13606046095
21322809,3,2026-03-26T15:40:14+00:00,track,,,1,13682122099
21322903,7,2026-02-27T16:33:36+00:00,residential,County Road 5,,1,13606045559
21323033,5,2026-02-27T18:12:40+00:00,residential,County Road 6,,1,13606220402
21323079,6,2026-02-04T02:09:08+00:00,residential,County Road 6,,1,13523214695
21323776,2,2026-02-20T18:35:38+00:00,service,,,1,229366668
21323787,6,2026-02-25T15:41:00+00:00,residential,County Road 29,,1,13598372803
21324180,2,2026-04-04T19:18:16+00:00,residential,,,1,13706467323
21324485,2,2025-01-15T22:03:49+00:00,residential,,,1,12505463379
21325087,2,2026-04-04T19:18:16+00:00,residential,,,1,13706470209
21326531,3,2026-05-20T21:05:00+00:00,residential,,,1,13854386257
21332674,2,2026-02-06T20:26:25+00:00,service,County Road 245,,1,13530042946
21332774,2,2024-05-25T14:40:20+00:00,residential,County Road 381,,1,11933201616
21332852,3,2026-02-05T18:32:16+00:00,residential,County Road 251,,1,13527016838
21332927,2,2022-04-13T04:28:23+00:00,residential,County Road 253,,1,9662189059
21332998,3,2026-01-14T03:04:14+00:00,residential,County Road 255,,1,9662189064
21333629,7,2025-01-14T14:07:38+00:00,residential,Martinena Road,,1,12500854089
21333636,3,2025-01-14T14:07:38+00:00,residential,Martinena Road,,1,12500854012
21333846,2,2026-04-15T23:48:13+00:00,track,,,1,13733717426
21334303,5,2025-02-11T19:03:56+00:00,service,,,1,12579639651
21335288,2,2026-04-08T20:25:20+00:00,track,,,1,13717219818
21335554,2,2026-04-05T14:08:53+00:00,residential,,,1,13708337491
21336090,3,2026-04-05T14:08:53+00:00,track,,,1,13708336902
21336342,2,2026-04-04T19:18:16+00:00,service,,,1,13706470671
21336648,3,2022-09-16T21:14:59+00:00,residential,County Road 150,CR 150,2,10030454680 229490331
21337756,9,2025-08-01T17:47:02+00:00,unclassified,County Road 1900 West,CR 1900,1,229490331
21339169,8,2024-11-21T14:08:38+00:00,residential,Nicholson Lake Road,,1,222138024
21340028,3,2026-04-05T14:08:53+00:00,track,,,1,13708336899
21340420,3,2026-02-02T14:13:19+00:00,unclassified,County Road 473,CR 473,1,13519591678
21341534,3,2026-05-04T20:52:25+00:00,track,,,1,13796775743
21342815,6,2026-04-08T20:25:20+00:00,residential,County Road 99 South,,1,13717219446
21343428,8,2026-05-22T19:00:49+00:00,service,,,1,13861258257
21343847,3,2026-02-01T17:42:39+00:00,track,,,1,13517065290
21344240,2,2026-02-02T14:13:19+00:00,track,,,1,13519591677
21346626,4,2026-05-04T20:28:12+00:00,unclassified,County Road 139,,1,13796724430
21350443,46,2025-12-28T02:16:41+00:00,unclassified,County Road 307,CR 307,1,229626435
21350811,22,2025-12-28T02:16:41+00:00,residential,County Road 317,,1,13411776132
21351576,4,2025-05-02T14:36:23+00:00,residential,County Road 330,,1,12804228011
21351607,38,2026-02-03T16:31:04+00:00,residential,County Road 331,,1,13522212542
21352084,7,2026-02-02T14:13:19+00:00,unclassified,County Road 472,CR 472,2,13519591680 13519591681
21380333,6,2025-03-10T21:07:33+00:00,tertiary,County Road 225,,1,12457739496
21381270,2,2025-02-19T18:47:03+00:00,service,,,1,12601581257
21387204,7,2024-12-28T04:53:16+00:00,residential,County Road 165,,1,230010795
21387315,3,2024-12-28T01:56:03+00:00,residential,County Road 195,,2,12457739498 12457739493
21387488,6,2026-05-31T22:46:44+00:00,residential,County Road 310,,1,13900147737
21388709,2,2020-10-10T06:55:37+00:00,service,,,2,7994218985 230018756
21396493,7,2026-03-26T16:09:27+00:00,residential,Guerrero Avenue,,1,13682209102
21396573,5,2026-05-20T20:45:02+00:00,residential,,,1,13854347760
21396940,4,2026-04-17T17:24:49+00:00,service,,,1,13738209723
21396948,4,2026-04-17T17:24:49+00:00,residential,,,1,13738209702
21397251,3,2024-12-28T18:15:05+00:00,residential,,,1,12459342086
21397307,5,2026-04-23T13:37:02+00:00,unclassified,,,1,13755088058
21397403,3,2026-05-20T19:35:40+00:00,track,,,1,13854182209
21397543,3,2026-05-20T20:05:35+00:00,track,,,1,13854244651
21397683,3,2026-05-20T18:54:24+00:00,track,,,1,13854068134
21397720,3,2026-05-20T18:25:32+00:00,residential,,,1,13853967656
21397925,2,2025-01-04T14:32:44+00:00,residential,,,1,12473615409
21397967,3,2026-03-26T14:08:16+00:00,residential,,,1,12473615416
21398371,2,2026-04-22T22:59:32+00:00,track,,,1,13753803570
21398606,2,2026-05-20T21:05:00+00:00,residential,,,1,13854385599
21398848,2,2026-05-20T20:25:36+00:00,residential,,,1,13854290725
21398892,2,2026-05-20T19:35:40+00:00,track,,,1,13854181754
21399502,3,2025-04-11T20:52:51+00:00,track,,,1,12473615207
21399589,2,2024-12-28T18:15:05+00:00,residential,,,1,12459342074
21399807,4,2026-05-20T20:25:36+00:00,residential,,,2,13854182677 13854290062
21400481,2,2025-01-04T14:32:44+00:00,track,,,2,12473596974 12473596975
21401025,6,2026-03-26T16:09:27+00:00,residential,Flores Avenue,,1,13682209109
21401466,3,2025-03-03T22:18:28+00:00,residential,Pringle Rothell Road,,1,12634566542
21402099,4,2026-04-17T13:48:12+00:00,track,,,1,12473596995
21402191,2,2026-05-20T18:54:24+00:00,residential,,,1,13854068165
21402316,4,2025-01-04T14:32:44+00:00,residential,,,1,11685927388
21403142,3,2026-04-23T13:37:02+00:00,residential,,,1,13755176237
21404237,5,2026-03-26T16:09:27+00:00,residential,Falcon Avenue,,1,13682209105
21404370,5,2026-03-26T16:09:27+00:00,residential,Villa Avenue,,1,13682209103
21404380,5,2026-03-26T16:09:27+00:00,residential,Medina Avenue,,1,13682209098
21404397,8,2026-03-26T16:09:27+00:00,residential,Bandera Avenue,,1,13682209108
21404701,5,2026-03-26T16:09:27+00:00,residential,Bravo Avenue,,1,13682209106
21404709,7,2026-03-26T16:09:27+00:00,residential,Laredo Avenue,,1,13682209107
21404827,7,2026-03-26T16:09:27+00:00,residential,Mier Avenue,,1,13682209097
21405224,5,2026-03-26T16:09:27+00:00,residential,Ramireno Avenue,,1,13682209104
21405494,4,2021-03-18T07:58:58+00:00,residential,Corrgan Road,,1,8494393369
21408596,2,2012-02-13T19:20:19+00:00,residential,,,1,230254108
21408743,2,2025-01-09T16:05:19+00:00,residential,,,1,12486808827
21408990,2,2021-03-07T16:10:10+00:00,residential,,,1,8494393363
21409722,3,2024-06-23T13:59:33+00:00,service,,,1,12003228398
21410157,4,2025-01-11T00:42:11+00:00,residential,,,1,12490301220
21410490,3,2025-01-10T23:22:19+00:00,residential,,,1,12490231946
21411202,3,2025-01-10T23:22:19+00:00,track,,,1,12490231947
21411259,3,2025-01-11T00:52:18+00:00,residential,,,2,12490301425 12490315719
21412018,2,2025-01-11T00:42:11+00:00,residential,,,1,12490301428
21412323,2,2014-01-16T00:19:33+00:00,track,,,1,230301475
21412414,2,2025-01-10T23:35:34+00:00,residential,,,1,12490245411
21412625,3,2025-01-08T19:45:55+00:00,residential,,,1,12484808583
21413224,2,2025-01-10T23:22:19+00:00,residential,,,1,12490232041
21414318,2,2025-01-08T20:12:25+00:00,residential,,,1,12485100848
21414546,3,2025-01-10T23:22:19+00:00,residential,,,1,12490232200
21414817,2,2025-01-10T23:22:19+00:00,residential,,,1,12490232219
21414921,2,2021-03-07T16:10:10+00:00,track,,,1,8494393385
21415068,3,2025-01-06T21:20:56+00:00,residential,,,1,12479408115
21415120,2,2025-01-08T17:11:24+00:00,residential,,,1,12484819114
21416075,2,2025-01-08T17:11:24+00:00,residential,,,1,12484819559
21416800,3,2025-01-10T22:54:43+00:00,track,,,1,12489870933
21416869,2,2025-01-10T23:59:15+00:00,residential,,,1,12490269856
21417838,2,2025-01-10T23:59:15+00:00,residential,,,1,12490269853
21419031,2,2025-01-11T00:09:59+00:00,residential,,,1,12490277474
21421119,4,2025-01-08T20:12:25+00:00,residential,,,1,12485100811
21421504,3,2025-04-04T14:57:00+00:00,track,,,1,12729124232
21423246,3,2025-01-10T23:07:23+00:00,track,,,1,12489880479
21423572,2,2025-01-08T19:45:55+00:00,residential,,,1,12485056471
21662933,7,2026-05-31T22:46:44+00:00,service,,,1,13900147744
21663654,5,2025-01-29T03:24:58+00:00,track,,,1,12540826846
21663790,4,2025-01-29T03:24:58+00:00,track,,,1,12540826847
21668094,4,2025-03-17T20:01:46+00:00,track,,,2,12673983585 12673983561
21671640,3,2022-01-23T13:14:14+00:00,track,,,1,9442175396
21672021,4,2022-01-26T16:14:41+00:00,track,,,2,9450521485 9450521453
21672209,4,2022-01-25T19:53:44+00:00,track,,,2,9448371671 9448371551
21673007,3,2022-01-26T16:14:41+00:00,track,,,1,9450521435
21673237,4,2022-01-26T16:31:18+00:00,track,,,1,9450546738
21673254,3,2022-01-26T16:31:18+00:00,track,,,1,9450546978
21673368,4,2022-01-25T19:53:44+00:00,track,,,2,9448344681 9448360181
21673692,3,2024-12-15T02:49:23+00:00,track,,,1,12423677503
21673895,3,2024-12-15T02:59:44+00:00,track,,,1,12423983893
21673910,4,2025-01-28T16:55:54+00:00,track,,,2,12539461400 9442110652
21674252,3,2024-12-15T02:49:23+00:00,track,,,1,12423677504
21675424,3,2022-01-25T20:02:27+00:00,track,,,1,9448389258
21675679,3,2024-12-15T02:59:44+00:00,track,,,1,12423983892
21675763,4,2022-01-26T16:31:18+00:00,track,,,1,9450547161
21675871,4,2022-01-25T20:02:27+00:00,track,,,1,9448389118
21676350,5,2022-01-25T20:02:27+00:00,track,,,1,9448344680
21676531,5,2024-12-15T02:49:23+00:00,track,,,3,9449279275 9449328917 12423677507
21676631,5,2022-01-26T08:03:35+00:00,track,,,2,9449329048 9449279217
21677159,3,2024-12-11T05:48:47+00:00,residential,,,1,233598583
21677276,3,2022-01-25T20:02:27+00:00,track,,,1,9448389167
21677493,3,2022-01-25T08:59:11+00:00,track,,,1,9446892483
21677630,3,2022-01-26T08:34:56+00:00,track,,,1,9449382844
21678025,3,2024-12-15T02:49:23+00:00,track,,,1,12423677032
21679879,2,2022-01-25T19:53:44+00:00,service,Private Road 1030,,1,9448371488
21680658,5,2022-01-23T13:14:14+00:00,unclassified,Muleshoe Road,,2,8496524488 9442175500
21681750,19,2026-01-08T03:04:41+00:00,primary,,TX 137,3,12549152657 12549152638 12549152677
21681800,3,2025-02-01T14:56:15+00:00,track,,,1,12549126069
21681806,3,2025-02-01T14:56:15+00:00,track,,,1,12549126074
21681887,3,2024-10-30T19:25:14+00:00,track,,,1,12300047595
21681975,3,2024-10-30T19:25:14+00:00,track,,,1,12300047585
21682104,3,2025-02-01T14:56:15+00:00,track,,,1,12549126081
21682228,6,2025-02-01T14:56:15+00:00,track,,,1,12549126076
21682340,3,2024-10-30T19:25:14+00:00,track,,,1,12300047594
21682478,3,2025-02-01T14:56:15+00:00,track,,,1,12549152306
21682628,4,2024-10-30T18:54:53+00:00,track,,,2,12300044190 12300037754
21682662,4,2025-02-01T14:56:15+00:00,track,,,1,12549152682
21682692,3,2024-10-30T18:54:53+00:00,track,,,1,12300044155
21682743,4,2025-02-01T14:56:15+00:00,track,,,1,12494069999
21682781,3,2024-06-16T15:34:13+00:00,track,,,1,11985623495
21682833,3,2025-02-01T14:56:15+00:00,track,,,1,12549152691
21682868,3,2024-06-16T15:34:13+00:00,track,,,1,11985623504
21682988,3,2025-01-12T01:13:45+00:00,track,,,1,12494070002
21683023,4,2025-02-01T14:56:15+00:00,track,,,2,12494070000 12549152533
21683100,3,2025-02-01T14:56:15+00:00,track,,,1,12549152690
21683138,3,2024-06-16T15:34:13+00:00,track,,,1,11985623510
21683208,3,2025-01-12T01:13:45+00:00,track,,,1,12494070017
21683314,3,2025-02-01T14:56:15+00:00,track,,,1,12549152604
21683375,3,2025-01-12T01:13:45+00:00,track,,,1,12494070020
21683469,3,2024-10-30T19:25:14+00:00,track,,,1,12300107206
21683506,5,2025-02-01T14:56:15+00:00,track,,,1,12549152603
21683509,3,2025-02-01T14:56:15+00:00,track,,,1,12549126071
21683589,3,2025-01-12T01:13:45+00:00,track,,,1,12494070006
21683591,5,2023-03-22T18:32:17+00:00,unclassified,,,1,10754029934
21683597,3,2023-03-22T18:24:46+00:00,track,,,1,233671652
21683633,3,2025-01-12T01:13:45+00:00,track,,,1,12494070009
21683749,5,2025-02-01T14:56:15+00:00,track,,,1,12549152605
21684282,1,2008-01-17T03:34:14+00:00,residential,,,1,233682710
21684329,3,2024-10-30T19:25:14+00:00,track,,,2,12300047587 12300047588
21684341,3,2024-10-30T19:25:14+00:00,track,,,2,12300047596 12300047597
21684397,3,2024-10-30T18:54:53+00:00,track,,,1,12300044160
21684402,3,2024-10-30T18:54:53+00:00,track,,,1,12300044159
21684415,3,2025-01-12T01:13:45+00:00,track,,,1,12494070003
21684465,6,2025-01-12T01:13:45+00:00,service,,,1,12494070016
21684490,5,2023-03-20T03:29:09+00:00,track,,,1,10209589537
21684949,3,2025-01-12T01:13:45+00:00,track,,,1,12494070018
21685526,3,2025-11-23T18:53:04+00:00,residential,County Road 206,,1,13326749215
21686246,2,2023-03-22T17:47:14+00:00,track,,,1,233714821
21686477,3,2024-10-30T19:25:14+00:00,track,,,1,12300047591
21687248,4,2024-06-16T15:34:13+00:00,track,Pr Road 4618,,1,11985623496
21687697,10,2025-09-29T21:04:11+00:00,residential,County Road 110,,2,12549152601 12549152678
21689233,1,2008-01-17T04:01:42+00:00,residential,County Road 319,,1,233748949
21689477,3,2025-03-11T18:41:23+00:00,residential,,,1,12652890841
21690302,2,2025-03-11T18:55:01+00:00,residential,,,1,12652922616
21690504,3,2024-12-20T16:33:29+00:00,track,,,1,12437204299
21691491,2,2024-12-20T16:33:29+00:00,track,,,2,12437204286 12437204288
21696084,2,2025-03-10T14:55:30+00:00,service,Private Road 148,,1,12650035398
21847894,10,2023-12-25T01:02:43+00:00,track,Forest Service Rd 244,,1,7866581355
21856414,4,2026-06-06T21:28:43+00:00,residential,,,1,13915444719
21881866,4,2023-06-04T19:51:22+00:00,track,,,1,10955673905
21881882,3,2022-01-21T04:42:53+00:00,track,,,1,9435538986
21881915,4,2022-01-23T12:00:44+00:00,track,,,1,9442043268
21881947,3,2022-01-21T04:42:53+00:00,track,,,1,9435539203
21881963,3,2022-01-23T12:14:50+00:00,track,,,1,9442060279
21882464,3,2025-03-11T23:04:14+00:00,track,,,2,12654089039 12654088821
21882557,3,2022-01-23T11:29:22+00:00,track,,,2,9441995437 9441995493
21882596,3,2022-01-21T04:42:53+00:00,track,,,1,9435539135
21882626,3,2022-01-23T06:43:00+00:00,track,,,1,9441613872
21882637,4,2025-09-22T19:19:17+00:00,track,,,1,9464227105
21882824,3,2022-01-23T07:29:42+00:00,track,,,1,9441696062
21882898,3,2022-01-23T11:29:22+00:00,track,,,1,9441995253
21883116,3,2022-01-31T19:37:04+00:00,track,,,1,9464198374
21883474,3,2022-01-23T13:38:42+00:00,track,,,1,9442221870
21883974,3,2022-01-21T04:10:48+00:00,track,,,1,9435491531
21884297,4,2022-11-07T02:04:59+00:00,track,,,3,235777551 9431689825 235777551
21884487,4,2022-01-23T13:38:42+00:00,track,,,1,9442221857
21884768,4,2026-01-05T00:41:09+00:00,residential,Northwest C R 4290,,1,13431374400
21884804,3,2022-01-21T04:55:46+00:00,track,,,1,9435558874
21884976,3,2022-01-23T12:00:44+00:00,track,,,1,9442043455
21885000,6,2022-01-21T04:18:42+00:00,track,,,1,9435497808
21885254,3,2025-03-12T19:58:23+00:00,track,,,1,12657266309
21885267,3,2022-01-31T19:37:04+00:00,track,,,1,9464226962
21885352,2,2020-05-09T03:36:41+00:00,track,,,1,235791069
21885437,4,2022-01-23T13:38:42+00:00,track,,,1,9442221893
21885509,3,2022-01-21T04:10:48+00:00,track,,,1,9435491564
21885661,4,2022-01-31T17:59:49+00:00,track,,,3,9442082429 9442082446 9442082479
21885729,6,2024-12-20T20:44:31+00:00,track,,,1,12437561987
21885764,3,2022-01-21T04:10:48+00:00,track,,,1,9435491441
21885787,3,2022-01-21T04:18:42+00:00,track,,,1,9435502220
21885880,4,2022-01-31T19:37:04+00:00,track,,,1,9464226870
21886029,5,2023-03-23T01:45:38+00:00,track,,,1,235800454
21886077,3,2022-01-23T12:00:44+00:00,track,,,1,9442043590
21886129,3,2022-01-21T04:10:48+00:00,track,,,2,9435491433 9435491414
21886195,3,2023-03-23T01:49:09+00:00,track,,,1,235802543
21886199,4,2023-03-23T01:58:41+00:00,track,,,1,235802659
21886528,3,2022-01-21T04:42:53+00:00,track,,,1,9435538851
21886539,3,2023-03-23T01:49:09+00:00,track,,,1,235806678
21886916,3,2023-06-05T23:56:43+00:00,service,,,1,10956621293
21886972,2,2023-06-05T05:26:27+00:00,service,,,1,10956654560
21887142,4,2019-09-27T22:53:18+00:00,track,,,1,6831760140
21887201,2,2023-06-06T00:19:08+00:00,service,,,1,10958549460
21887259,2,2023-06-06T00:19:08+00:00,service,,,1,10958549145
21887446,4,2023-03-23T00:47:14+00:00,track,,,1,235818111
21887482,6,2025-06-08T13:53:54+00:00,track,,,1,6831996567
21887576,3,2022-01-21T04:42:53+00:00,track,,,1,9435539106
21887580,3,2022-01-21T04:18:42+00:00,track,,,1,9435497798
21887645,7,2023-03-23T01:31:03+00:00,track,,,2,235821480 235821513
21887689,3,2022-01-19T17:55:24+00:00,track,,,2,9431689907 9431689906
21887741,3,2022-01-21T04:55:46+00:00,track,,,1,9435558817
21887779,3,2022-01-21T04:55:46+00:00,track,,,1,9435558798
21887815,3,2022-01-21T04:42:53+00:00,track,,,1,9435539018
21887925,3,2022-01-21T04:42:53+00:00,track,,,1,9435538930
21887933,4,2022-01-31T17:59:49+00:00,track,,,1,9463809095
21887940,3,2022-01-23T12:34:12+00:00,track,,,1,9442082322
21888216,3,2022-01-23T12:00:44+00:00,track,,,1,9442043330
21888434,3,2022-01-23T07:07:20+00:00,track,,,1,9441660547
21889067,4,2022-01-23T13:46:02+00:00,track,,,1,9442235746
21890727,3,2023-06-06T01:58:38+00:00,track,,,1,10958611144
21891354,16,2025-06-02T06:13:39+00:00,secondary,,FM 1269,1,12657371634
21895271,7,2023-06-30T14:26:16+00:00,track,,,1,10303519003
21895291,4,2023-06-30T14:26:16+00:00,track,,,1,10307684277
21895328,3,2023-06-30T19:49:21+00:00,track,,,1,10301485343
21895727,3,2025-03-11T19:27:29+00:00,track,,,1,12652995558
21895740,4,2020-05-08T19:43:55+00:00,residential,21st Street,,1,6831759976
21895743,4,2025-03-11T19:16:17+00:00,track,,,1,12652970963
21895756,4,2025-03-11T19:27:29+00:00,track,,,1,12652995763
21895920,3,2023-06-30T19:49:21+00:00,track,,,1,10303500760
21896190,3,2023-06-30T14:26:16+00:00,track,,,1,235928330
21896239,4,2025-03-11T19:16:17+00:00,track,,,1,12652970760
21896252,3,2025-03-11T19:51:53+00:00,track,,,1,12653033705
21896256,4,2025-03-11T19:27:29+00:00,track,,,1,12652995718
21896284,4,2025-03-11T19:51:53+00:00,track,,,1,12653033364
21896290,3,2025-03-11T19:51:53+00:00,track,,,1,12653033729
21896300,4,2023-06-30T14:26:16+00:00,track,,,2,10303519061 10303532668
21896312,6,2026-03-16T15:20:14+00:00,track,,,1,235931599
21896353,5,2023-06-30T14:26:16+00:00,track,,,1,10307684112
21896420,5,2024-12-20T16:33:29+00:00,track,,,2,12437204308 12437204306
21896627,6,2025-03-11T19:51:53+00:00,track,,,1,12653033850
21896642,4,2025-03-11T19:51:53+00:00,track,,,1,12653033220
21896923,4,2025-03-07T02:43:32+00:00,track,,,1,12642052850
21896965,3,2023-07-05T18:31:57+00:00,track,,,1,6577894342
21897036,5,2025-03-11T19:16:17+00:00,track,,,1,12652970686
21897047,3,2025-03-11T19:16:17+00:00,track,,,1,12652970510
21897171,4,2026-03-16T19:59:20+00:00,track,,,1,13653302910
21897422,5,2023-06-30T19:49:21+00:00,track,,,1,10303576485
21897433,5,2025-03-11T19:16:17+00:00,track,,,1,12652971011
21897679,2,2019-06-29T03:48:29+00:00,residential,,,1,6577894399
21897709,3,2023-07-05T18:31:57+00:00,track,,,1,9656812355
21897965,2,2025-03-06T16:57:33+00:00,track,,,1,12641200193
21898438,5,2025-11-28T19:16:14+00:00,track,,,1,6872472046
21898501,4,2023-06-30T19:49:21+00:00,track,,,1,10303433889
21898783,5,2025-03-11T19:27:29+00:00,track,,,1,12652995613
21899160,4,2023-07-05T18:31:57+00:00,track,,,1,9656775011
21899410,4,2023-06-30T14:26:16+00:00,track,,,1,235999914
21899634,3,2023-06-30T14:26:16+00:00,track,,,1,10307574581
21899649,2,2023-01-04T00:25:38+00:00,service,,,1,10303569815
21899665,6,2023-06-30T19:49:21+00:00,track,,,1,10303490720
21899820,5,2024-12-20T16:44:48+00:00,track,,,1,12437175996
21899900,3,2023-07-05T18:31:57+00:00,track,,,1,6577894500
21899940,3,2023-06-30T19:49:21+00:00,track,,,1,10301433372
21900099,3,2023-06-30T19:49:21+00:00,track,,,1,10301485674
21900185,3,2025-02-28T01:44:59+00:00,track,,,1,12624605879
21900254,3,2026-03-16T15:20:14+00:00,track,,,1,13652703494
21900323,8,2023-06-30T14:26:16+00:00,track,,,1,10307941882
21900358,2,2022-04-14T12:46:38+00:00,track,,,1,9665839265
21900470,2,2019-06-30T06:10:58+00:00,residential,,,1,6579539437
21900513,3,2024-12-20T16:33:29+00:00,track,,,2,12437204300 12437204305
21900815,3,2023-06-30T19:49:21+00:00,track,,,1,10301465946
21900833,3,2023-06-30T19:49:21+00:00,track,,,1,10301433222
21901053,6,2026-03-25T16:20:03+00:00,track,,,1,6872329935
21901212,4,2025-01-13T06:39:27+00:00,track,,,1,6579515623
21901600,5,2023-06-30T19:49:21+00:00,track,,,2,10307928797 10307928827
21901654,4,2023-06-30T19:49:21+00:00,track,,,1,10303493903
21903931,2,2023-01-03T22:42:57+00:00,residential,County Road 162,,1,10303483500
21904135,9,2023-02-17T15:53:18+00:00,service,,,1,10673906594
21904389,4,2026-03-16T15:20:14+00:00,residential,Newell Ranch Road,,1,13652703392
21904456,4,2023-01-05T03:13:55+00:00,service,Private Road 1560,,1,10307852942
21907761,3,2025-03-05T17:50:44+00:00,track,,,1,12639096104
21908370,3,2024-04-21T06:33:48+00:00,track,,,1,11834425561
21909154,3,2024-04-21T06:33:48+00:00,track,,,1,11834425821
21910960,2,2023-07-06T16:07:56+00:00,track,,,1,236106231
21911607,3,2025-03-05T16:51:59+00:00,track,,,1,12638995305
21913534,3,2024-04-21T06:33:48+00:00,track,,,1,11834425645
21916016,2,2024-04-21T06:33:48+00:00,track,,,1,11834425875
21916412,2,2022-04-13T15:20:25+00:00,track,,,1,9663606841
21916852,4,2025-07-03T12:31:23+00:00,service,,,1,6573955390
21918664,4,2025-02-19T11:16:21+00:00,residential,County Line Road North,,1,12410451318
21919456,3,2023-07-17T17:41:31+00:00,track,,,1,6579500047
21919494,3,2022-04-10T20:30:40+00:00,service,,,1,9656775176
21921763,5,2026-06-24T05:10:32+00:00,residential,Frazier Lane,,1,13352058364
21922051,2,2022-04-14T12:46:38+00:00,track,,,1,9665839374
21922928,2,2023-07-10T13:56:21+00:00,track,,,1,236241857
21923425,3,2023-12-02T19:45:53+00:00,track,,,1,11390400729
21923458,5,2026-01-09T22:15:42+00:00,track,,,1,11390400693
21924534,3,2023-07-05T18:31:57+00:00,track,,,1,6577886757
21925459,1,2008-01-18T02:22:03+00:00,track,,,1,236267328
21927063,3,2019-06-29T03:48:29+00:00,residential,,,2,6577894284 6577887007
21928387,3,2022-04-10T20:30:40+00:00,service,,,1,9656775248
21929219,2,2022-04-13T15:20:25+00:00,track,,,1,9663607052
21934870,5,2025-03-05T00:30:37+00:00,residential,Johnson Lane,,1,12637526339
21935331,3,2024-04-21T06:33:48+00:00,residential,Keechi Ranch Road,,1,236267328
21935586,4,2020-09-15T00:37:48+00:00,residential,Brad Road,,1,6577886792
24541644,13,2025-09-09T17:58:07+00:00,service,Cedar Breaks Road,,1,13131463850
27280335,7,2025-01-26T21:45:29+00:00,motorway_link,,,1,12535046038
28427812,18,2025-07-14T22:24:03+00:00,footway,West Trail,,17,12999999856 12999999858 12999999857 12999804687 12999804686 12999804685 312336771 12999804684 12999804683 12999804682 12999804681 13000095207 12999804582 13000095194 13000095117 12999804581 12999804863
28427984,13,2025-07-14T22:24:03+00:00,footway,West Loop Trail,,4,13000095148 12999804630 12999804629 13000095136
28430461,9,2025-11-13T17:14:27+00:00,residential,Aiken Drive,,1,13302014699
28518105,24,2025-06-06T14:48:00+00:00,path,Far Reaches Trail,,1,12892244003
28518139,26,2025-06-05T18:02:38+00:00,path,Sendero Balcones,,1,12889270707
28518231,11,2025-06-06T15:33:00+00:00,path,Cave Creek Trail,,3,12892387521 12892387520 12892387519
28571053,13,2025-06-05T18:02:38+00:00,path,Wildcat Canyon Trail,,4,12889270590 12889270592 12889270593 12889270528
28571138,12,2025-06-06T15:33:00+00:00,path,Caroline's Loop,,3,12892387807 12892387810 12892387809
28632779,5,2025-01-26T18:03:14+00:00,track,,,1,12534577839
28772340,3,2023-06-03T20:47:17+00:00,track,,,1,10949478721
28772397,4,2025-07-16T13:32:56+00:00,track,,,1,316359296
28772400,7,2025-07-16T13:49:23+00:00,track,,,1,13004355555
28772402,4,2025-07-16T13:32:56+00:00,track,,,1,13004355551
28772403,5,2025-07-16T13:32:56+00:00,track,,,1,13004355559
28772413,5,2025-07-16T13:32:56+00:00,track,,,1,13004355574
28772488,7,2023-06-09T11:22:15+00:00,service,,,1,10777818230
28804911,3,2021-08-04T22:10:40+00:00,track,,,1,8981406089
28806719,8,2023-06-10T11:29:31+00:00,track,,,1,10967639348
28806736,4,2023-06-10T11:29:31+00:00,track,,,1,10967639349
28861159,4,2024-07-08T23:17:34+00:00,footway,,,1,317290290
28861167,5,2024-07-08T23:17:34+00:00,footway,,,1,8555304416
28885457,9,2025-09-12T15:28:33+00:00,unclassified,County Road 446,,1,12670189701
28885626,4,2025-03-16T13:50:59+00:00,track,,,1,12670142769
28911200,11,2025-06-05T18:02:38+00:00,path,Little Windmill,,1,12889270708
28947975,12,2025-06-05T18:02:38+00:00,path,Overlook Trail,,1,12889270615
28967528,6,2026-03-26T16:09:27+00:00,residential,Diaz Avenue,,1,13682209101
29410622,7,2025-02-22T21:32:20+00:00,footway,,,1,10776237037
30784488,19,2023-11-10T01:00:24+00:00,cycleway,Brushy Creek Regional Trail,,1,8551988942
30791444,4,2025-12-05T15:51:04+00:00,footway,,,1,13355888781
30814617,5,2026-03-11T12:51:08+00:00,track,,,1,8554517495
30836492,7,2025-03-03T16:03:59+00:00,path,,,1,12633607421
30906538,7,2023-11-23T03:56:38+00:00,track,,,4,10058975158 10058975159 10058975172 10058975160
30906549,6,2023-11-23T03:56:38+00:00,track,,,1,10058960891
30906575,9,2023-11-23T03:56:38+00:00,track,,,1,10058975256
31005416,3,2026-01-30T02:01:49+00:00,track,,,1,13511075945
31005421,4,2026-01-30T02:01:49+00:00,track,,,1,13511075854
31028673,6,2023-11-25T01:01:45+00:00,path,,,1,9646704623
31031426,4,2025-06-26T18:26:06+00:00,track,,,1,345019840
31031433,4,2023-11-23T03:56:38+00:00,track,,,1,10058960895
31053636,15,2024-05-24T20:14:37+00:00,path,Paraiso,,2,10582811459 1065793386
31100933,4,2024-09-06T16:41:21+00:00,track,,,1,3683245791
31117160,3,2024-05-19T13:25:26+00:00,track,,,1,11917807429
31117184,2,2024-05-19T13:25:26+00:00,track,,,1,11917807430
31117367,6,2024-05-19T13:15:01+00:00,service,,,1,11917794576
31145931,3,2025-12-05T15:51:04+00:00,service,,,1,13355888778
31823668,3,2025-05-16T13:53:10+00:00,track,,,1,12842249407
31869062,4,2025-09-14T18:31:22+00:00,footway,,,1,12812450292
31981716,9,2024-09-29T16:51:32+00:00,residential,County Road 100,CR 100,1,153134618
32527912,6,2025-06-06T14:48:00+00:00,path,Lytle's Loop,,3,12892244002 5827861187 12892244001
32713960,23,2025-08-25T17:08:23+00:00,path,Wilderness Trail,,1,13096803534
33261808,4,2025-01-26T21:45:29+00:00,motorway_link,,,1,12535046047
33715045,12,2026-02-22T15:45:36+00:00,footway,Turkey Creek Trail,,9,12821329338 11636146314 11636146308 7818018361 11636127414 430548930 430548954 12821329088 12821329089
33716602,6,2019-12-06T23:58:05+00:00,path,,,1,7039632557
34242935,17,2025-05-23T13:12:56+00:00,footway,,,1,11951144781
34263055,8,2025-12-05T15:51:04+00:00,path,Blue Stem,,1,13355888730
34577589,11,2026-03-24T20:38:21+00:00,path,Madrone Trail,,2,13675987891 6712922809
36337298,3,2024-03-20T20:41:52+00:00,footway,,,3,11748962908 423834686 11748962909
36976952,4,2024-04-12T15:10:38+00:00,footway,Old Growth Trail,,1,6860318175
38081734,8,2022-09-24T22:06:15+00:00,footway,Opossum Trail,,1,8986232361
39832663,4,2017-08-15T14:35:12+00:00,service,,,1,227023844
40575513,4,2024-09-17T15:56:31+00:00,path,,,1,12182428271
40575577,4,2024-09-17T15:56:31+00:00,path,,,2,12182428221 1418877393
40577577,3,2024-09-17T15:56:31+00:00,path,,,1,12182428223
41523558,5,2024-09-24T17:29:06+00:00,footway,Blue Trail,,1,12197483457
41688872,5,2024-12-14T18:33:46+00:00,track,,,3,11117017304 12423132767 12423100345
42509840,11,2024-04-30T00:37:37+00:00,residential,Commerce Boulevard,,1,6668121294
42901285,4,2023-05-18T20:33:24+00:00,cycleway,,,1,8332737356
44705961,3,2025-07-12T21:49:08+00:00,service,,,1,12996446525
46673211,3,2019-05-23T22:22:44+00:00,residential,Stevens Ranch Road,,1,6496427079
48035466,3,2025-01-08T01:20:51+00:00,residential,Middle Creek Road,CR 410,1,610739709
48035472,7,2026-04-26T21:53:13+00:00,unclassified,Middle Creek Road,CR 410,1,610739709
48654663,8,2025-04-19T22:47:22+00:00,residential,Fisher Road,,1,9781381846
48983612,3,2025-11-30T19:47:05+00:00,track,,,1,13343172935
49313559,8,2024-11-07T22:48:09+00:00,path,,,1,12321536746
49321493,6,2024-11-07T22:48:09+00:00,path,,,1,12321536745
49321803,12,2024-11-07T22:48:09+00:00,path,,,1,12321536721
50523182,21,2025-10-07T17:40:17+00:00,footway,Blue Loop,,4,13201227210 13201227209 1612680955 12321536511
50523284,8,2024-11-07T22:48:09+00:00,path,,,2,642747539 12321536696
50971118,12,2025-08-25T17:08:23+00:00,path,Creek Bottom Trail,,2,6712922807 661853385
51779043,10,2025-08-25T17:08:23+00:00,path,Hermit's Trail,,3,13096803396 13096803395 13096803394
51779571,7,2025-08-25T17:08:23+00:00,path,Side Track Trail,,1,13096803399
51785769,5,2024-08-23T22:19:16+00:00,path,,,1,6712922810
52302388,10,2025-09-07T19:54:57+00:00,track,Greenhorn (lvl 3),,3,12461156185 12461156184 13125495623
53170077,2,2024-11-25T22:12:10+00:00,track,,,1,12374618689
53528836,24,2026-08-28T15:19:33+00:00,tertiary,Baker Road,,1,10124412076
55317151,7,2025-05-25T14:38:46+00:00,footway,Monte Galvan Trail,,1,12300555147
57933564,7,2025-12-24T19:01:34+00:00,path,CCC Tail,,1,9482051849
58780094,21,2024-04-18T05:06:02+00:00,path,Main Crossing,,1,11819512811
61340351,10,2025-01-01T01:50:33+00:00,footway,Rowlett Nature Trail,,1,12055472547
61423926,6,2026-03-17T16:23:26+00:00,service,,,3,13655637635 13655637636 13655637609
62445751,5,2024-10-05T02:29:29+00:00,track,,,1,12223613834
62475179,2,2024-10-05T02:29:29+00:00,track,,,1,12223613895
62475267,2,2024-10-05T02:29:29+00:00,track,,,1,12223613894
62475814,2,2024-10-05T02:29:29+00:00,track,,,1,12223613835
74032658,6,2024-09-24T17:29:06+00:00,footway,Ripheus,,2,8246636110 12197483479
75092224,11,2025-09-30T23:29:24+00:00,path,Encino Trail,,2,13185097185 13185097184
77430782,9,2025-06-02T06:13:55+00:00,primary,,TX 163,6,9208471707 2473497662 9208471708 9208471709 2473497772 9208500766
80318130,7,2020-09-01T23:10:21+00:00,footway,North Wilderness Trail,,1,7866609358
80318251,4,2020-08-25T22:36:04+00:00,footway,Pole Creek Trail,,1,7844674167
80482831,5,2022-05-03T22:38:27+00:00,footway,Four Notch Loop Trail,,1,7924606841
92017743,9,2026-09-09T05:04:12+00:00,path,Thousand Steps Trail,,1,10994787429
95245620,10,2026-01-06T21:17:57+00:00,path,,,4,11968105902 11968105903 11968105904 12277675431
95246269,14,2026-01-06T21:17:58+00:00,footway,,,3,1282072651 11968106009 11968105995
96905833,11,2025-01-23T15:19:59+00:00,track,East P N G Pipeline Road,,4,12526610507 12526610636 12526610744 12526610211
97045717,3,2024-06-10T01:40:29+00:00,footway,,,1,11968106101
97045822,3,2024-06-10T01:40:29+00:00,footway,,,1,11968106079
97045971,5,2024-06-10T01:40:29+00:00,footway,,,2,11968106100 11968106099
97046538,3,2025-06-07T13:42:00+00:00,path,,,1,12894983978
97046542,2,2014-05-07T04:47:29+00:00,path,,,1,1124229351
98312876,4,2025-06-07T13:42:00+00:00,path,,,1,1137514315
98313416,4,2025-06-07T13:42:00+00:00,path,,,1,12894983979
99960584,9,2026-01-08T04:26:58+00:00,footway,,,1,12671119419
101884172,10,2026-03-24T18:34:04+00:00,cycleway,Hogg Woods Trail,,1,12585385328
101884184,4,2025-02-13T15:42:43+00:00,cycleway,The Triangle,,1,12585386067
104051043,3,2021-06-12T19:19:14+00:00,footway,,,2,8828116142 8147954812
107999664,6,2022-10-02T21:52:28+00:00,track,,,1,3782421716
107999667,5,2022-10-02T21:52:28+00:00,track,,,1,3567526725
109340781,3,2025-05-25T16:02:42+00:00,footway,,,1,12862845395
109340786,2,2025-05-25T16:02:42+00:00,footway,,,1,12862845670
109340796,3,2025-05-25T16:02:42+00:00,footway,,,1,336330136
110165083,9,2025-09-07T19:54:57+00:00,track,Baby Back (lvl 3),,1,13125487035
110998222,5,2022-03-13T14:59:44+00:00,steps,,,1,2339327241
112555979,2,2024-06-10T01:40:29+00:00,footway,,,1,11968106096
112555996,2,2024-06-10T01:40:29+00:00,footway,,,1,11968106094
112556000,5,2026-02-28T22:32:12+00:00,footway,,,2,11968106095 12277755135
112556041,2,2024-06-10T01:40:29+00:00,footway,,,3,11968106098 1279018897 11968106097
112887242,3,2024-06-10T01:40:29+00:00,footway,,,1,11968105996
112887401,5,2016-07-19T18:55:05+00:00,footway,,,2,1282028753 1282028753
112887706,4,2011-05-13T21:05:03+00:00,footway,,,1,1282028753
112890380,2,2024-06-10T01:40:29+00:00,footway,,,1,11968105914
112891605,5,2025-01-19T19:31:07+00:00,footway,,,1,3560000021
112891610,2,2025-01-19T19:31:07+00:00,footway,,,1,1282072651
112897616,1,2011-05-12T22:26:09+00:00,footway,,,1,1282129127
112900130,2,2011-05-13T17:31:07+00:00,footway,,,2,1282028753 1283050044
113056578,5,2017-12-16T05:42:33+00:00,footway,,,1,2495652108
113645491,3,2024-06-10T01:40:29+00:00,footway,,,9,11968105999 11968106000 11968105998 11968106001 11968106002 11968106003 11968106005 11968106004 1288408580
114058996,3,2024-04-12T20:23:41+00:00,path,Lower Sunset,,1,11812565900
114060695,7,2026-05-07T16:28:50+00:00,footway,,,1,9469240861
114060700,5,2025-12-21T01:59:54+00:00,path,,,1,4738598170
114070992,4,2023-12-09T21:47:06+00:00,path,Lazy Cow,,1,10942064232
114071024,2,2023-05-31T12:26:15+00:00,track,,,1,10942064236
114071152,7,2024-04-11T15:12:08+00:00,path,Mad Cow,,1,10942064233
114492444,2,2025-05-25T16:02:42+00:00,footway,,,1,12862845389
114587476,2,2025-05-25T16:02:42+00:00,footway,,,1,12862845776
114903021,1,2011-05-25T23:36:34+00:00,footway,,,1,1239932860
116824594,3,2025-09-17T01:42:56+00:00,path,,,3,13148577587 13148577569 13148577568
116825009,12,2025-09-17T01:42:56+00:00,footway,,,2,13148577566 13148577565
118151135,3,2025-12-22T19:53:27+00:00,track,,,1,13395918005
118151169,2,2025-12-22T19:28:27+00:00,track,,,1,13395880612
119971324,6,2022-07-28T20:32:00+00:00,track,,,1,2859920193
119971337,4,2024-06-10T01:40:29+00:00,path,,,1,11968105799
122620632,5,2024-08-24T09:55:41+00:00,path,,,1,12133566549
122620637,5,2020-08-16T21:41:23+00:00,path,,,1,1369674430
122620652,7,2025-01-05T03:47:11+00:00,path,,,2,12475089874 7818050559
122620656,4,2015-06-23T10:47:55+00:00,path,,,2,1829854509 1369674498
122660974,2,2025-09-29T15:48:08+00:00,track,,,1,13180679547
124046300,4,2020-04-21T01:58:11+00:00,track,,,7,7428121517 7428121516 7428121515 7428121514 7428121513 7428121511 7428121512
125238295,5,2026-05-18T04:39:50+00:00,path,,,1,7985289928
127270650,4,2019-02-12T21:23:24+00:00,unclassified,Collins Road,,1,226751720
127460008,7,2023-07-12T02:48:20+00:00,track,,,2,10887441977 10887441976
128244283,6,2024-01-10T18:15:59+00:00,track,,,2,10944509150 10944519309
129170709,4,2023-11-23T03:56:38+00:00,track,,,1,10058960871
129285873,7,2026-05-16T14:14:10+00:00,tertiary,Koberlin Street,,1,7183134391
131748232,7,2022-11-18T15:07:46+00:00,cycleway,McWhorter Elementary Park Trail,,1,6587881529
131894245,9,2025-07-16T13:49:23+00:00,track,,,2,10777818231 12847030635
131941210,2,2025-06-12T20:46:47+00:00,service,,,1,12911366354
133106301,5,2025-03-23T15:14:00+00:00,track,,,1,12694299135
133585616,5,2020-12-29T22:38:45+00:00,footway,Pershing Road,,1,149967786
133635060,3,2026-05-30T04:38:03+00:00,residential,Bluebonnet Circle,,1,8522703219
137631112,37,2025-06-02T06:14:05+00:00,secondary,FM 170 East,FM 170,1,11006208913
137635242,23,2026-03-02T19:33:22+00:00,tertiary,FM 170 West,FM 170,5,12532136148 12710865009 12710865063 13248254874 12633697064
137642970,23,2025-06-02T06:14:05+00:00,tertiary,FM 1576,FM 1576,1,12512700337
137885682,27,2025-06-02T06:14:05+00:00,tertiary,,FM 2185,4,12532961861 12532961860 12532961859 12542221737
137887258,26,2026-09-12T22:45:05+00:00,secondary,Farm to Market Road 2903,FM 2903,2,12444527864 12444527738
137896436,25,2026-09-21T05:53:38+00:00,secondary,Farm to Market Road 11,FM 11,2,12436998359 12423612629
137912076,14,2025-06-02T06:14:05+00:00,secondary,Farm to Market Road 1233,FM 1233,1,11985451982
138522902,4,2025-03-28T18:02:07+00:00,service,County Road 33,,1,12708142313
138655314,13,2026-02-18T19:41:44+00:00,tertiary,,FM 37,1,13577806809
139041067,5,2026-02-27T16:33:36+00:00,residential,County Road D,,1,13606045829
141025617,3,2020-06-16T02:07:39+00:00,residential,County Road 210,,1,7624343111
141578465,19,2025-06-02T06:14:10+00:00,secondary,Farm-to-Market Road 1066,FM 1066,1,12706161291
143010298,2,2019-08-15T19:45:38+00:00,track,,,1,6712924956
143010300,3,2020-04-20T20:02:12+00:00,track,,,1,7427496580
145116188,5,2025-01-23T17:14:16+00:00,track,,,1,12526808352
145116190,7,2019-09-18T22:43:04+00:00,unclassified,Frontage Road,,1,1585583617
145116195,3,2018-09-03T03:36:33+00:00,unclassified,,,1,1585583699
145116198,2,2018-09-03T03:36:30+00:00,unclassified,,,1,1585583778
145116199,4,2025-01-23T22:17:39+00:00,track,,,1,12527845223
145116212,2,2025-01-23T22:17:39+00:00,track,,,1,12527845258
145116225,3,2025-01-23T22:27:00+00:00,track,,,1,12527855318
145137799,4,2025-10-29T18:14:13+00:00,track,,,3,11958321895 148462376 13267597451
145331855,5,2026-03-05T06:47:02+00:00,service,,,1,6644835783
145417033,4,2026-06-17T20:02:09+00:00,unclassified,National Forest Development Road 117,,1,13948502110
145588260,6,2026-09-22T18:10:20+00:00,unclassified,,,2,14206884043 14206946335
145588279,3,2024-06-14T16:14:34+00:00,residential,,,1,11981239370
145680975,3,2024-02-13T16:31:55+00:00,track,,,1,11619070526
145681014,5,2024-06-14T16:14:34+00:00,track,,,2,11981239494 11981239495
145681030,3,2024-02-13T16:31:55+00:00,track,,,1,11619070512
145681031,3,2024-02-13T16:31:55+00:00,track,,,1,11619070528
145681046,5,2025-03-12T18:32:26+00:00,residential,,,2,11981239493 12657107685
145954696,2,2021-07-23T03:16:14+00:00,residential,,,1,152707160
147391909,6,2026-09-17T12:54:04+00:00,track,,,2,12674450321 12674450323
147521849,16,2025-06-02T06:14:20+00:00,tertiary,Ranch Road 2627,RM 2627,1,1607361072
147522889,14,2025-10-16T15:45:24+00:00,tertiary,,RM 2810,1,12955137794
147523984,14,2025-06-02T06:14:20+00:00,tertiary,,RM 1832,2,11670360615 12444699954
147639059,3,2025-01-09T17:21:44+00:00,residential,Gray Ranch Road,,1,12486914696
147639657,3,2023-06-01T17:45:32+00:00,track,,,1,10944523183
147992059,4,2024-11-07T22:48:09+00:00,path,,,1,12321536588
148023611,12,2025-06-02T06:14:20+00:00,tertiary,Ranch-to-Market Road 1676,RM 1676,1,12530146225
148027461,9,2025-06-02T06:14:20+00:00,tertiary,Ranch to Market Road 1973,RM 1973,3,12475852305 12475852400 12475852567
148626409,14,2026-06-01T23:12:06+00:00,tertiary,Sandau,,1,12862742840
149968513,3,2024-11-07T22:48:09+00:00,path,,,1,12321536719
150077310,2,2025-03-21T16:02:50+00:00,path,,,2,12688059914 12688059915
150077311,5,2025-03-21T16:02:50+00:00,footway,,,3,12321536686 12688059978 12688059977
150410597,5,2024-11-07T22:48:09+00:00,footway,,,1,12321536630
151435944,4,2025-01-24T22:47:20+00:00,service,,,1,10887133477
151908516,3,2024-11-07T22:48:09+00:00,path,,,2,12321536523 12321481589
151908518,3,2024-11-07T22:48:09+00:00,path,,,1,12321481588
151964654,2,2024-11-07T22:48:09+00:00,path,,,2,12321536519 12321536506
151964655,5,2024-11-07T22:48:09+00:00,path,,,1,12321481590
151964656,2,2024-11-07T22:48:09+00:00,path,,,2,12321536505 12321536518
151964661,2,2024-11-07T22:48:09+00:00,path,,,1,12321536503
151964662,2,2024-11-07T22:48:09+00:00,path,,,1,12321536521
151964663,2,2024-11-07T22:48:09+00:00,path,,,1,12321536517
152076661,2,2024-11-07T22:48:09+00:00,path,,,1,12321536522
152079970,2,2012-10-01T03:29:52+00:00,path,,,1,1649113163
152079974,2,2024-11-07T22:48:09+00:00,path,,,1,12321536504
152079975,3,2015-07-08T09:26:26+00:00,path,,,1,626322335
155114943,12,2025-05-02T13:40:26+00:00,path,,,1,12804147684
155736341,5,2026-06-04T19:41:50+00:00,track,Cochran Road,,1,13910546042
155736346,5,2026-06-04T19:43:58+00:00,track,South Boundary Road,,1,13910546039
156734339,2,2024-11-07T22:48:09+00:00,path,,,2,12321536520 12321536507
159164436,7,2024-01-07T00:24:40+00:00,tertiary,Clubhouse Drive,,1,11495792553
159955197,3,2024-12-08T15:51:58+00:00,path,,,1,12405043585
161086673,6,2023-06-10T11:57:41+00:00,residential,Calhoun Lane,,1,10967677217
161347753,6,2026-02-18T01:45:17+00:00,footway,,,2,13574834638 1733356213
161799321,9,2026-03-30T14:59:43+00:00,path,Window Trail,,11,13691723198 13691723194 13691723168 13691723169 13691723170 1966515004 13691723171 13691723172 13691723173 13691723174 13691723175
163237244,2,2026-05-28T21:49:13+00:00,service,,,1,13892650653
163595053,58,2026-08-27T15:25:47+00:00,secondary,Tripp Avenue,,2,12431423100 1907840572
166190036,5,2025-07-17T14:22:04+00:00,path,Frontera Trail,,3,6504659056 13006706446 10968550688
166190070,3,2025-07-17T14:22:04+00:00,path,Fawn Trail,,3,13006699874 13006699875 13006699876
169048087,3,2025-06-04T17:44:52+00:00,path,,,1,12887240124
169048089,2,2018-02-01T04:24:30+00:00,path,,,1,1802214525
173560248,10,2025-06-27T19:10:01+00:00,secondary,Southeast Loop 289,,1,8873119951
176875283,9,2026-07-29T07:32:41+00:00,residential,Spring Lake Road,,1,12055682963
178376098,2,2026-02-11T17:47:34+00:00,residential,Fly Gap Road,,1,1887383926
179078140,3,2026-04-15T17:46:30+00:00,residential,Walter Albrecht Road,,2,13732971906 7465162198
179333495,6,2024-12-18T18:09:01+00:00,footway,,,2,12431423095 12431423094
179333618,2,2012-09-03T18:58:59+00:00,footway,,,1,1896807012
179339560,3,2024-12-18T18:09:01+00:00,footway,,,1,12431423093
180162637,8,2024-03-24T19:50:28+00:00,unclassified,Fresno Canyon Road,,16,11758967904 11758967903 11758967902 6333998894 6333998895 11759011228 6333998896 6333998897 6333998898 6333998899 6333998900 6333998901 6333998902 6333998903 6333998905 6333998904
180171829,2,2019-03-12T19:39:48+00:00,footway,,,1,6333998880
180171830,3,2024-03-24T19:50:28+00:00,footway,,,27,6333998906 11758967952 11758967950 11758967951 11758967953 11758967955 11758967954 11758967949 11758967948 1906015044 11758967946 1906014922 11758967941 11758967939 11758967937 11758967938 11758967934 11758967933 11758967932 11759011223 11759011222 1906014883 11759011221 11759011220 11759011219 11759011218 11759011217
180173998,7,2024-03-24T13:26:53+00:00,track,,,11,6333998879 11758206606 11758206605 11758206607 11758206604 11758200416 11758200413 11758200415 11758206603 1906056101 11758206602
180176041,9,2024-03-24T13:26:53+00:00,track,,,8,11758200414 11758200422 11758200427 11758200426 11758200425 11758200424 11758200423 8483512366
180184314,3,2024-03-24T13:26:53+00:00,footway,,,63,11758200434 11758200433 11758200431 8025512932 11758200432 11758200430 11758200441 11758200449 11758200448 11758200442 11758200438 11758200435 11758200437 1906134137 11758200436 11758200447 11758200456 11758200457 11758200458 11758200459 11758200460 11758200461 11758200467 11758206587 11758206590 11758206589 11758206577 11758206579 11758206578 11758206583 11758206582 11758206585 11758206584 11758206586 11758206592 11758206591 11758206569 11758200468 11758200464 11758200463 11758200462 11758200465 11758200466 11758206571 11758206570 11758206572 11758206573 11758206574 11758206575 11758206576 11758206581 11758206580 11758206588 11758206593 11758206594 11758206595 11758206596 11758206597 11758206598 11758206599 11758206600 11758206601 11755684773
180189352,2,2024-03-24T13:26:53+00:00,track,,,7,11758200428 11758200417 11758200418 11758200419 11758200420 11758200421 11758200429
180189353,6,2025-05-05T22:37:58+00:00,track,,,6,1905921930 6333998908 6333998909 6333998911 12812678551 6333998910
180190605,6,2024-06-25T15:16:04+00:00,path,Camino Viejo,,2,10624151701 10624151702
180191278,3,2024-08-26T19:37:04+00:00,footway,,,1,6333998913
180191279,5,2024-03-23T15:17:01+00:00,footway,Chimney Rock Cutoff Trail,,3,11755684778 6333998914 6333998915
180191280,2,2024-03-23T15:17:01+00:00,footway,,,6,11755684779 11755684776 11755684777 1906203996 11755684775 11755684774
180191508,4,2019-03-12T19:39:50+00:00,track,Solitario Road East,,3,6333998890 6333998889 6333998888
180201372,4,2024-04-09T22:52:27+00:00,footway,,,3,11806002292 11806002291 11806002295
180201803,4,2024-08-26T19:34:24+00:00,unclassified,,,1,12138544625
180202182,3,2024-08-26T19:34:24+00:00,footway,,,1,6333998929
180202183,6,2024-08-26T19:34:24+00:00,track,,,1,12138544624
180202184,3,2024-08-26T19:34:24+00:00,footway,,,1,6333998912
180202682,2,2024-04-09T22:54:53+00:00,unclassified,,,1,11805996081
180202683,8,2024-04-09T22:56:49+00:00,footway,,,12,6333998923 6333998922 6333998924 6333998921 6333998920 11806003371 6333998919 11805975087 11805975088 1906472973 11805975090 1906473046
180202684,2,2024-04-09T22:54:53+00:00,unclassified,,,1,11805996082
180334592,10,2026-04-12T01:14:59+00:00,path,Rancherias Loop,,18,13719603845 13719603687 13719603688 13719603689 13719603686 13719603685 13719603684 13719603683 13719603682 13719603681 13719603680 13719603679 13719603783 13659861534 13659861627 13659861663 13659861664 12138550632
180336886,5,2026-04-17T15:24:00+00:00,track,Rancherias Road,,5,13737978779 13737978778 13737990713 13737990712 13737990711
180337858,9,2026-04-17T15:24:00+00:00,path,Rancherias Loop,,1,6335399182
180523069,5,2024-06-25T15:16:04+00:00,path,Rock Quarry,,1,10624151696
180523070,7,2024-06-25T15:16:04+00:00,path,Crystal Trail,,6,10624202309 1909475529 10624202308 10624202307 10624202306 1909475507
180523074,5,2025-05-05T22:37:48+00:00,track,Power Line Trail,,2,12812868769 12812868770
180525394,3,2024-03-23T15:35:32+00:00,path,Horsetrap Trail,,1,11755730948
180527408,9,2025-08-10T03:00:51+00:00,service,Southwest Complex Access,,1,13061145814
181033532,3,2024-12-24T16:54:49+00:00,track,,,1,12449813101
181033587,3,2024-05-07T13:50:55+00:00,track,,,1,11886699761
181488951,8,2025-12-31T03:14:17+00:00,tertiary,Teravista Parkway,,1,6478499013
182734743,2,2012-09-24T18:25:38+00:00,track,,,1,1930942067
183123961,4,2024-04-11T15:12:08+00:00,track,Rock Shock,,1,10942063829
183127346,4,2024-07-13T19:41:04+00:00,path,Aztec Caves Trail,,1,11142807266
183127357,5,2025-08-14T20:44:37+00:00,footway,Tom Mays Trail,,1,11142806768
183162073,5,2024-10-07T16:36:18+00:00,service,,,1,12232153108
183814841,7,2024-07-26T23:19:01+00:00,path,DLNA Trail,,4,1942350849 12076138086 12076117656 12076138073
183847491,11,2021-05-17T06:19:06+00:00,residential,San Antonio Avenue,,1,151186783
185919168,9,2024-12-18T18:09:01+00:00,residential,West 23rd Street,,1,12431423078
185955920,11,2026-02-09T03:43:11+00:00,track,Mountain Road,,2,149614239 12386613865
185955922,5,2024-11-30T16:16:51+00:00,path,Indiangrass Trail,,3,12386614020 12386614019 12386614021
185955932,10,2026-02-09T03:43:11+00:00,path,Rimrock Trail,,5,12386613867 1966444722 13535751390 149614239 12386613865
186177854,3,2024-06-19T20:35:40+00:00,service,,,1,11992771103
186177857,4,2025-09-02T23:40:47+00:00,service,,,1,11992771104
188473461,19,2025-04-06T14:37:20+00:00,cycleway,Circle C Metro Park Hike and Bike Trail,,3,8596380088 6334650200 6334650199
188479134,10,2025-12-30T17:34:24+00:00,path,Slaughter Creek Trail Main Loop,,1,7948643349
188562068,14,2025-11-15T14:03:26+00:00,cycleway,Barton Creek Greenbelt & Violet Crown Trail,,2,11073653686 11073653685
188562072,13,2025-11-18T18:50:31+00:00,cycleway,Barton Creek Greenbelt & Violet Crown Trail,,2,13314521981 9063255677
188753707,2,2024-06-17T12:37:20+00:00,path,,,1,11987473065
188753710,2,2024-06-17T12:37:20+00:00,track,,,1,11987473064
189374479,4,2024-06-17T12:37:20+00:00,service,,,2,11987508766 11987508795
189833556,2,2021-02-12T05:16:51+00:00,service,,,1,2004498918
189940842,5,2025-03-17T19:36:09+00:00,track,,,1,12674012118
190852859,6,2021-10-30T16:42:39+00:00,footway,River Run Trail,,1,9212367464
191712316,25,2025-10-23T19:26:34+00:00,unclassified,Lakeside Pass,,1,2023049150
191743419,1,2012-11-20T16:47:58+00:00,track,,,2,2023227747 2023227673
191743440,1,2012-11-20T16:48:01+00:00,track,,,1,2023227885
191858438,10,2026-09-17T12:54:04+00:00,unclassified,County Road 176,,1,12674450336
192342543,2,2026-04-15T20:31:24+00:00,service,,,1,13733385920
192353223,6,2025-12-29T20:08:36+00:00,track,,,3,11264497995 13416579245 11264497531
192355021,3,2025-12-29T16:40:04+00:00,track,,,1,7726943464
192357877,3,2024-05-19T13:15:01+00:00,service,,,2,11917794577 11917794081
192357879,3,2024-05-19T13:15:01+00:00,service,,,1,11917794085
192357884,4,2026-04-30T19:47:10+00:00,track,,,1,11917794397
192360588,4,2024-05-11T14:29:50+00:00,track,,,1,11896926876
192360597,2,2024-05-20T12:31:01+00:00,track,,,1,11919694180
192360681,7,2024-05-13T17:55:47+00:00,path,,,1,11901756069
192360694,9,2024-05-13T17:55:47+00:00,path,,,1,11901756070
192472628,5,2024-12-23T17:02:00+00:00,service,,,2,12444699949 12444699950
192473337,4,2025-04-02T16:56:10+00:00,track,,,2,12723757460 12540830339
192562266,3,2021-12-03T13:51:42+00:00,service,,,1,4053489408
192884808,3,2025-04-04T14:35:26+00:00,service,,,1,12729061945
193198458,2,2025-10-03T17:19:16+00:00,service,,,1,13191085571
193198461,3,2025-10-03T17:19:16+00:00,service,,,1,13191085572
193198463,2,2025-10-03T17:19:16+00:00,service,,,1,13191085570
193198467,2,2025-10-03T17:19:16+00:00,service,,,1,13191085569
194535055,2,2025-01-12T16:43:50+00:00,unclassified,,,1,12496208359
194836551,2,2024-10-03T15:19:38+00:00,track,,,1,2053452208
195788744,3,2022-05-30T14:55:30+00:00,residential,County Road 400,,1,9782346482
196541593,1,2012-12-15T18:00:25+00:00,track,,,1,2068614117
196967533,9,2026-02-20T20:10:24+00:00,secondary,Farm to Market Road 378,FM 378,1,13585596866
197055873,3,2026-08-30T03:12:58+00:00,track,Maya Drive,,1,9184017729
197055875,5,2021-10-19T22:06:52+00:00,track,,,3,9184017727 9184145474 9184111667
197055876,2,2021-10-19T21:00:44+00:00,track,,,1,9184017728
197063124,3,2024-02-09T21:42:02+00:00,track,,,1,11605722670
197063127,4,2025-07-03T02:54:42+00:00,track,,,1,12526654046
197064613,4,2025-11-28T16:43:45+00:00,track,,,1,13338809951
197066422,5,2025-11-28T16:43:45+00:00,track,Hastings Drive,,2,13338809904 11605722672
197109979,2,2021-10-19T21:00:44+00:00,unclassified,,,1,9184017422
197109980,2,2021-10-19T21:00:44+00:00,track,,,1,9184017425
197109985,2,2024-12-19T20:29:43+00:00,unclassified,,,1,12434326026
197109986,3,2023-03-15T04:30:13+00:00,track,,,1,9183957399
197109987,3,2024-12-19T20:29:43+00:00,track,,,1,12434326023
197110093,2,2024-12-19T20:29:43+00:00,track,,,1,12434326025
197110094,2,2024-12-19T20:29:43+00:00,track,,,2,12434326027 12434326072
197110095,2,2024-12-19T20:29:43+00:00,track,,,1,12434326024
197110204,4,2021-10-19T20:24:09+00:00,unclassified,,,2,9183956956 9183957118
197129040,3,2023-03-19T22:42:50+00:00,service,,,1,10747007631
199767239,2,2024-06-18T16:24:31+00:00,track,,,1,11990486757
203540515,4,2020-11-17T04:23:38+00:00,residential,Omar Street,,1,8092358020
203922653,10,2024-06-24T06:35:17+00:00,path,,,2,11458798519 11458798518
205358947,4,2024-10-02T19:23:24+00:00,track,,,1,12216750068
205359860,3,2025-04-08T17:24:32+00:00,track,,,1,12739473161
207178235,7,2024-05-29T12:22:09+00:00,service,,,1,11942063032
208635014,2,2026-02-18T01:45:17+00:00,path,,,1,13574834649
208657243,5,2022-01-24T10:26:41+00:00,track,1A,,1,9444335172
208657244,5,2022-01-24T10:26:41+00:00,path,1C,,1,9444335180
208746566,7,2026-05-14T21:08:45+00:00,path,Spring Creek Crossing Trail,,1,13829268481
208746568,12,2026-05-14T21:08:45+00:00,path,Rob Fleming Trail SCNT-HC,,1,7788478746
208746576,5,2026-05-14T21:08:45+00:00,path,Rob Fleming Trail,,1,9443296963
208769855,9,2025-12-15T14:38:01+00:00,path,Race Loop,,11,13136417425 13378346103 13378346104 13378346105 13378346106 13378346112 13115110422 13378346110 13378346111 13136417424 13378345583
208769856,5,2025-10-07T22:18:17+00:00,path,Race Loop,,2,9985885809 13136417417
208770016,9,2025-12-15T14:38:01+00:00,path,,,1,13378345755
209241033,6,2026-03-24T18:11:04+00:00,path,Cypress Mill Loop,,1,10047358554
209288614,11,2025-08-31T02:24:47+00:00,path,West Trail,,1,13109562308
209288615,11,2025-08-31T02:24:47+00:00,path,Spring Creek Nature Trail MC 1,,1,9443704759
209902712,12,2026-06-29T19:10:41+00:00,footway,Little Lake Creek Loop Trail,,7,7866564242 7866581393 7866315426 7866315427 7876840978 2200621411 7876894347
209902722,18,2020-09-01T23:10:21+00:00,footway,Lone Star Hiking Trail,,2,7844644064 2200621322
209911800,16,2023-12-03T05:45:59+00:00,footway,Lone Star Hiking Trail,,1,9482051850
209911802,7,2025-12-24T19:01:34+00:00,footway,Lone Star Hiking Trail,,2,4844021391 12010099808
217127666,3,2024-05-03T15:10:54+00:00,service,,,1,11876713552
217127667,3,2024-05-03T15:10:54+00:00,service,,,1,11876713551
219065145,6,2026-08-05T13:24:16+00:00,track,,,1,13976376031
219122310,2,2025-11-24T01:19:42+00:00,unclassified,PR 520,,1,13327318063
219176652,2,2025-11-24T01:19:42+00:00,unclassified,PR 516,,2,13327318118 13327318120
219176666,3,2025-11-24T01:19:42+00:00,track,,,1,13327318153
219664004,5,2024-04-23T00:05:49+00:00,service,Hot Springs Road,,1,11839483365
220973376,8,2021-07-12T05:50:38+00:00,service,,,1,4124214249
221141707,5,2017-02-26T05:46:49+00:00,footway,Trail A - Upper Canyon Trail,,2,4677632556 4677597957
221145416,5,2022-06-13T02:27:38+00:00,footway,Trail G - Wild Horse Trail,,5,9813478676 9813478677 9813478678 9813478679 9813478680
221145418,7,2022-06-13T02:27:38+00:00,footway,Trail C - Upper Canyon Trail,,1,4696142038
221145420,6,2023-06-30T10:59:12+00:00,footway,Trail F - Lower Canyon Trail,,8,9813536311 9813536310 9813536309 9813536308 9813536307 9813536306 9813536305 9813536304
222233409,9,2025-05-24T20:14:39+00:00,track,,,2,3367603980 1829840460
223221194,3,2025-12-03T21:35:47+00:00,service,,,1,2321393338
223224789,2,2021-07-01T04:31:59+00:00,track,,,1,8881743724
223239614,7,2025-10-03T19:17:32+00:00,track,,,2,13191305595 13191305594
223606222,3,2018-12-28T05:47:00+00:00,service,,,1,6167531692
224685911,2,2026-03-26T17:06:35+00:00,residential,,,1,13682368838
224799128,7,2026-05-13T11:02:33+00:00,service,,,1,6418739795
224818818,3,2024-11-07T22:48:09+00:00,path,,,1,12321536742
224818819,5,2024-11-07T22:48:09+00:00,footway,Red Trail,,1,12321536741
225121262,6,2021-05-25T02:59:09+00:00,service,,,1,6199689856
226480264,5,2023-08-25T00:22:07+00:00,footway,,,2,7891616487 7891616485
227069693,4,2024-08-24T09:55:41+00:00,path,,,1,12133566548
227686750,4,2026-01-06T21:18:00+00:00,track,Mud Creek Loop,,1,12495942564
230904001,2,2025-01-24T20:19:17+00:00,track,,,1,12530048068
230912124,6,2024-05-30T20:08:24+00:00,track,,,1,11945985556
232954884,7,2025-02-26T21:19:13+00:00,footway,,,2,12621346355 12621346356
238021680,7,2015-03-17T23:02:35+00:00,service,,,1,2467796286
239023686,14,2026-03-24T18:11:04+00:00,path,Jones Spring Trail,,1,12819889907
239143044,11,2025-05-28T15:29:02+00:00,path,Homestead Trail,,1,11901756187
239367991,6,2025-12-26T14:15:32+00:00,service,,,3,149488496 12260893806 12256298724
239381892,4,2025-06-06T15:33:00+00:00,path,Joe Johnston Route,,6,12889270515 12892387808 12889270521 12889270643 12889270537 12889270536
239484149,4,2024-10-16T21:06:43+00:00,service,,,3,12256298717 12256298718 12256298712
239515160,6,2026-06-18T03:25:02+00:00,track,,,1,12863501206
241405281,7,2025-09-07T19:54:57+00:00,track,Feeder Creek (lvl 2),,1,13125487062
241405285,5,2026-02-16T21:15:18+00:00,track,North Pole (lvl 3),,1,13125495624
241405286,13,2026-02-16T21:15:18+00:00,service,Park Road 2,,1,13125487061
241405289,10,2026-02-16T21:15:18+00:00,track,Boss Hogg,,1,1258972435
241407754,9,2026-04-24T13:04:22+00:00,service,Park Road 1,,2,13758717507 13758717576
241503437,8,2026-02-16T21:15:18+00:00,service,Park Road 4 (lvl 2),,2,13125496024 13125496025
241523914,2,2025-09-07T19:54:57+00:00,track,,,1,12461156182
241525016,5,2025-09-07T19:54:57+00:00,track,,,2,12461156188 13125487060
241875407,3,2026-04-14T17:48:01+00:00,path,,,1,13730613130
242967215,5,2024-06-10T01:40:29+00:00,path,,,3,11968105905 11968105908 11968105909
243484821,5,2024-06-19T12:41:07+00:00,path,Closed Canyon Trail,,1,11991998468
243716758,29,2026-07-10T01:26:17+00:00,unclassified,Pipeline Road,,2,228397318 228397342
243810289,4,2021-08-19T07:25:11+00:00,track,,,1,8940251809
243864300,4,2025-04-27T14:47:37+00:00,track,,,4,12457810810 12457810811 12457810812 12457810813
244438670,2,2024-07-22T13:59:09+00:00,path,River Road,,1,12068197711
245104002,7,2025-07-18T20:48:50+00:00,cycleway,,,1,7426814342
245105063,19,2025-07-27T21:52:32+00:00,cycleway,,,1,4159726790
246569270,2,2015-04-07T05:55:37+00:00,service,,,1,2535939831
247352450,12,2025-08-16T16:08:50+00:00,path,Barton Creek Greenbelt Trail,,3,7094845903 7094845904 7094845905
248660003,2,2025-11-24T16:38:30+00:00,track,Biedenham Road,,1,13328537143
248660582,4,2026-06-18T19:05:29+00:00,track,,,1,2554207179
251515878,5,2021-04-23T17:15:01+00:00,path,Utility path,,1,8659856865
251515879,1,2013-12-12T17:33:12+00:00,track,McDonald Road,,1,235500747
254242632,5,2024-11-07T22:48:09+00:00,path,,,1,12321536743
255492553,2,2015-07-08T09:26:28+00:00,path,,,1,2611788175
256261581,8,2026-04-14T17:48:01+00:00,service,,,1,13730613115
258127220,5,2022-08-19T13:35:11+00:00,path,Tejas Trail,,1,9184267941
258206500,2,2022-08-17T18:06:36+00:00,path,Tejas Trail,,1,2636013919
258215016,2,2025-01-20T14:37:48+00:00,path,Frijole Trail,,1,12518380508
258215144,5,2025-01-20T14:37:48+00:00,path,Foothills Trail,,7,10887055998 12518380449 12518380385 12518380355 9184367203 12518380261 12518380134
258215232,4,2022-08-19T13:22:05+00:00,path,Smith Springs Trail,,2,9184268002 9184268001
258359706,2,2023-05-11T15:58:49+00:00,path,McKittrick Canyon Trail,,1,10887133325
258359967,8,2025-01-24T22:47:20+00:00,path,Mckittrick Ridge Trail,,1,12530299566
258375927,11,2025-01-20T16:19:44+00:00,path,El Capitan Trail,,5,12518561139 12518560982 11051665177 11051664946 11051606559
258515221,10,2025-01-18T18:09:06+00:00,path,Bush Mountain Trail,,5,10887064464 12512685230 12512685158 12512685159 12512685160
258582390,5,2025-01-18T18:09:06+00:00,path,Marcus Trail,,1,12512685375
258700104,3,2023-05-16T02:56:50+00:00,path,Tejas Trail,,1,10901038551
258702125,3,2025-01-19T21:11:01+00:00,path,El Capitan Trail,,1,12516870209
258702542,4,2023-07-17T18:52:02+00:00,path,Salt Basin Overlook Trail,,2,11051606558 11051606437
258717774,15,2025-09-15T21:19:47+00:00,footway,,,2,12454196690 2640524230
258849395,4,2020-04-06T10:37:31+00:00,unclassified,,,1,2641636883
258849834,9,2026-03-30T02:10:57+00:00,path,Dodson Trail,,6,2641640519 10650935142 10650935244 13690085760 13690100348 13690100353
258852555,5,2026-03-30T02:10:57+00:00,path,Blue Creek Trail,,47,10275209835 10275209837 13690100352 13690100351 13690100350 13690100349 13690100432 13690100431 13690100430 13690100429 13690100428 13690100427 13690100426 13690100425 13690100424 13690100423 13690100422 13690100421 13690100420 13690100419 13690100418 13690100417 13690100416 2642214847 13690100414 13690100415 2642214865 13690100501 13690100500 13690100499 2642214884 13690100498 13690100497 2642214923 13690100496 2642214948 13690100562 13690100561 13690100560 2642214950 13690100559 13690100558 13690100557 13690100556 13690100555 13690100554 13690100553
258912081,3,2023-02-12T03:59:56+00:00,path,Elephant Tusk Trail,,3,10650935245 10650935246 10650934871
258915541,2,2024-10-07T16:18:07+00:00,path,Burro Spring Trail,,1,12232109367
258943707,6,2026-03-30T01:52:28+00:00,path,Mule Ears Trail,,1,13690085273
259382362,7,2026-03-30T01:52:28+00:00,path,Smoky Creek Trail,,105,10650914624 10650914656 10650914627 13690085503 10279507071 10279507069 13690085504 13690085505 13690085506 13690085507 13690085508 13690085509 10279507017 13690085510 13690085511 10279507009 13690085512 13690085513 13690085514 10279506997 13690085516 13690085515 13690085517 13690085518 13690085519 13690085520 13690085521 13690085522 10279506950 13690085523 13690085524 13690085525 13690085526 13690085527 13690085528 10279506854 13690085529 13690085530 13690085531 13690085532 13690085533 13690085534 10279506819 13690085535 13690085536 13690085538 13690085537 10279506805 13690085540 13690085539 10279506795 13690085541 13690085542 10279506785 10279506779 13690085543 13690085544 13690085330 10279506749 13690085331 10279506742 10279506741 13690085332 13690085333 13690085335 13690085334 10279506724 10279506723 13690085336 13690085337 13690085338 13690085339 13690085340 13690085291 13690085292 13690085293 13690085295 13690085294 13690085296 13690085298 13690085297 13690085299 13690085262 13690085263 13690085264 13690085265 13690085268 10279506537 13690085271 13690085270 13690085269 13690085272 13690085277 13690085276 13690085280 13690085283 13690085284 13690085282 13690085281 13690085279 13690085278 13690085275 13690085274 13690085266 13690085267
259970599,5,2023-02-10T21:30:41+00:00,track,,,1,10647284768
260025022,3,2023-07-01T21:34:52+00:00,track,,,3,11018780306 11018780305 11018780307
260493506,5,2024-09-07T15:19:34+00:00,footway,Great Hills Sierra Nevada Path,,5,11913307496 11913307497 11913307498 11913307499 11913307500
261023214,7,2025-07-24T08:59:00+00:00,footway,,,1,11901010659
261023216,6,2025-10-19T22:34:50+00:00,footway,,,1,12860705501
261023219,8,2025-07-03T19:58:01+00:00,footway,,,1,11901010657
261902352,3,2020-05-11T02:22:01+00:00,residential,73rd Street,,1,7504945546
262346198,3,2022-01-31T19:37:04+00:00,track,,,1,9464227232
262715400,3,2022-04-30T21:32:03+00:00,residential,,,1,7130093125
265309200,3,2023-03-22T01:11:08+00:00,path,,,1,10751959608
265309435,7,2023-03-22T01:11:08+00:00,path,Ore Terminal Trail,,1,10751959609
266045059,3,2023-02-26T15:15:34+00:00,path,Dorgan-Sublett Trail,,1,10694996987
266045601,5,2024-04-13T04:07:24+00:00,unclassified,Old Maverick Road,,3,10647720991 10647720883 10647720990
266050413,4,2023-02-11T17:44:29+00:00,path,Chimneys Trail,,1,10649623613
268359395,1,2014-03-23T15:54:51+00:00,path,,,1,2189077607
270492405,3,2025-05-28T17:49:49+00:00,service,,,1,12871574150
276444133,2,2020-11-04T05:53:33+00:00,track,,,1,8080124703
279935345,2,2019-07-28T00:55:26+00:00,service,,,1,6654109242
281857369,2,2025-01-06T15:31:41+00:00,track,,,1,12478721738
282627363,11,2020-08-28T16:45:02+00:00,path,,,1,7854782184
283629901,13,2026-05-16T04:11:21+00:00,path,,,1,13015905377
284558361,5,2024-12-20T17:06:29+00:00,unclassified,Lake Mineral Wells State Park Road,,1,12437250105
287759734,3,2026-03-21T23:24:57+00:00,path,,,1,12606873221
289407190,3,2024-12-21T01:09:30+00:00,track,,,1,12438013680
290091907,9,2026-04-05T19:49:38+00:00,cycleway,,,1,9285657281
291196630,3,2025-03-18T17:26:19+00:00,service,,,1,12677089169
291196717,10,2025-01-04T03:30:59+00:00,footway,Savanna Loop Trail,,2,12232044418 9356401878
291456990,6,2026-04-26T15:32:33+00:00,track,,,3,13764050767 13764050210 13763855156
291775556,2,2022-09-25T17:17:51+00:00,residential,North Red Creek Road,,1,10051832608
292148545,3,2025-01-23T16:48:06+00:00,residential,,,1,11874527631
292332596,33,2026-08-04T04:08:51+00:00,secondary,West 16th Street,,1,12556547676
293229468,5,2025-02-28T19:02:27+00:00,residential,Swisher Road,,1,12626285280
294592789,3,2025-02-05T12:45:05+00:00,track,,,1,12558833435
294887155,12,2024-06-24T06:35:17+00:00,path,Lost Dog,,5,11464418797 10956344117 11467557923 11467558087 11458798434
294887160,13,2024-07-21T22:06:11+00:00,path,Dead Valentine,,1,12005721735
294887168,7,2025-11-19T18:34:41+00:00,path,,,2,11110513756 11467557921
294887172,11,2024-06-13T00:31:46+00:00,path,Tom Mays Trail,,1,11463760332
294887173,6,2024-06-24T06:35:17+00:00,path,Brujos Garden,,1,11110513757
294887176,11,2024-06-24T06:35:17+00:00,path,Mayberry,,5,12005721734 11458798512 11472330021 11472330022 11472330023
294887183,4,2024-01-10T05:03:50+00:00,path,North Clydesdale,,1,11505164157
295165330,2,2025-04-22T19:16:53+00:00,track,,,1,12776943191
297031673,3,2022-09-30T21:59:12+00:00,track,,,3,3008710501 3008710319 3008710286
297282493,9,2026-08-23T20:15:16+00:00,path,,,1,5052480392
297295472,19,2026-06-20T05:51:01+00:00,cycleway,Bordo,,1,13759660288
297810975,6,2019-08-02T11:53:22+00:00,path,,,1,3084283604
299390363,12,2022-01-16T19:32:29+00:00,path,,,1,7769396030
301728330,7,2026-02-18T01:45:17+00:00,path,,,4,13574834317 13574834298 13574834299 13574834320
301728884,5,2026-02-18T01:45:17+00:00,path,,,2,12805311185 13574834285
301729447,3,2026-02-18T01:45:17+00:00,path,,,1,13574834321
301729448,3,2026-02-18T01:45:17+00:00,path,,,2,13574834319 13574834318
301979840,3,2019-11-30T02:06:14+00:00,footway,,,1,3061745838
302696818,2,2021-01-09T20:38:58+00:00,footway,,,1,3069603344
302696821,2,2015-03-30T22:19:17+00:00,footway,,,2,3069603036 3069603000
302696822,1,2014-09-10T03:22:42+00:00,footway,,,1,3069603275
302696824,1,2014-09-10T03:22:42+00:00,footway,,,1,3069599378
302737455,7,2025-08-16T18:45:39+00:00,footway,,,1,3070081189
302751759,4,2026-04-08T03:04:04+00:00,path,,,2,12433847147 12433847146
302751760,5,2026-09-13T19:07:37+00:00,path,,,1,12433847354
302761720,4,2026-05-14T02:45:17+00:00,path,,,1,12433847294
303096804,5,2024-06-14T00:06:51+00:00,path,Del Sol,,1,11458509330
303096806,9,2024-06-14T00:06:51+00:00,path,,,3,11475682385 11475682496 11458798514
303096807,8,2024-06-24T06:35:17+00:00,path,Baby Head,,2,11458798513 11475682497
303471332,14,2025-08-14T20:44:37+00:00,residential,Northwestern Drive,,1,13071527539
303865100,4,2026-01-01T02:29:58+00:00,residential,Jacob Way,,1,13422418554
304419606,12,2026-09-09T05:04:12+00:00,path,Monk's Trail,,2,11137255412 11137239798
305373316,3,2025-08-14T20:44:37+00:00,path,Shortcut #1,,1,13071527708
305373322,3,2025-08-14T20:44:37+00:00,path,Upper Foothills,,2,13071527674 13071527534
305373324,3,2025-08-14T20:44:37+00:00,track,,,1,13071527707
305426640,7,2025-01-23T15:19:59+00:00,path,Sotol Forest,,1,10942064234
305426642,3,2023-12-09T21:47:06+00:00,path,Scenic Road,,1,10942063859
307392207,3,2023-02-16T16:57:13+00:00,path,,,1,3125153071
307392208,4,2023-02-16T16:57:13+00:00,path,,,1,10570378936
307392212,6,2023-02-16T16:57:13+00:00,path,,,1,10570378937
307392214,5,2023-02-16T16:57:13+00:00,path,,,1,10570378943
307392217,5,2023-02-16T16:57:13+00:00,path,,,2,10570378923 10570378922
307395399,3,2021-04-22T11:21:00+00:00,path,,,1,3125230680
307395447,3,2021-02-28T23:25:07+00:00,path,,,1,7477470097
309398235,4,2025-01-22T15:24:34+00:00,residential,,,2,10887133480 10887133461
309978941,15,2026-07-14T19:00:48+00:00,unclassified,Calle Canutillo,,2,703105710 13728748018
309990305,4,2023-08-20T15:31:48+00:00,track,,,1,11132244273
313521089,1,2014-11-19T07:39:21+00:00,service,,,1,3195193432
313521090,1,2014-11-19T07:39:21+00:00,service,,,1,3195193394
313521091,1,2014-11-19T07:39:21+00:00,unclassified,,,1,3195192734
313521101,1,2014-11-19T07:39:24+00:00,service,,,1,3195193215
313869664,1,2014-11-21T20:27:00+00:00,unclassified,Stowers Ranch Road Southwest,,1,151840468
313869681,1,2014-11-21T20:27:02+00:00,service,,,1,151618023
313873907,3,2025-07-15T17:13:02+00:00,track,,,2,13002272949 13002272366
313873908,3,2026-04-16T22:38:00+00:00,track,,,2,13736055858 12999696467
313896409,2,2025-12-22T20:22:20+00:00,track,,,1,150142392
313896413,1,2014-11-21T23:42:24+00:00,track,,,1,150126239
314196092,2,2026-02-13T01:51:55+00:00,service,,,1,13550888374
315876783,4,2024-04-12T00:35:59+00:00,track,,,1,8515848472
315994474,6,2020-05-11T02:22:01+00:00,residential,Pontiac Avenue,,1,7504945545
316191819,1,2014-12-07T10:50:47+00:00,service,,,1,3223038893
316895206,8,2024-09-11T14:07:19+00:00,path,,,1,3934225019
316895208,12,2025-11-13T16:05:04+00:00,path,,,1,7022900229
317556146,3,2023-07-22T14:34:03+00:00,service,,,1,924662920
317937166,3,2025-03-27T23:31:45+00:00,track,E0350 Road,,1,12706097945
318460832,3,2026-02-17T15:49:31+00:00,track,,,3,3248657154 3248657272 3248657279
319351357,3,2025-01-19T19:31:07+00:00,track,,,1,3257625801
319552637,2,2016-02-02T16:15:07+00:00,service,,,1,3259766870
320307207,3,2024-11-07T22:48:09+00:00,service,Buckhorn Lane,,1,12321536691
321391108,2,2025-03-18T18:54:28+00:00,track,,,5,12677271588 12677271597 12677271613 12677271680 12677271681
321411002,4,2024-12-14T17:48:16+00:00,track,,,1,11018744434
321566199,4,2022-01-24T10:26:41+00:00,track,,,1,9444335184
321567517,7,2020-04-23T10:57:50+00:00,unclassified,,,1,7437720652
321780475,6,2025-03-01T14:42:17+00:00,path,Denio Creek Warbler Trail,,4,12628506240 12193484422 12193484418 12193484417
323267989,3,2025-09-12T15:28:33+00:00,path,Utility Path,,1,12670142883
323267990,4,2025-09-12T15:28:33+00:00,path,Gorman Falls Trail,,2,13138403577 13138403578
323671499,9,2026-04-03T17:48:24+00:00,cycleway,Loop 5,,1,12042685842
324515926,4,2026-04-26T16:00:24+00:00,track,,,1,13764132812
325906318,3,2025-01-26T17:29:26+00:00,unclassified,,,1,12534445234
327157062,1,2015-02-08T22:50:19+00:00,track,,,1,3338800359
327157073,1,2015-02-08T22:50:20+00:00,track,,,1,3338800399
327157094,1,2015-02-08T22:50:23+00:00,track,,,1,3338799786
328060585,4,2023-02-06T03:46:18+00:00,residential,Twin Brook Turn,,1,10076918993
331464575,4,2025-09-07T19:54:57+00:00,track,FM TRO (lvl 4),,1,13125495787
332215602,3,2020-06-21T02:52:39+00:00,path,,,1,7639088774
333334710,3,2023-06-08T13:04:28+00:00,service,,,1,10963547257
333334714,3,2025-03-10T19:51:58+00:00,track,,,1,12650612252
333351643,3,2024-08-26T19:37:04+00:00,footway,,,3,6333998916 6333998917 6333998918
333378024,2,2018-04-09T04:51:21+00:00,path,,,2,3404907568 3404907539
333578255,2,2025-03-12T00:24:40+00:00,unclassified,County Road 460,,1,12654174818
334440298,4,2025-04-24T21:23:12+00:00,tertiary,,,1,3415341267
335050988,3,2026-03-30T03:48:40+00:00,path,,,1,13148577567
337118657,3,2022-10-04T18:51:23+00:00,service,,,1,3442191541
337701975,4,2025-12-19T17:01:51+00:00,track,,,1,13389053446
337702766,3,2025-12-19T17:01:51+00:00,track,,,1,13389112706
337703706,4,2025-10-31T18:57:45+00:00,track,,,2,10537987173 10537987167
337704829,2,2023-01-10T22:20:57+00:00,track,,,1,10537987171
337704835,3,2025-12-18T20:22:34+00:00,track,,,1,13387346605
337706048,3,2023-01-10T22:20:57+00:00,track,,,1,10537987172
337709732,3,2025-12-01T17:34:50+00:00,track,,,1,2521750273
338241542,8,2025-05-07T21:03:54+00:00,footway,Savanna Meadow Trail,,1,12818003623
339685333,1,2015-04-21T05:01:51+00:00,footway,,,1,3417107076
339685334,2,2016-02-29T01:35:24+00:00,track,,,1,1346377289
340320076,14,2025-06-02T01:31:07+00:00,footway,Lost Pines Trail,,2,11879232716 11879232702
340320677,8,2024-05-05T15:37:52+00:00,cycleway,Winding Woodland Trail,,1,11881523038
341586980,3,2025-12-11T22:40:40+00:00,footway,,,2,11901010650 11901010658
344667775,3,2026-04-14T15:43:25+00:00,service,,,2,13730363610 13730363611
350213188,17,2026-09-01T21:41:41+00:00,tertiary,,,7,12423633401 12423633386 12053408075 7491683036 12423633189 12423633190 14141011306
350447488,15,2026-02-11T23:22:10+00:00,tertiary,,,2,6488777095 13544743073
350642254,7,2026-03-17T18:39:48+00:00,unclassified,,,3,11471054215 13656660783 13656660561
350663733,8,2025-04-25T16:24:22+00:00,tertiary,,,3,11560055776 12786433039 12786433041
350667171,8,2026-07-28T01:00:08+00:00,tertiary,,,1,10990140505
350695630,8,2025-08-28T21:16:35+00:00,tertiary,,,3,11504498117 13104535333 3564639692
350698062,2,2025-08-28T21:16:35+00:00,unclassified,,,1,13104535332
350699477,6,2026-02-09T20:51:54+00:00,tertiary,,,1,13538562645
350947155,3,2016-09-17T23:49:31+00:00,service,,,1,4406258541
351429305,4,2026-03-24T08:26:10+00:00,path,Trinity Trail,,2,13673805411 13673805407
352107668,5,2024-01-29T04:45:50+00:00,residential,Cox Drive,,1,11563289476
352417177,8,2025-05-05T20:18:05+00:00,path,Barton Creek Greenbelt Mopac Trail Entrance,,3,1991904638 9063255671 1991904722
352417178,5,2024-02-29T19:42:05+00:00,path,Barton Creek Greenbelt Trail 10,,2,11678092300 8659756001
352417183,6,2022-09-23T14:40:08+00:00,path,Barton Creek Greenbelt Trail,,1,9063255678
352417188,6,2025-05-05T20:18:05+00:00,path,,,1,3582196138
352427052,6,2025-05-05T21:16:28+00:00,path,,,2,9065217183 12812519461
354124758,1,2015-06-16T17:33:33+00:00,footway,,,1,3599105515
354195925,3,2022-02-04T02:06:22+00:00,footway,,,2,8325048936 8325048918
354360763,7,2024-04-06T22:23:06+00:00,footway,Outer Loop Trail,,1,10049933370
354372524,5,2022-06-18T19:33:13+00:00,track,,,1,6956363194
354372525,4,2024-12-19T20:45:18+00:00,track,,,1,12434343579
354372526,6,2022-06-18T19:33:13+00:00,track,,,1,6956363195
354389967,6,2026-01-27T15:36:10+00:00,cycleway,,,1,13278540018
354873630,4,2020-06-20T23:32:26+00:00,track,,,1,7638906975
355400519,18,2026-09-07T04:38:47+00:00,tertiary,Faudree Road,,1,14158794577
355581669,2,2024-10-16T21:06:43+00:00,service,,,1,12256298697
356079624,2,2022-05-14T04:20:07+00:00,path,,,2,9738879827 3615618909
356101999,8,2026-09-20T06:18:05+00:00,footway,,,3,12056074220 12056074221 12056074212
356278485,2,2021-04-19T19:03:30+00:00,path,,,1,8644948838
356328799,7,2025-12-22T18:58:17+00:00,footway,Beatrice Trail,,5,12197483488 12197483493 12197483490 12197483486 3617870287
356373930,4,2024-03-24T13:02:58+00:00,unclassified,,,3,11758088924 11758088923 11758088925
356747619,1,2015-06-27T11:35:32+00:00,residential,Blue Heron Boulevard,,1,3621523817
357265267,4,2025-06-08T18:18:01+00:00,footway,,,1,3625850191
357558735,5,2024-12-15T02:02:16+00:00,unclassified,,,7,12423648837 12423648831 12423648898 11759349451 12423648885 12423648897 12423648884
358557232,4,2021-12-01T20:43:25+00:00,path,Pilot Knoll Trail,,1,8929249963
359427339,3,2025-04-06T16:22:27+00:00,unclassified,,,1,12113904959
359428149,2,2020-03-06T04:21:16+00:00,track,,,1,7271001314
359550572,2,2021-06-14T01:24:17+00:00,unclassified,County Road 425,,1,8830640701
359608364,4,2024-05-25T14:40:20+00:00,unclassified,,,1,11933201618
359903123,6,2024-02-09T00:01:31+00:00,unclassified,,,5,11600118046 3646437360 11600118047 11600118048 11600118049
360085903,5,2025-04-04T22:22:09+00:00,unclassified,,,5,3646870778 12729926806 12729926847 12729926848 12729926885
360410207,4,2019-12-04T13:14:44+00:00,service,,,1,4209993623
360411575,2,2025-09-23T18:47:01+00:00,track,,,1,13165831661
361458678,5,2025-11-08T17:33:06+00:00,cycleway,Stone Oak South Trail,,1,12610719107
364272956,1,2015-08-06T03:51:01+00:00,cycleway,,,2,3683247909 3683247872
364272958,1,2015-08-06T03:51:02+00:00,track,,,1,3683247436
364272967,1,2015-08-06T03:51:03+00:00,cycleway,,,1,3683247510
367469967,2,2017-03-08T07:40:40+00:00,track,,,1,4723608783
367488651,5,2025-07-12T21:55:40+00:00,residential,CH Hunton Street,,1,12431195278
368894179,4,2020-01-15T21:01:46+00:00,path,,,1,3727350654
369053337,4,2025-02-03T22:45:33+00:00,footway,,,1,3728824841
369527801,4,2025-01-23T15:19:59+00:00,path,Newman,,1,11812572898
369527802,5,2025-01-23T15:19:59+00:00,path,Down Under,,1,11812572895
369531605,12,2025-12-15T14:38:01+00:00,path,Beginner Loop,,3,13378345549 13378345682 13136417418
370022024,4,2025-05-08T15:56:03+00:00,unclassified,Highway 169,,1,12181308990
370094121,5,2026-05-01T23:14:06+00:00,track,,,2,13785743675 13785743674
371576212,2,2017-02-06T09:41:14+00:00,track,,,1,3751375217
372783665,1,2015-09-29T04:14:43+00:00,track,,,1,3763312812
372783674,2,2026-03-01T14:31:04+00:00,service,,,1,3763310048
373379131,4,2025-01-12T17:32:14+00:00,residential,County Road 137,CR 137,1,7923478611
374800439,1,2015-10-11T09:20:39+00:00,tertiary,Pedernales Falls Road,,1,149521986
375356485,3,2025-08-29T15:41:35+00:00,service,Straus Medina,,1,13106386306
375688850,3,2025-11-13T16:51:11+00:00,track,,,1,13302008114
378704942,13,2025-08-25T05:24:20+00:00,path,Bull Creek South To North,,1,8627271481
378706783,7,2024-09-07T20:32:05+00:00,cycleway,NI Shortcut,,1,8067005737
378715224,4,2023-05-02T12:52:18+00:00,footway,Cow Path Shortcut,,1,7022900227
380733340,4,2025-09-11T14:08:33+00:00,path,,,1,13136417422
380733345,2,2025-09-02T18:58:21+00:00,path,,,1,13115170713
385359566,5,2021-10-11T17:44:34+00:00,path,,,1,8881301643
385400052,4,2025-07-09T05:58:12+00:00,path,,,2,12989071026 12989071028
385402971,4,2025-05-24T12:40:50+00:00,path,,,3,12860705502 12860705503 12860705504
387047372,3,2020-10-09T16:57:03+00:00,track,,,1,7992812470
387047374,3,2025-03-25T14:38:26+00:00,track,,,1,12699035164
387051407,5,2025-03-25T13:18:16+00:00,track,,,1,12698861819
387051594,2,2020-10-11T21:43:13+00:00,track,,,1,7998175344
387622523,7,2025-07-09T15:57:17+00:00,path,,,3,9160892089 9160892090 9160892088
387622524,6,2025-07-09T15:56:01+00:00,path,,,1,7082669619
388574107,5,2026-09-12T22:01:13+00:00,tertiary,County Road 327,CR 327,1,12440052836
389162729,7,2025-01-19T18:14:31+00:00,cycleway,Leon Creek Greenway Trail,,1,12515873590
389163436,4,2025-03-04T01:47:31+00:00,track,,,1,12152420045
389514003,5,2024-08-25T21:09:21+00:00,path,Emma Long Motocross Park,,1,12136526885
390006742,4,2025-12-05T15:51:04+00:00,path,,,4,13355888403 13355888404 13355888405 13355888406
390006746,5,2025-12-05T15:51:04+00:00,path,Centipede,,1,13355888729
390006750,6,2025-12-05T15:51:04+00:00,path,Roadrunner,,1,13355888736
390261756,3,2023-11-19T22:17:42+00:00,path,,,1,3934224990
391704120,5,2024-04-14T17:39:45+00:00,cycleway,,,1,7490659773
392497701,5,2024-09-15T13:05:49+00:00,path,Turkey Pass Trail,,1,11151887238
392864934,2,2021-10-23T01:51:28+00:00,track,,,1,9194832689
392879947,3,2022-07-18T15:05:40+00:00,track,,,1,152540058
392880657,2,2025-01-04T21:39:10+00:00,track,,,1,12474369192
394823178,4,2025-10-21T14:53:05+00:00,path,,,1,13248005455
395009829,7,2026-04-11T19:11:11+00:00,track,,,2,10965267652 13004453618
395821875,2,2023-03-25T16:06:04+00:00,service,,,1,10761407321
395821877,2,2023-03-25T16:06:04+00:00,service,,,1,10761407318
398454395,6,2023-06-01T14:11:50+00:00,footway,,,1,8613450371
398454401,6,2023-06-01T14:10:51+00:00,footway,,,1,8613450370
399904623,1,2016-02-25T11:15:52+00:00,track,,,1,4025720547
399913908,2,2023-06-08T13:04:28+00:00,track,,,1,10963547256
399913939,2,2023-06-08T13:04:28+00:00,track,,,1,10963547258
400684643,3,2025-05-26T20:32:30+00:00,track,,,4,12865456691 12865456690 12865456402 12865456920
401971677,2,2023-08-15T15:27:52+00:00,track,,,1,11117020970
401971679,2,2023-08-15T15:27:52+00:00,track,,,1,11117020972
401971688,3,2026-03-30T16:50:59+00:00,track,,,1,11117040614
401971702,2,2023-08-15T15:38:14+00:00,track,,,1,11117040613
402741190,3,2024-12-23T15:54:29+00:00,track,,,2,10647320956 12444548091
402950552,3,2025-02-04T16:14:17+00:00,path,,,1,12556823440
403439080,4,2023-12-21T05:53:42+00:00,service,,,1,9291895747
403466874,7,2026-03-30T13:48:33+00:00,service,Loop 1,,5,11018744435 11018744442 11018744458 11018744513 13691598182
403474292,2,2025-05-05T22:38:14+00:00,track,,,1,12812692638
403882986,8,2025-11-01T14:33:23+00:00,cycleway,Violet Crown Trail,,6,13274036704 13274036708 3582195965 13274036705 13274036706 13274036707
403909040,1,2016-03-15T18:32:43+00:00,service,,,1,4062083355
406133734,4,2024-06-21T09:21:16+00:00,residential,North County Road 1700,,1,6967840035
406722777,4,2020-04-29T07:16:55+00:00,residential,Spillway Drive,,1,6376925144
407740104,5,2022-06-13T14:04:04+00:00,footway,,,1,6533770053
410894935,6,2024-09-24T17:29:06+00:00,footway,Lower Purgatory Creek Greenspace Trail,,3,12197483499 12197483500 4126564114
410897538,5,2025-12-22T18:58:17+00:00,path,Dante,,4,13395839217 12197483485 12197483477 12197483481
411227582,3,2024-01-23T16:40:41+00:00,track,,,1,11543562724
412513629,3,2016-05-02T17:01:27+00:00,track,,,1,4161780437
413096260,2,2016-04-24T13:45:55+00:00,track,,,1,4144245777
413115955,56,2021-08-15T21:29:45+00:00,residential,Hickory Forrest Drive,,4,4185998923 4185998924 4144462443 151196049
413193147,3,2016-05-10T13:25:34+00:00,track,,,1,4161780408
413193171,1,2016-04-24T22:57:59+00:00,track,,,1,4145288618
414447223,1,2016-04-29T15:26:20+00:00,track,,,1,4155896260
414447228,2,2024-10-04T21:49:47+00:00,track,,,1,12223093705
414896469,8,2026-05-24T08:04:39+00:00,residential,YT Road,,1,6703652373
415103597,3,2016-05-06T14:41:30+00:00,track,,,1,4161781013
415103599,1,2016-05-02T17:01:26+00:00,track,,,1,4161781056
415220395,6,2021-10-03T06:07:56+00:00,footway,,,1,4162685898
415220398,6,2021-10-03T06:07:56+00:00,footway,,,1,7075654637
415220399,5,2021-10-03T06:07:56+00:00,footway,,,1,7075654634
415220409,5,2021-10-03T06:07:56+00:00,footway,,,1,7075669990
415220413,6,2024-07-02T18:55:06+00:00,footway,,,1,12029762038
415292678,2,2024-08-25T21:09:21+00:00,track,,,1,12136526887
415913812,1,2016-05-05T23:25:10+00:00,track,,,1,4168350259
415913813,4,2024-10-04T21:49:47+00:00,track,,,1,12223093683
415913818,1,2016-05-05T23:25:10+00:00,track,,,2,4168350515 4168350381
415921921,2,2024-10-04T21:49:47+00:00,track,,,4,12223093630 4168387923 4168387938 4168350101
415921922,1,2016-05-06T00:02:32+00:00,track,,,1,4168350101
416141204,3,2019-12-10T02:55:44+00:00,track,,,1,4161781026
416141214,1,2016-05-06T13:01:20+00:00,track,,,1,4169740265
416156947,1,2016-05-06T14:41:23+00:00,track,,,1,4169864833
416156957,1,2016-05-06T14:41:25+00:00,track,,,1,4169865163
416156970,2,2021-02-12T12:23:49+00:00,track,,,1,4169865348
416533692,1,2016-05-08T12:39:11+00:00,track,,,3,4172812277 4169865652 4172812334
416533700,2,2024-10-04T21:49:47+00:00,track,,,1,12223093606
416533703,1,2016-05-08T12:39:13+00:00,track,,,1,4172812239
416533705,1,2016-05-08T12:39:13+00:00,track,,,1,4169740655
416714617,1,2016-05-09T18:39:11+00:00,track,,,3,4174354918 4174354777 4174354767
416714699,3,2024-06-18T20:44:42+00:00,track,,,2,11990894031 4174355931
416784630,2,2025-10-31T18:57:45+00:00,track,,,2,13272863304 13272863306
416934644,1,2016-05-10T10:39:41+00:00,track,,,1,4176043190
416934653,1,2016-05-10T10:39:42+00:00,track,,,1,4176043235
416934666,1,2016-05-10T10:39:44+00:00,track,,,2,4176043722 4176044136
416934722,1,2016-05-10T10:39:49+00:00,track,,,1,4168350113
416934771,1,2016-05-10T10:39:53+00:00,track,,,4,4139290555 4176045085 4176045402 4176045407
416934834,1,2016-05-10T10:39:59+00:00,track,,,1,4176045634
416996140,2,2019-07-26T12:00:33+00:00,service,,,1,4176414867
416996256,1,2016-05-10T13:25:24+00:00,track,,,1,4139238295
417123714,7,2026-04-04T12:52:34+00:00,track,River Road East,,1,10649766077
417123715,7,2026-04-04T12:52:34+00:00,track,River Road East,,2,10647744231 10647734401
418616897,1,2016-05-16T16:30:04+00:00,track,,,1,4190002615
419265168,3,2026-02-05T21:00:25+00:00,residential,,,1,13527315270
419718478,2,2016-05-23T13:37:56+00:00,service,,,1,4202215459
420488381,18,2025-07-13T16:11:41+00:00,primary,State Highway 39,TX 39,1,12997415131
422094161,7,2024-03-15T14:44:44+00:00,path,Country Club Creek Trail,,1,9397081745
423514138,2,2026-04-21T13:55:39+00:00,footway,,,1,13748980754
423514141,2,2026-02-20T20:37:01+00:00,footway,,,1,13585640825
423517896,5,2022-11-21T18:11:53+00:00,path,,,1,9250842342
423533982,4,2019-03-10T09:25:30+00:00,service,,,1,6328489918
423535015,18,2024-12-01T03:21:20+00:00,service,Private Road 300I,,1,5409285773
424941130,2,2024-08-21T21:26:06+00:00,track,,,1,12125518681
427722498,1,2016-06-28T01:07:17+00:00,track,,,5,4269045195 4269045283 4269045340 4269045351 4269045381
427823763,9,2024-07-27T14:39:39+00:00,track,,,2,12077000138 12077000153
427823775,3,2024-07-27T14:39:39+00:00,track,,,2,12077000136 12077000137
429715112,7,2025-01-24T20:19:17+00:00,unclassified,,,1,12530047955
429748740,3,2024-06-04T14:53:09+00:00,service,,,1,11956006684
429748745,3,2025-01-24T20:19:17+00:00,track,,,1,12530047965
429748746,4,2025-01-24T20:19:17+00:00,track,,,1,12530047966
430414672,3,2026-06-08T14:28:11+00:00,service,,,1,13920381878
430619315,2,2020-01-16T06:40:10+00:00,service,,,1,7134888474
430874938,5,2016-07-13T23:35:49+00:00,track,,,1,4301401989
430876883,3,2025-01-24T20:19:17+00:00,track,,,1,12530047968
430876889,4,2025-01-24T20:19:17+00:00,track,,,1,4301401989
431110538,4,2023-08-25T00:22:07+00:00,footway,,,1,7891616486
431594226,6,2025-11-01T14:33:23+00:00,cycleway,,,5,13274016868 13274016870 13274016869 13274016871 9065072792
433165815,2,2021-03-08T10:13:45+00:00,service,,,1,8496524244
435044503,5,2025-01-19T15:46:39+00:00,residential,,,9,12514806792 12514807007 12514537619 12514537890 12514537724 12514807090 12514538195 12514807995 12514808198
435126293,2,2025-05-23T23:12:20+00:00,track,,,1,12859761020
435379806,5,2024-06-19T13:13:04+00:00,track,County Road 415,CR 415,1,10292200191
435473495,4,2026-04-01T02:45:48+00:00,path,,,1,12475064989
435885681,4,2026-02-21T03:32:02+00:00,track,,,1,12255218153
435885682,2,2024-10-16T14:25:07+00:00,track,,,1,12255218255
435885706,2,2024-10-16T14:25:07+00:00,track,,,2,12255218253 12255218155
436357753,2,2022-09-16T19:58:54+00:00,track,,,1,10030330267
436609478,2,2026-04-11T00:24:08+00:00,track,,,1,4344926318
436881122,3,2026-02-09T20:50:37+00:00,track,,,1,13538791830
437655651,1,2016-08-17T18:18:57+00:00,track,,,1,1840689704
439805284,2,2023-05-08T09:37:50+00:00,residential,,,1,4374836587
442684771,3,2020-09-14T14:47:53+00:00,service,,,2,7905521204 7905521235
443501645,2,2021-07-12T05:50:38+00:00,footway,,,1,4410923513
443517651,2,2021-07-12T05:50:38+00:00,service,,,1,8912826155
444207271,3,2021-11-21T05:34:43+00:00,service,,,1,4416938344
445100737,14,2022-02-11T02:37:22+00:00,footway,,,3,4425521092 6758517172 6758517171
445100740,9,2020-02-20T04:34:46+00:00,footway,,,1,6758517175
445129260,2,2024-12-25T15:44:40+00:00,service,,,1,12451327282
445230069,9,2023-03-19T15:05:22+00:00,path,,,1,4426855793
445299691,2,2026-04-26T13:42:32+00:00,track,,,1,13763652611
445299695,3,2026-04-26T14:08:06+00:00,track,,,1,13763693474
445299698,2,2026-04-26T13:42:32+00:00,footway,,,1,13763652600
445434254,8,2020-05-27T03:58:42+00:00,service,,,1,7561257507
445438271,6,2020-05-27T04:26:09+00:00,service,,,2,5413502600 7561323695
445438274,4,2020-05-27T04:26:09+00:00,service,,,1,7561323697
445438275,6,2020-05-27T04:26:09+00:00,service,,,1,7561323696
445979784,2,2024-12-20T16:15:42+00:00,service,,,1,12437171625
447069920,5,2026-06-02T22:19:58+00:00,footway,,,1,4442656730
447226869,4,2025-05-28T16:22:43+00:00,service,,,1,6515545316
447617865,5,2023-10-19T18:26:11+00:00,path,Bandera Creek Trail,,3,10099449223 10099449224 10099440301
448848146,7,2024-06-25T18:47:01+00:00,path,North Loop Trail,,1,12010099809
449231552,4,2024-12-09T22:06:41+00:00,service,,,2,8670954381 12408215807
449233203,2,2021-04-27T07:36:26+00:00,service,,,1,8670954379
449385343,6,2026-07-10T09:30:36+00:00,service,,,1,12427161046
450188450,3,2024-09-29T13:51:09+00:00,track,,,1,12208979918
450389607,3,2026-02-02T09:40:59+00:00,service,,,1,13168281378
450663342,3,2026-02-21T21:41:43+00:00,service,,,2,13588428363 13588428362
451358950,14,2022-08-27T02:20:28+00:00,service,,,1,9980923469
451922681,4,2023-05-12T23:43:28+00:00,path,Devil's Hall Trail,,5,10887056004 10892312652 10887063707 10887063705 10887056003
454551954,4,2026-07-12T03:50:35+00:00,unclassified,,,1,12125433214
454551966,7,2025-09-25T03:58:33+00:00,track,,,1,12125433209
454554609,4,2024-08-21T22:10:12+00:00,unclassified,,,2,12125433220 12125561506
454573055,4,2024-08-21T20:34:41+00:00,unclassified,,,1,12125433217
454598118,4,2023-03-19T15:05:22+00:00,path,,,1,4440981927
457744807,3,2025-03-01T14:42:17+00:00,path,Cedar Brake Outer Loop Trail,,1,12628506610
457759802,2,2025-03-01T14:42:17+00:00,path,Buckeye Trail,,2,4538585557 12628506609
457760595,3,2025-03-01T14:42:17+00:00,path,Denio Creek Warbler Trail,,2,12628506242 12628506241
457772863,8,2025-03-01T14:42:17+00:00,path,Cedar Brake Outer Loop Trail,,2,12628506239 12628506230
457904486,2,2023-11-13T03:18:31+00:00,footway,,,1,11345634726
458576708,2,2022-05-29T15:12:17+00:00,track,,,1,9779454066
458576949,4,2025-07-17T14:22:04+00:00,path,Mid Canyon Trail,,10,6504659057 6504659059 6504659060 6504658988 6504659061 13006706485 6504659062 6504659063 6504659064 6504659065
458576950,3,2025-07-17T14:22:04+00:00,path,West Canyon Loop Trail,,2,13006706524 13006706523
458928774,3,2025-07-14T19:22:37+00:00,footway,West Loop Trail,,4,12999804583 12999804584 12999804585 312406924
458928778,8,2025-07-14T22:24:03+00:00,footway,West Trail,,6,13000095230 13000095239 13000073522 13000073523 13000095586 12999805003
459192771,3,2025-07-14T19:22:37+00:00,track,,,1,12999804986
460345045,3,2023-05-04T08:00:36+00:00,service,,,1,5013479004
460405609,2,2023-01-20T10:09:42+00:00,residential,Private Road 308-D,,1,10570216448
462156153,2,2025-05-08T13:55:44+00:00,path,Canyon Trail,,2,12819746644 12819746645
462184761,2,2016-12-27T20:11:07+00:00,service,,,1,4575926010
462186722,3,2016-12-27T23:15:24+00:00,service,,,1,4575933783
462286227,2,2025-05-25T15:14:08+00:00,service,,,1,12862742841
462396261,4,2026-03-23T15:30:46+00:00,service,,,1,13672044859
462396264,9,2026-03-23T15:30:46+00:00,service,,,1,13672044862
463508711,4,2026-04-10T08:17:30+00:00,service,,,1,4587736392
463508714,6,2026-03-20T00:14:03+00:00,service,,,1,13518959859
463651699,3,2025-12-30T21:25:35+00:00,residential,Rio Circle,,1,13419069491
463661162,1,2017-01-04T13:39:05+00:00,track,,,1,82447659
463720920,2,2023-10-19T12:19:15+00:00,service,,,1,11274541324
464925688,17,2026-05-01T01:52:02+00:00,cycleway,Rio Grande Vega Trail,,2,12298982163 12351457994
465645891,2,2025-03-04T22:10:12+00:00,residential,,,1,12637286476
466568799,3,2026-09-04T14:35:14+00:00,track,,,1,8934307374
467562902,4,2021-07-21T21:37:05+00:00,track,,,1,8939825377
467671246,2,2019-10-11T20:50:56+00:00,residential,,,1,6872086677
467711558,10,2026-03-13T07:13:55+00:00,path,,,1,4623093392
467712977,8,2026-03-13T07:13:55+00:00,path,,,1,4623093389
467803638,2,2025-07-15T18:25:52+00:00,service,,,1,151655775
467845550,1,2017-01-23T02:30:04+00:00,service,,,1,4624470752
467853142,7,2024-05-24T21:25:52+00:00,track,,,4,11879331615 11879331468 11879359350 11877104861
468071786,6,2026-07-01T07:26:39+00:00,service,,,1,11907482694
468549771,16,2022-09-02T02:33:21+00:00,footway,,,1,9980923472
468552530,3,2017-02-21T14:57:59+00:00,footway,Grafa Park Walking Path,,1,4630770553
469186115,2,2024-08-12T17:28:30+00:00,residential,Valley View Road,,1,12106584820
469210903,3,2025-02-05T22:03:08+00:00,path,,,1,12560128978
469809761,10,2026-05-28T15:31:48+00:00,footway,Blue Loop,,1,13571048679
470016850,6,2023-10-20T06:01:19+00:00,footway,,,1,9980923468
470281719,2,2026-09-10T17:52:05+00:00,track,,,1,14170400096
471267005,1,2017-02-01T21:33:40+00:00,track,,,1,4654343065
471302987,2,2020-05-03T04:56:09+00:00,footway,,,1,7475022247
471566242,5,2025-03-31T15:25:53+00:00,track,,,1,12716451114
472509987,1,2017-02-06T09:40:53+00:00,track,,,1,4667013083
472509988,2,2026-08-22T06:27:21+00:00,track,Leon Creek Trail at Leon Springs,,1,4667013491
472509990,1,2017-02-06T09:40:53+00:00,track,,,1,291794449
475887101,5,2024-06-25T15:16:04+00:00,path,West Main Trail,,6,10624151695 10624151698 12009797583 12009797631 10624151700 10624151699
475894046,4,2024-06-25T15:16:04+00:00,path,Waterhole Trail,,3,10624151691 10624151693 4695740857
475958790,4,2023-02-08T20:23:51+00:00,track,Contrabandista Spur,,1,10624151689
476204336,6,2024-12-22T17:39:40+00:00,path,Loop 3,,2,12441957514 12441957513
476228962,4,2022-06-13T02:27:38+00:00,footway,Trail E - Lower Canyon Trail,,4,9813536302 9813536301 9813536300 9813536303
476242566,2,2024-12-22T17:39:40+00:00,track,4A,,1,12441957709
476462916,7,2024-12-22T17:39:40+00:00,path,Loop 4,,2,12441957712 12441957707
476462918,4,2024-06-25T14:52:20+00:00,path,Loop 5,,3,9444335175 9444335174 9444335176
476922862,3,2025-12-22T03:39:55+00:00,path,Lone Star Hiking Trail,,1,7869403024
477133069,4,2024-06-10T01:40:29+00:00,path,,,1,355693180
479569601,2,2022-06-17T02:22:17+00:00,service,,,1,9823990398
480129918,5,2025-03-12T17:30:45+00:00,track,,,3,12657017209 4731538021 12657017240
480488956,1,2017-03-14T19:16:25+00:00,footway,,,1,4734837063
482152875,2,2021-06-14T01:24:17+00:00,service,,,1,8830640693
482477418,3,2019-03-10T09:48:50+00:00,service,,,2,6328511638 6328511641
482758082,6,2022-04-28T15:38:27+00:00,residential,,,1,8548249891
483482873,1,2017-03-29T16:31:09+00:00,track,,,1,4762245620
483687886,5,2025-02-11T17:30:39+00:00,footway,,,1,12579437444
483820403,8,2025-05-08T16:02:10+00:00,bridleway,Horse Trail - South,,3,12820446661 12819889768 4765643441
483820406,10,2025-05-08T14:32:56+00:00,bridleway,Horse Trail - South,,4,8591739274 11837374890 12819889569 12819889532
483822519,14,2026-03-23T19:53:55+00:00,path,Juniper Ridge Trail,,14,12819889533 12819889535 12819889536 12819889570 12819889593 12819889610 12819889783 8591739275 4765667440 12819889661 12819889798 12819889753 12819889872 12819889822
483827404,11,2026-03-23T19:53:55+00:00,path,Madrone Trail,,1,12840117404
484131573,2,2025-03-16T14:16:14+00:00,path,Lively Loop,,5,12670189498 4768657339 12670189505 12670189781 12670189773
484131575,3,2025-03-16T14:16:14+00:00,path,Dry Creek Junction,,1,12670189551
484131577,5,2025-03-16T14:16:14+00:00,path,Lemons Ridge Pass,,1,12670189810
484148993,2,2025-03-16T13:50:59+00:00,path,Gorman Spring Trail,,2,12670142902 12670142901
484148996,4,2025-09-12T15:28:33+00:00,path,Dogleg Canyon Trail,,1,13138403691
484395311,3,2024-09-05T20:55:20+00:00,path,Bee Suck Hollow Trail,,3,12158558603 12158558602 12158558604
484396940,2,2025-11-08T17:33:06+00:00,cycleway,,,1,4771475129
484434463,2,2023-07-12T02:48:20+00:00,track,,,1,11041497165
484442835,3,2025-09-24T16:01:55+00:00,track,,,1,13167862268
484442836,4,2025-09-05T17:55:13+00:00,track,,,1,13121581386
484560911,5,2024-07-30T20:47:31+00:00,bridleway,Orange Trail,,3,6363660858 5577645465 6363660857
485351953,2,2026-06-29T02:27:33+00:00,path,,,1,4781259586
485351955,7,2026-06-29T02:27:33+00:00,path,,,1,13973579658
485351966,1,2017-04-07T14:06:02+00:00,service,,,1,4781259807
485608713,13,2024-06-20T17:11:30+00:00,tertiary,Camino a El Pajarito,,2,10240561184 11994921927
485913762,2,2026-04-13T18:40:02+00:00,residential,,,1,13728256595
487339400,2,2024-12-22T15:28:32+00:00,track,,,1,12441725914
487527119,2,2020-02-05T07:56:54+00:00,track,,,1,7187118127
489656985,2,2025-06-24T17:36:59+00:00,track,,,1,12950064336
491448996,4,2025-08-15T23:51:50+00:00,path,,,1,13073363117
492399469,2,2024-12-28T02:45:41+00:00,unclassified,,,2,12457810806 228373754
492609803,2,2022-08-28T23:05:32+00:00,track,,,1,9984260392
494999656,1,2017-05-21T11:40:20+00:00,footway,,,1,4867803970
495551627,1,2017-05-23T20:47:26+00:00,track,,,1,4872477307
497508486,4,2024-07-26T16:08:59+00:00,service,,,1,12075567648
498311441,2,2025-05-20T15:38:47+00:00,track,,,1,12851258192
499362052,5,2022-11-30T21:19:49+00:00,path,,,1,6644822870
509062253,6,2026-04-09T16:23:53+00:00,unclassified,,,4,13719018368 12125382729 7437312976 12125382730
509062254,4,2024-08-21T19:59:13+00:00,unclassified,,,1,11053922529
509117484,4,2023-01-20T11:42:07+00:00,footway,,,2,10570378955 10570378957
510587552,3,2019-03-10T09:48:48+00:00,footway,,,1,6328511637
510587558,3,2019-03-10T09:48:52+00:00,footway,,,1,6328511661
510596055,2,2020-05-27T04:26:09+00:00,service,,,2,7561299070 7561299069
510596057,2,2020-05-27T04:26:09+00:00,service,,,1,7561299068
510601041,2,2020-05-27T04:19:19+00:00,service,,,1,7561302065
510601042,2,2020-05-27T04:19:19+00:00,service,,,1,7561302063
510604474,7,2020-05-27T03:58:42+00:00,service,,,1,7561257511
510604480,2,2020-05-27T03:58:42+00:00,service,,,1,7561257518
510604482,3,2020-05-27T03:58:42+00:00,footway,,,1,7561257517
510604490,9,2019-11-18T08:41:09+00:00,path,,,1,6328489919
510632066,11,2020-05-27T03:58:42+00:00,footway,,,1,7561257534
511101349,4,2020-02-20T04:34:46+00:00,footway,,,1,6758517180
514058223,5,2019-08-30T04:04:09+00:00,footway,,,1,6758504177
514066931,4,2023-01-20T10:09:42+00:00,residential,,,1,10570216453
514067189,2,2024-12-28T02:06:01+00:00,service,,,1,12457776706
515410273,2,2022-02-05T15:58:52+00:00,service,,,2,9481407822 9481407821
515410275,2,2022-02-05T15:58:52+00:00,service,,,1,9481407818
515416135,4,2022-02-05T15:58:52+00:00,residential,,,2,9481398001 9481397996
515464485,3,2026-04-24T23:20:56+00:00,path,,,1,5033927694
516502903,2,2025-12-05T15:51:04+00:00,footway,Ridge Loop,,1,13355888782
517815857,5,2026-09-09T05:04:12+00:00,path,Monk's Vertigo Ridge,,4,10994787430 5052482411 10990425726 5052482432
517815863,3,2026-09-15T23:08:21+00:00,path,Ana's Trail (Trail of Tears),,1,14183933531
517815864,3,2026-08-14T14:55:50+00:00,path,Columbian Connection,,1,5052483012
517815865,3,2024-04-10T20:09:25+00:00,path,Monk's,,1,11137239797
518456274,4,2022-06-27T15:12:31+00:00,track,,,2,9850771697 9850771698
518466979,2,2022-06-27T15:12:31+00:00,track,,,1,9850771699
518466984,2,2024-07-27T14:39:39+00:00,track,,,2,12077000123 12077000135
518466988,3,2024-07-27T14:39:39+00:00,track,,,3,12077000122 12077000124 12077000125
518467002,2,2017-08-25T13:46:48+00:00,track,,,1,5057435567
518467004,6,2024-07-27T14:39:39+00:00,service,,,2,9850799572 12077000133
518479596,1,2017-08-25T03:57:29+00:00,residential,Corporon Road,,1,227023844
518573986,3,2022-06-27T15:25:13+00:00,track,,,1,9850799570
519376349,3,2022-10-30T19:06:40+00:00,service,,,4,10141144142 10141144152 10141144149 10141144155
519376353,3,2022-10-30T19:06:40+00:00,service,,,1,10141144154
519430402,2,2017-08-28T20:38:53+00:00,track,,,1,5065018781
519464943,3,2025-11-12T16:29:48+00:00,track,,,1,13299965231
519464962,4,2025-11-12T16:29:48+00:00,track,,,1,13299965089
519651786,2,2024-11-02T00:14:34+00:00,track,,,1,12306015991
519723067,2,2026-02-23T17:01:07+00:00,track,,,1,13593365942
519905357,3,2026-08-19T22:18:57+00:00,track,,,1,14106417305
519931007,4,2025-11-12T16:29:48+00:00,track,,,1,13299965504
519967161,2,2026-02-26T19:02:11+00:00,track,,,1,13603469299
520159992,2,2026-02-05T18:32:16+00:00,track,,,1,13527016549
520362134,3,2026-02-24T17:45:16+00:00,track,,,2,13596151943 13596151944
521096746,2,2024-11-01T13:13:49+00:00,track,,,1,12304409220
521380168,2,2018-10-22T00:57:55+00:00,track,,,1,5079693635
521566846,3,2026-06-12T18:13:43+00:00,service,,,1,12871527264
521566860,2,2025-05-26T20:32:30+00:00,service,,,1,12865457048
521566898,3,2026-06-06T03:52:11+00:00,service,,,1,12862714741
521566904,2,2025-06-05T17:01:05+00:00,path,,,2,12889192000 12889191913
521566911,3,2025-05-24T20:14:39+00:00,service,,,2,12861468580 12861468579
521576904,5,2026-06-24T03:15:49+00:00,service,,,1,12863501269
521576907,3,2025-12-25T14:12:43+00:00,service,,,2,13404370372 12863501270
521684824,2,2025-11-27T14:55:11+00:00,track,,,1,13336312916
522482741,2,2026-05-28T15:19:23+00:00,track,,,1,13891736374
522482744,2,2020-12-24T04:29:37+00:00,track,,,1,8256373812
522745410,2,2017-09-09T02:16:45+00:00,track,,,1,5090723362
524751897,1,2017-09-14T19:34:18+00:00,track,,,1,5106075545
524774286,2,2023-01-26T22:12:55+00:00,track,,,1,10585102572
524957942,6,2021-12-20T22:45:35+00:00,cycleway,Walnut Springs Trail,,1,5107769209
527199837,4,2025-01-14T01:52:54+00:00,unclassified,County Road 1008,CR 1008,1,12193484416
527200478,2,2023-06-11T03:41:14+00:00,path,Cedar Brake Outer Loop Trail,,1,10968563581
527394367,2,2026-02-24T15:56:08+00:00,track,,,1,13595957878
528902306,7,2026-02-26T20:16:49+00:00,service,,,2,13602930288 13603665154
529546738,2,2026-02-24T17:45:16+00:00,service,,,1,13596152158
529546741,3,2026-02-24T17:45:16+00:00,service,,,1,13596152157
531775244,2,2025-01-13T01:10:00+00:00,path,,,1,12497362018
533654386,4,2021-04-19T18:41:39+00:00,service,,,1,8644844359
533820207,2,2025-03-11T06:06:05+00:00,service,,,1,12651710228
535617637,4,2025-05-29T18:36:51+00:00,cycleway,,,1,5196112147
538602496,2,2025-12-28T02:16:41+00:00,service,,,1,13411776104
539756445,3,2021-08-21T01:44:24+00:00,path,,,1,9024085969
539990662,3,2026-09-17T20:56:24+00:00,unclassified,North 1670 Road,,1,150745255
541746567,3,2025-01-28T22:06:21+00:00,track,,,1,12540031851
542131170,3,2025-11-26T14:10:49+00:00,track,,,1,13333850784
543612790,8,2024-03-31T14:09:28+00:00,path,,,1,8040511852
544391991,3,2024-07-15T20:00:13+00:00,footway,,,1,12056074235
544391992,3,2024-07-15T20:00:13+00:00,footway,,,1,12056074236
544391998,3,2024-07-11T18:45:22+00:00,footway,,,1,5262820427
544500006,3,2018-07-16T12:04:27+00:00,service,,,1,5263442435
544500007,4,2020-05-27T03:58:42+00:00,service,,,1,7561257546
544500013,4,2020-05-27T03:58:42+00:00,residential,County Road 300-H,,1,7561257516
544500014,3,2020-05-27T03:58:42+00:00,service,,,1,7561257514
544500015,4,2020-05-27T03:58:42+00:00,service,,,1,7561257513
544506200,3,2020-05-27T03:58:42+00:00,residential,County Road 318-M,,1,7561257508
544525295,2,2019-03-10T09:48:50+00:00,service,,,2,6328511645 6328511646
544525298,2,2019-03-10T09:48:50+00:00,service,,,1,6328511643
545131464,4,2024-05-15T15:59:57+00:00,footway,,,1,11907482361
545162361,3,2022-02-05T15:58:52+00:00,service,,,1,9481398004
545162363,2,2022-02-05T15:58:52+00:00,service,,,1,9481398006
545162366,2,2022-02-05T15:58:52+00:00,path,,,1,9481398008
545162369,2,2022-02-05T15:58:52+00:00,path,,,1,9481398007
545162371,3,2022-02-05T15:58:52+00:00,service,,,1,9481398003
545162445,2,2018-07-17T09:11:30+00:00,path,,,2,5269201664 5269201671
545162446,4,2022-02-05T15:58:52+00:00,service,,,1,9481397998
545162447,3,2022-02-05T15:58:52+00:00,service,,,1,9481397997
545162450,2,2018-07-17T09:11:31+00:00,service,,,1,5269201671
545162454,1,2017-12-07T05:28:54+00:00,path,,,1,5269201671
545166647,2,2022-02-05T15:58:52+00:00,path,,,3,9481397999 5269236423 9481398000
545166649,3,2022-02-05T15:58:52+00:00,path,,,2,9481398005 9481398002
545708025,9,2026-02-23T09:19:11+00:00,cycleway,The Rim Loop,,2,13300222514 6182420418
545920320,2,2026-05-01T23:14:06+00:00,track,,,1,13785743676
545920342,3,2026-05-01T23:14:06+00:00,track,,,1,13785743677
546762193,4,2023-09-09T00:29:58+00:00,footway,,,1,10821134866
547178329,2,2025-01-13T01:10:00+00:00,path,,,1,12497362017
547178331,2,2024-06-10T01:40:29+00:00,path,,,2,11968106007 11968106006
547178335,2,2021-03-15T22:44:14+00:00,path,,,1,8522485250
547178337,2,2024-06-10T01:40:29+00:00,path,,,3,5286987184 5286987198 11968106011
547178340,2,2024-06-10T01:40:29+00:00,path,,,1,355693232
547178342,5,2025-01-19T18:14:31+00:00,path,,,2,11968106008 11968105939
547178346,3,2024-06-10T01:40:29+00:00,path,,,2,11968106086 11968106087
547178349,3,2024-06-10T01:40:29+00:00,path,,,1,11968106010
547179374,12,2025-05-07T06:52:55+00:00,residential,County Road 301,,1,12816244009
547179377,15,2025-02-25T10:14:27+00:00,residential,County Road 306,,1,10570270909
547230020,2,2019-03-10T09:48:51+00:00,service,,,1,6328511651
547593071,2,2020-05-27T04:19:19+00:00,service,,,1,7561307385
547774787,7,2025-07-18T08:44:27+00:00,path,,,1,12817994745
548268892,4,2020-04-08T21:01:30+00:00,cycleway,Unmarked Trail,,1,7383280987
548268894,14,2023-04-30T14:51:48+00:00,cycleway,Violet Crown Trail,,1,4160503263
549251158,2,2021-01-15T15:32:42+00:00,service,,,1,8324993722
549251159,2,2021-10-09T17:40:41+00:00,cycleway,,,1,9160996632
549257423,4,2025-12-03T14:26:49+00:00,track,,,1,9063249439
549258065,3,2019-12-24T16:52:38+00:00,track,,,1,6515760299
549500571,1,2017-12-28T08:22:05+00:00,track,,,1,5308025745
549500572,1,2017-12-28T08:22:05+00:00,track,,,1,5308025745
549500574,3,2023-02-11T17:35:39+00:00,track,,,1,5308025925
549500576,4,2023-02-11T17:35:39+00:00,track,River Road West,,2,5308025925 10647636487
549503132,4,2023-02-11T17:38:28+00:00,track,River Road West,,7,10647636489 10647636488 10647636490 10647636491 10647636492 10647636485 10647636486
549528368,2,2021-01-21T01:20:25+00:00,track,,,3,5308209254 5308209257 5308209258
549611612,7,2021-09-05T00:11:31+00:00,path,,,1,9063255679
551175969,4,2025-01-27T00:22:03+00:00,residential,Club House Road,,1,12535240605
551176849,2,2025-03-08T02:12:19+00:00,residential,,,1,12644535931
552006315,3,2025-09-07T19:54:57+00:00,track,Carnage Canyon (lvl 5),,1,13125487059
552823885,5,2019-08-30T03:50:20+00:00,path,,,1,6758517173
552988585,2,2020-05-17T10:10:49+00:00,footway,Steve Haley Park Trail,,1,7528522642
552988764,3,2022-02-05T15:58:52+00:00,path,,,4,9481398009 9481398010 5726181079 5338485544
555579987,4,2023-01-12T17:49:41+00:00,path,,,1,7108027882
555581119,3,2023-01-12T00:00:59+00:00,path,,,1,7108027890
556422463,4,2020-05-27T04:19:19+00:00,path,,,1,7561302078
556422464,4,2020-05-27T04:19:19+00:00,path,,,1,7561302054
556425279,3,2020-05-27T04:19:19+00:00,path,,,2,7561302076 7561302053
556425300,2,2020-05-27T04:19:19+00:00,service,,,1,7561302079
556425304,2,2020-05-27T04:19:19+00:00,path,,,1,7561302080
557626434,4,2020-05-27T03:58:42+00:00,footway,,,1,7561257515
557626441,4,2020-05-27T03:58:42+00:00,footway,,,1,7561257512
558918811,8,2019-03-09T22:10:06+00:00,residential,Sledgehammer Road,,1,6327966886
558926068,7,2025-04-02T14:53:46+00:00,residential,East Cedar Springs Road,,3,12289011026 12289012303 149935626
559062513,2,2020-05-27T04:26:09+00:00,service,,,2,7561299073 7561299072
559062515,2,2020-05-27T04:26:09+00:00,service,,,1,7561299074
559062521,2,2020-05-27T04:26:09+00:00,service,,,1,7561299071
559740015,5,2022-02-05T15:58:52+00:00,service,,,1,9481397995
561460394,2,2025-05-07T06:50:53+00:00,service,,,1,12816234550
561468108,2,2023-01-20T10:09:42+00:00,path,,,1,10570216423
561468109,3,2023-01-20T10:09:42+00:00,path,,,1,10570216424
561917121,3,2021-11-03T19:14:54+00:00,unclassified,White Road,,1,9222003628
561917122,2,2021-11-03T19:14:54+00:00,unclassified,,,1,9222003624
563497557,4,2025-05-07T21:03:54+00:00,path,,,1,12818003624
563502809,2,2025-11-18T18:50:31+00:00,footway,,,1,13314539704
563889354,6,2025-06-22T22:30:58+00:00,track,,,1,12297076743
564159147,1,2018-02-26T00:49:46+00:00,service,,,1,5436369909
564159149,2,2019-10-25T00:24:47+00:00,service,,,1,6914096545
564159156,2,2019-10-25T00:24:47+00:00,service,,,1,6914086454
564159161,2,2019-10-24T03:02:58+00:00,service,,,1,6910971320
564159163,2,2019-10-24T03:02:58+00:00,service,,,1,6910971355
564159166,2,2019-10-24T03:02:58+00:00,service,,,1,6910971154
564159171,2,2019-10-24T03:02:58+00:00,service,,,1,6910971309
564159173,2,2019-10-24T03:02:58+00:00,service,,,1,6910971153
564159175,2,2019-10-24T03:02:58+00:00,service,,,1,6910971171
564159184,2,2019-10-16T21:54:18+00:00,service,,,1,6887297892
564159196,2,2019-10-24T03:02:58+00:00,service,,,1,6910971260
564159200,1,2018-02-26T00:49:50+00:00,service,,,1,5436370784
564159211,2,2019-10-24T03:02:58+00:00,service,,,1,6910971491
564159217,2,2019-10-16T21:54:18+00:00,service,,,1,6887297891
564159785,3,2021-04-21T13:34:03+00:00,service,,,2,7998814451 7998814450
564159787,2,2020-10-12T05:59:19+00:00,service,,,2,7998814448 7998814449
564526442,2,2020-02-04T02:45:06+00:00,residential,Preusser Street,,1,7183134390
564792531,2,2019-03-12T19:39:56+00:00,cycleway,,,1,6333998926
566793575,3,2025-12-30T02:58:47+00:00,footway,,,1,6478499026
566793576,2,2019-05-16T16:04:31+00:00,footway,,,1,6478499025
566793581,5,2025-12-31T03:20:59+00:00,footway,,,3,6478499014 6478499015 6478499016
567601875,2,2025-07-03T18:32:20+00:00,track,,,1,12974498285
568426317,2,2026-09-07T20:52:09+00:00,track,,,1,14161102823
569034632,2,2020-01-25T01:19:56+00:00,service,,,1,7157715357
570134586,3,2025-04-02T14:53:46+00:00,residential,Panther Road,,1,12723582402
570160078,2,2022-09-17T15:10:08+00:00,service,Taubert Road,,1,223056116
570391837,6,2023-03-14T03:21:02+00:00,service,Main Loop Road,,2,1325902621 7859565914
570391842,4,2026-03-20T19:00:13+00:00,service,Critter Camp Road,,1,7859565913
570796595,2,2018-09-09T00:42:33+00:00,track,,,1,5487445315
571939096,2,2026-03-25T19:04:38+00:00,track,,,1,13680008834
571957089,9,2026-02-09T18:51:38+00:00,unclassified,County Road 251,,1,13537614332
572407160,2,2020-09-10T00:57:25+00:00,footway,Kiwanis Nature Trail,,6,7891616499 7891616498 7891616497 7891616496 7891616495 7891616494
572938605,2,2018-08-26T05:46:28+00:00,service,,,1,5504141910
573329849,4,2026-04-09T21:25:30+00:00,residential,San Jacinto Road,,2,149589824 149589849
573329864,2,2026-06-09T21:08:30+00:00,residential,Lease Spring Road,,1,13924288648
574907187,3,2025-11-24T21:18:55+00:00,track,,,1,13329101399
574907188,3,2025-11-24T21:18:55+00:00,track,,,1,13329101400
576517845,10,2026-04-27T03:33:17+00:00,footway,,,1,9980841547
578679424,2,2023-02-10T15:26:22+00:00,residential,Quigg Road,,1,10642240179
578679437,4,2024-12-17T22:33:17+00:00,track,Airport Road,,1,12427717683
579745067,3,2024-06-30T14:54:26+00:00,footway,Colony Loop Drive,,1,8399886089
581434985,2,2019-09-22T17:36:36+00:00,service,,,1,6815898483
581434986,2,2019-09-22T17:36:36+00:00,service,,,1,6815898482
581434988,2,2019-09-22T17:36:36+00:00,service,,,1,6815898481
581676885,8,2026-03-12T21:15:45+00:00,cycleway,Hike & Bike Trail,,1,7324645598
581773376,2,2025-12-23T16:43:59+00:00,service,,,1,13398072663
582382269,5,2026-08-07T21:35:14+00:00,track,,,2,13138351806 13138351805
582515691,2,2025-04-21T13:08:40+00:00,track,,,1,12772137363
583179909,6,2025-12-22T03:39:55+00:00,path,Lone Star Hiking Trail,,1,8831321910
583179935,6,2023-12-25T01:02:43+00:00,footway,Lone Star Hiking Trail,,1,7924637835
583373322,2,2024-12-11T17:27:56+00:00,service,Air Strip Road,,1,12413050555
583397487,2,2019-05-19T04:26:39+00:00,cycleway,,,1,6483278372
583588999,3,2025-06-08T23:28:43+00:00,footway,,,1,12534577815
583589001,3,2025-06-08T23:28:43+00:00,footway,,,1,5579334181
584367629,14,2026-03-17T05:37:10+00:00,service,,,1,12530206501
584943473,3,2025-07-17T15:53:13+00:00,path,Gaines Creek Neighborhood Park Trail 3,,1,13006885165
584982611,2,2019-05-20T21:34:29+00:00,track,,,1,6486727959
585188642,3,2026-02-22T16:34:41+00:00,residential,,,1,13590806664
585498677,4,2024-03-04T22:16:36+00:00,footway,,,1,10896601705
587567349,18,2025-01-05T17:54:43+00:00,residential,Bell Gin Road,,1,11993088687
588168479,3,2024-05-07T14:42:18+00:00,footway,,,2,5617845277 7621145375
589736588,5,2020-05-03T04:56:09+00:00,footway,,,1,7475022226
595950718,6,2020-09-01T21:27:38+00:00,footway,Lone Star Hiking Trail,,1,2200661502
596203260,5,2025-12-24T13:45:59+00:00,footway,,,1,13140176436
596243686,4,2026-02-09T18:44:12+00:00,unclassified,Eagle Nest Road,,1,13537546870
596243724,2,2026-02-09T19:06:35+00:00,footway,,,1,13537955596
596243792,3,2026-02-09T18:44:12+00:00,service,,,1,13537546868
599128912,5,2022-11-18T15:07:46+00:00,service,,,1,6419810885
599558757,4,2025-05-30T00:51:40+00:00,service,Bracken Cave Road,,1,12874397107
602818552,2,2025-02-26T21:19:13+00:00,footway,,,2,12621346357 2412772263
603025628,6,2020-05-27T03:58:42+00:00,path,,,4,7528681689 7561257530 7561257532 7528681690
603025630,3,2020-05-27T03:58:42+00:00,path,,,2,7561257545 7561257531
603083107,2,2022-02-05T15:58:52+00:00,path,,,1,9481398013
603083109,2,2022-02-05T15:58:52+00:00,path,,,1,9481398012
603083112,2,2018-06-28T16:07:45+00:00,path,,,1,5338485544
603083114,3,2022-02-05T15:58:52+00:00,path,,,1,9481398011
603084619,1,2018-06-28T16:07:45+00:00,path,,,1,5726181079
603909045,2,2019-06-24T01:40:33+00:00,footway,,,1,6566800215
604049912,6,2023-06-04T00:27:25+00:00,service,Madera Canyon Road,,5,10945255052 5732608631 10945255035 10945225041 5732608678
604053908,2,2023-05-15T13:29:24+00:00,path,Madera Canyon Trail,,1,10899414114
604054555,4,2023-06-04T00:27:25+00:00,track,Jones Tank Road,,1,10899414110
604054556,3,2023-06-04T00:27:25+00:00,path,Livermore Vista Trail,,1,10899414112
604054902,4,2023-08-19T14:40:29+00:00,footway,Pine Canyon Trail,,1,5732647089
604055539,3,2023-06-04T00:45:43+00:00,footway,Wolf Den Trail,,2,10950618813 10950618819
604058313,4,2024-12-27T18:56:10+00:00,track,,,1,12456431514
604059019,1,2018-07-01T20:56:18+00:00,path,,,1,228490194
604427121,3,2020-02-09T04:13:19+00:00,footway,,,1,7196608954
604475405,2,2019-03-10T09:48:50+00:00,path,,,1,6328511639
604475413,3,2019-03-10T09:48:50+00:00,path,,,1,6328511640
604506433,7,2022-02-05T15:58:52+00:00,residential,Southeast 3rd Street,,1,9481407820
605764971,4,2020-02-20T04:34:46+00:00,footway,,,1,6758517176
605764990,2,2019-08-30T03:50:20+00:00,path,,,1,6758517174
605764996,3,2020-02-20T04:34:46+00:00,path,,,1,6758517177
605772820,2,2020-05-27T04:26:09+00:00,path,,,1,7561323699
605790811,3,2023-01-20T11:42:07+00:00,path,,,2,10570378944 10570378946
605790818,2,2023-01-20T11:42:07+00:00,footway,,,1,10570378956
605958908,2,2020-05-27T04:19:19+00:00,path,,,1,7561302077
606073564,2,2023-05-11T15:58:49+00:00,track,Permian Reef Trail,,1,10887133324
606504330,5,2024-02-29T19:42:05+00:00,path,Hades Descent,,1,11678092301
606508608,2,2020-01-15T21:01:46+00:00,path,,,1,5750367048
607294321,2,2020-05-27T04:26:09+00:00,path,,,1,7561299067
607370294,2,2025-05-07T06:51:32+00:00,path,,,1,12816236739
607680444,3,2023-06-30T14:49:36+00:00,footway,,,1,6758504176
608816050,3,2021-12-30T21:19:35+00:00,track,,,1,9380324279
608817526,5,2023-06-16T08:44:02+00:00,unclassified,Housecreek Drive,,1,10980308654
609922283,2,2023-01-20T10:09:42+00:00,path,,,1,10570216462
609922287,2,2023-01-20T10:09:42+00:00,path,,,1,10570216459
609922290,2,2023-01-20T10:09:42+00:00,path,,,2,10570216461 10570216460
609922298,2,2023-01-20T10:09:42+00:00,path,,,1,10570216458
609922301,2,2023-01-20T10:09:42+00:00,path,,,1,10570216456
609922302,2,2023-01-20T10:09:42+00:00,path,,,1,10570216457
609922305,2,2023-01-20T10:09:42+00:00,path,,,2,10570216454 10570216470
610144270,2,2025-05-07T06:50:53+00:00,path,,,1,12816234554
610144271,2,2025-05-07T06:50:53+00:00,path,,,1,12816234551
610144272,2,2025-05-07T06:50:53+00:00,path,,,1,12816234552
610144274,2,2025-05-07T06:50:53+00:00,path,,,1,12816234553
610364823,2,2020-11-04T05:53:33+00:00,footway,,,1,8080124533
610690611,2,2023-01-20T11:59:50+00:00,path,,,1,10570411427
610690623,3,2023-01-20T11:59:50+00:00,path,,,1,10570411428
611262169,5,2026-05-24T03:11:46+00:00,path,,,1,9443296953
611687929,4,2023-02-11T17:35:39+00:00,track,River Road,,2,10647706835 10649598123
612823639,3,2019-08-29T23:49:27+00:00,path,,,1,5854879919
613586276,1,2018-08-03T00:33:57+00:00,path,Tinaja Trail,,2,5805562015 5805562339
613590241,3,2025-09-12T15:28:33+00:00,path,Gorman Falls Trail,,1,13138403579
613591910,2,2025-03-16T13:50:59+00:00,path,Spicewood Springs Trail,,8,12670142823 12670142822 12670142821 12670142820 12670142819 12670142818 12670142812 12670142817
614248595,2,2024-12-13T14:43:43+00:00,footway,,,1,12420376141
614248611,1,2018-08-05T16:30:49+00:00,footway,,,1,5810559837
614584759,1,2018-08-06T21:22:40+00:00,path,,,1,3612568796
614584761,2,2025-05-24T20:14:39+00:00,path,,,1,12861468648
614584765,2,2025-01-05T03:47:11+00:00,path,,,1,12475089875
614603639,2,2025-09-30T16:44:09+00:00,track,,,1,13184459518
614888510,1,2018-08-07T15:46:19+00:00,unclassified,,,1,5815528561
615422618,2,2024-12-14T18:52:05+00:00,service,,,1,5033927852
616818131,4,2024-12-24T19:16:37+00:00,track,,,1,12450012712
616821253,3,2024-12-24T17:30:21+00:00,track,,,2,11041587035 11041587047
616821257,2,2024-12-24T19:16:37+00:00,service,,,2,12450002768 12450002767
616834225,2,2024-04-25T21:40:57+00:00,track,,,1,11848484527
617113853,4,2022-02-11T02:37:25+00:00,footway,,,1,6758517179
618122209,5,2026-02-18T01:45:17+00:00,path,,,1,13574834316
619586468,1,2018-08-24T23:51:17+00:00,path,,,1,5854879970
619702894,5,2022-04-05T07:39:28+00:00,service,,,1,7891507952
620785582,5,2025-10-27T16:15:02+00:00,footway,,,1,8999455181
620793382,3,2025-10-27T16:15:02+00:00,footway,,,1,8999455180
620975646,3,2026-05-21T13:50:56+00:00,track,,,1,13857663791
621062787,5,2024-12-24T19:16:37+00:00,track,,,2,12450012700 12450012701
621344493,2,2025-01-23T22:17:39+00:00,track,,,1,12527845351
621630778,3,2026-05-02T05:08:52+00:00,service,,,1,11934393169
622160933,2,2024-08-11T16:44:11+00:00,service,,,2,12104558789 151265987
622165444,2,2024-08-11T16:44:11+00:00,service,,,1,12104558805
623926543,4,2025-08-20T15:20:33+00:00,track,,,3,13084775540 11603917972 11603917980
624326044,2,2026-02-09T18:44:12+00:00,service,,,1,13537546869
624563186,2,2026-02-09T19:08:24+00:00,service,,,1,13537994219
624670317,3,2026-04-14T17:48:01+00:00,service,,,1,13730613738
624962999,2,2026-04-14T17:48:01+00:00,residential,Condry Road,,1,13730613559
625514872,3,2021-11-10T01:04:32+00:00,service,,,1,9239268971
625999878,4,2026-08-28T15:19:33+00:00,cycleway,Gary and Bonnie Trietsch Park Trail,,1,10124412077
626759500,3,2021-07-08T05:36:03+00:00,service,,,1,8165820164
626827350,2,2025-05-05T22:37:23+00:00,track,,,7,12813041308 12813041306 12813041305 12813041304 12813041303 12813041302 12813041301
627245514,5,2025-06-27T19:10:01+00:00,service,,,1,152813147
627259767,3,2025-06-26T18:26:06+00:00,track,,,1,12954746660
627992767,4,2025-11-24T01:06:21+00:00,residential,Blue Ridge Road,,4,149572685 6333998891 149565997 149625252
628069309,11,2025-09-26T23:18:08+00:00,track,,,5,11735683647 11735683838 7255948500 13082358343 13071398419
628069310,2,2024-03-16T01:47:38+00:00,track,,,3,11735683035 11735683034 11735683033
628070003,2,2024-03-16T01:47:38+00:00,track,,,2,11735684053 11735684037
628070006,4,2025-08-14T22:18:53+00:00,track,,,5,13071617964 13071644139 13071644192 13071644207 10971446646
628098699,5,2025-05-05T22:39:47+00:00,residential,Plia Montoya Road,,1,12812989119
628412595,3,2024-05-19T13:15:01+00:00,service,,,2,11917794578 11917794082
628756856,4,2026-04-11T15:56:17+00:00,track,,,4,12441684482 12534558935 12441684426 13723488565
628767949,4,2025-01-26T16:59:44+00:00,service,,,2,12534386626 12534386492
628977769,2,2024-12-22T15:10:59+00:00,service,,,1,12441702271
629107920,2,2019-03-10T09:48:51+00:00,path,,,1,6328511653
629248510,5,2025-05-15T18:20:09+00:00,residential,Stony Brook Drive,,1,12840530347
630376644,2,2019-06-28T22:13:38+00:00,service,,,1,6577696490
631120201,3,2021-03-24T22:32:02+00:00,service,,,2,8558489238 8558489239
631636478,2,2025-03-25T19:27:19+00:00,unclassified,,,1,12700338888
631931647,4,2025-02-03T07:11:22+00:00,footway,,,1,6903371922
631931648,2,2019-10-21T16:38:42+00:00,footway,,,1,6903371921
632003720,2,2022-02-05T20:41:29+00:00,track,,,1,9482125139
632337479,10,2025-09-17T16:58:09+00:00,residential,County Road 403,,2,13150301929 12001070827
633105846,3,2025-09-25T21:46:39+00:00,track,,,1,13172079829
633489154,5,2024-06-20T02:22:16+00:00,tertiary,Sam Houston Avenue,,1,11993088691
635396315,2,2020-05-17T11:01:34+00:00,path,,,1,7528630765
635396318,2,2020-05-17T11:01:34+00:00,path,,,1,7528630766
635396319,2,2020-05-17T11:01:34+00:00,path,,,1,7528630764
635396322,3,2020-05-17T11:01:34+00:00,path,,,1,7528630763
641775974,2,2026-03-20T23:22:29+00:00,path,,,2,13665851475 13665851474
641775976,2,2026-03-21T00:35:38+00:00,path,,,1,13665926867
641775977,2,2026-03-20T23:22:29+00:00,path,,,3,13665851477 13665851476 13665851478
641775984,2,2026-03-20T23:22:29+00:00,path,,,2,13665851479 6043309320
641775987,1,2018-11-07T05:56:32+00:00,path,,,1,6043309442
641780159,2,2019-01-17T00:00:51+00:00,path,,,1,6043337029
642806627,2,2023-01-20T10:09:42+00:00,path,,,2,10570216447 10570216446
642815656,2,2023-01-20T10:09:42+00:00,path,,,2,10570216450 10570216449
642815657,2,2023-01-20T10:09:42+00:00,path,,,1,4434841656
642815658,2,2023-01-20T10:09:42+00:00,path,,,2,10570216451 10570216452
642815671,2,2023-01-20T10:09:42+00:00,path,,,1,10570216455
642816647,4,2025-02-25T10:11:44+00:00,path,,,1,10570216432
642816649,2,2023-01-20T10:09:42+00:00,path,,,1,10570216417
642816651,2,2023-01-20T10:09:42+00:00,path,,,1,10570216418
642816653,2,2023-01-20T10:09:42+00:00,path,,,1,10570216413
642967758,6,2025-07-18T13:43:20+00:00,track,,,1,12996212570
642983944,2,2025-07-07T21:07:31+00:00,service,,,1,6051915209
643010360,2,2023-01-20T10:09:42+00:00,path,,,2,10570216414 10570216416
643010364,2,2023-01-20T10:09:42+00:00,path,,,1,10570216415
643010365,2,2023-01-20T10:09:42+00:00,path,,,1,10570216430
643010366,2,2023-01-20T10:09:42+00:00,path,,,1,10570216429
643013313,7,2025-07-28T06:50:16+00:00,service,,,3,12995048619 12995048396 12995048399
643033627,1,2018-11-11T06:33:47+00:00,service,,,1,6052240680
643613374,5,2025-06-16T02:15:45+00:00,footway,,,1,7953326310
643613379,4,2025-06-16T02:15:45+00:00,footway,,,1,7953326309
643660633,9,2025-07-17T16:58:14+00:00,secondary,Farm-to-Market Road 1340,FM 1340,1,12996167729
644557215,2,2024-06-18T05:10:52+00:00,service,,,1,4569356655
644715644,2,2025-07-09T09:54:05+00:00,service,2012 Southwest,,1,6062638548
644752453,2,2023-01-20T10:09:42+00:00,path,,,1,10570216465
644752457,2,2023-01-20T10:09:42+00:00,path,,,2,10570216464 10570216463
644765342,2,2023-01-20T10:09:42+00:00,path,,,1,10570216467
644765344,2,2023-01-20T10:09:42+00:00,path,,,1,10570216466
645176222,3,2025-05-31T22:01:38+00:00,cycleway,,,1,6066604768
645333571,3,2025-05-31T22:01:38+00:00,cycleway,,,2,6066604758 6066604765
645423808,4,2025-05-03T02:31:24+00:00,path,,,1,12805311186
645423809,3,2026-02-18T01:45:17+00:00,path,,,1,13574834284
646663792,2,2024-12-20T15:22:57+00:00,track,,,2,12437057143 12437057144
646668347,2,2022-09-25T01:28:55+00:00,construction,,,1,6075119608
649195005,11,2023-05-24T15:08:07+00:00,path,Low Water Crossing,,1,3887492433
650795155,3,2022-04-26T22:35:28+00:00,path,Trail 2,,1,2817108062
651367729,8,2022-04-26T22:35:28+00:00,path,,,2,4581515451 8572149538
651380916,3,2022-09-23T14:40:08+00:00,path,Barton Creek Greenbelt,,1,9065038308
651486371,1,2018-12-01T09:42:41+00:00,service,,,1,6109017773
651486383,2,2025-07-13T21:54:04+00:00,service,,,1,12998124853
652036717,13,2025-09-30T22:05:00+00:00,path,Burroughs Extension SCNT-HC,,1,10067187593
654338733,7,2025-04-27T14:47:37+00:00,tertiary,Vanderpool Road,,1,12791738728
654928255,2,2024-06-04T15:48:03+00:00,service,,,1,11956099107
654928257,6,2025-10-29T18:14:13+00:00,unclassified,Lasca Road,,1,13267597406
655037378,6,2025-10-29T18:14:13+00:00,unclassified,Lasca Road,,2,13267597379 13194635665
655037379,3,2025-10-29T18:14:13+00:00,track,,,1,13267597407
655232064,6,2025-12-06T17:43:10+00:00,path,,,1,13357902732
656635223,9,2024-08-31T22:14:47+00:00,path,Powerline Hill Trail,,1,11819512846
656876404,5,2026-09-17T12:54:04+00:00,track,,,1,10766786693
656878748,5,2026-09-17T12:54:04+00:00,track,,,1,10753543114
657769689,4,2024-04-15T16:05:11+00:00,cycleway,Tar Branch Crossing,,1,11819513269
658643459,2,2018-12-28T05:47:00+00:00,service,,,1,6167531693
658655372,2,2025-11-30T21:24:04+00:00,unclassified,McKelligon Canyon Road,,1,6167531153
658655373,2,2025-11-30T21:24:04+00:00,unclassified,McKelligon Canyon Road,,1,6167531508
658655379,2,2025-11-30T21:24:04+00:00,unclassified,McKelligon Canyon Road,,1,6167531522
658674306,7,2025-08-14T20:44:37+00:00,path,Lower Sunset,,7,11467557984 13071508678 13071527333 11458798527 13071527535 13071527577 13071527675
659785393,2,2022-10-05T12:38:04+00:00,service,,,1,10076918992
660829329,2,2019-01-07T22:58:41+00:00,service,,,1,6186929767
660829330,3,2019-01-10T07:29:33+00:00,service,,,1,6186968080
661109726,2,2023-02-07T11:53:48+00:00,residential,,,1,10614255454
661537637,2,2020-03-24T04:29:22+00:00,footway,,,1,7324472840
661556876,5,2024-09-19T16:52:16+00:00,cycleway,Hike & Bike Trail,,1,9353968166
662230209,3,2024-03-23T15:37:39+00:00,track,Road Trace,,1,11755711131
662232773,3,2024-03-23T15:35:32+00:00,footway,Leyva Escondido Loop Trail,,3,11755730951 11755730954 11755730955
662233051,2,2024-03-23T15:37:39+00:00,footway,,,1,11755711112
662248780,2,2024-03-24T19:43:28+00:00,service,,,1,11758990725
662250434,3,2024-04-09T22:52:27+00:00,track,,,6,11805998042 11805998043 11805998044 11805998045 11805998046 11805998047
662387850,7,2025-10-16T17:07:33+00:00,residential,Main Park Road,,3,11755730950 6333947676 13185067485
662387851,4,2025-03-03T16:48:58+00:00,residential,Javelin Road,,9,12633671705 11769567426 11769567423 11769567424 11769567425 11769567427 11769567428 11769567429 11769567430
662417914,4,2026-06-18T20:32:25+00:00,track,Las Burras Road,,2,13950801356 13950801351
663284791,2,2024-03-23T15:25:23+00:00,path,Dome Trail,,6,11755630251 11755630250 11755630254 1906200944 11755630252 11755630253
663288287,2,2019-03-12T19:21:52+00:00,footway,,,1,6333947677
671997208,17,2025-01-17T03:57:02+00:00,tertiary,Smithson Valley Road,,1,12256298734
672550218,4,2026-03-06T18:40:51+00:00,tertiary,Royalty Ridge Road,,1,6298092927
672783085,3,2025-01-20T20:55:58+00:00,track,,,1,12519073968
672783086,2,2025-01-20T21:53:18+00:00,service,,,1,223405585
673535942,3,2025-01-19T21:11:01+00:00,track,,,6,12516869204 12516869167 12516869272 12516869439 12516869129 12516869645
673535943,3,2025-01-20T17:00:52+00:00,service,,,5,12518653121 12518617140 12518617320 12518617396 12518617395
673536556,2,2025-01-19T21:11:01+00:00,service,,,1,12516869206
673537153,3,2025-01-19T21:11:01+00:00,track,,,1,10899997313
673537155,4,2025-01-19T21:11:01+00:00,track,,,4,10899997353 12516869205 12516869168 12516869169
673537157,3,2023-05-15T18:23:54+00:00,track,,,1,10899997355
673537160,3,2025-01-22T21:28:06+00:00,track,,,2,12524635344 12524635421
673537964,2,2025-01-23T22:02:54+00:00,track,,,1,12527830853
673537965,2,2025-01-23T22:02:54+00:00,track,,,1,12527830852
673537968,2,2025-01-23T22:02:54+00:00,track,,,1,12527830793
673538892,3,2025-01-18T01:57:46+00:00,track,,,1,10899978916
673538900,3,2025-01-18T17:50:56+00:00,residential,,,1,11917392672
673538901,3,2024-05-19T07:44:01+00:00,track,,,2,11917381360 9184317158
673538903,2,2023-05-11T15:58:49+00:00,residential,,,1,10887133460
673730199,3,2026-04-17T15:24:00+00:00,track,Guale Mesa Road,,2,13665801048 13665801049
673730204,2,2026-03-20T22:27:12+00:00,path,,,1,13665801183
673768121,2,2019-09-23T18:43:15+00:00,unclassified,County Road 98,,1,6818177042
674456644,2,2025-04-21T13:08:40+00:00,path,,,1,12772137296
674456645,2,2025-04-20T19:22:15+00:00,path,,,2,152792153 12770860684
674456653,3,2025-04-21T13:08:40+00:00,track,,,3,12772137285 12772137292 12772137294
674456654,3,2025-04-23T00:51:04+00:00,track,Dolan Creek Road,,4,12777549270 12777549273 12777549274 153226734
674457688,1,2019-03-04T14:50:09+00:00,track,,,1,152913301
674457693,3,2026-02-23T02:01:50+00:00,track,,,1,13591789098
674457694,3,2026-02-23T02:01:50+00:00,track,,,1,13591789096
674536537,2,2020-04-27T07:56:21+00:00,track,,,1,7452196770
674536539,1,2019-03-04T21:02:15+00:00,track,,,1,149097853
674536541,2,2020-04-27T07:56:21+00:00,track,,,1,7452196655
674715090,5,2026-03-17T18:32:34+00:00,unclassified,,,4,13656639101 152276722 13656628888 11504484547
674978547,3,2026-05-20T03:22:45+00:00,service,,,2,13851099370 13851099369
675333490,3,2025-04-02T13:23:45+00:00,residential,West Mary Noll Lane,,1,12723359574
675333501,2,2024-12-21T20:06:27+00:00,residential,Dahl Road,,1,12439525624
675715852,2,2026-05-26T17:23:55+00:00,service,,,1,13884566323
675761009,2,2024-12-17T22:33:17+00:00,residential,West Claret Cup Road,,2,12427717727 12427717726
675761024,2,2023-02-10T16:47:11+00:00,residential,Hen Egg Road,,1,10642843325
675761028,4,2025-04-02T13:23:45+00:00,track,,,2,12717006082 12717006329
675761036,3,2026-05-03T11:59:58+00:00,residential,Nine Point Mesa Road,,1,13789667078
675901445,2,2025-04-02T13:23:45+00:00,residential,Cholla Drive,,1,12723359582
675901449,2,2025-04-02T13:23:45+00:00,residential,Aquarius Road,,1,12723359500
675901459,3,2024-12-17T22:33:17+00:00,residential,Chalk Draw Ranch Road,,1,12427717678
675907710,4,2024-11-04T00:10:43+00:00,residential,Via Piedras Road,,1,12289010998
675910284,2,2025-12-06T22:54:54+00:00,track,,,1,13358400893
676095483,7,2025-07-18T08:44:27+00:00,path,,,1,6332014177
676095486,4,2025-07-18T08:44:27+00:00,path,,,1,6332014177
676095506,2,2025-07-18T08:44:27+00:00,path,,,1,3947002209
676142783,8,2025-07-09T05:34:51+00:00,path,,,1,6332093654
676142791,6,2025-07-18T08:44:27+00:00,path,,,1,6334575939
676168583,2,2023-02-09T14:33:51+00:00,residential,Long Draw Road,,1,10632611351
676168636,2,2023-03-15T13:16:18+00:00,residential,Rancho Manana Road,,1,10737071858
676168644,2,2024-04-22T21:43:44+00:00,residential,West Cheosa Loop,,1,11839344763
676434489,3,2020-04-18T00:32:05+00:00,cycleway,,,1,3950157213
676444118,5,2025-07-18T08:44:27+00:00,path,,,1,12817994758
676575093,8,2025-12-30T17:34:24+00:00,path,,,1,6355096593
676857340,4,2025-07-18T08:44:27+00:00,path,,,1,6332093926
676857343,5,2025-07-18T08:44:27+00:00,path,Old Violet Crown Trail,,1,6332093940
676935807,2,2025-07-18T08:44:27+00:00,path,,,1,6332093926
676935811,3,2025-07-09T05:34:51+00:00,path,,,1,12817994757
676935813,2,2025-07-09T05:34:51+00:00,path,,,1,6334575941
676935815,4,2025-07-18T08:44:27+00:00,path,,,1,3950157208
676935817,4,2025-07-18T20:48:50+00:00,path,,,1,2523541112
678718471,10,2025-11-07T19:04:32+00:00,path,North Bank,,1,7426814345
678718491,4,2025-07-18T20:48:50+00:00,path,,,1,6824399091
678743122,4,2025-07-18T20:48:50+00:00,path,,,1,6824399089
679641729,3,2025-07-18T20:48:50+00:00,path,,,1,6824399092
679641730,4,2025-07-18T20:48:50+00:00,path,,,1,6824399095
681292407,5,2023-06-03T23:47:41+00:00,cycleway,Violet Crown Trail,,1,4160503281
681292408,10,2023-06-03T23:40:16+00:00,path,,,1,6379955004
681292411,7,2025-07-02T04:09:20+00:00,cycleway,Violet Crown Trail,,1,11925975983
684087372,2,2021-07-12T21:07:53+00:00,track,,,1,8914796994
685031564,1,2019-04-21T04:35:22+00:00,footway,,,1,6418739485
685463939,2,2021-03-23T21:27:28+00:00,service,,,1,8555147805
686802616,3,2024-11-04T00:10:43+00:00,service,Kiss Avenue,,4,12289011011 149783754 12289011012 12289010820
687006566,2,2025-01-06T03:48:44+00:00,footway,,,1,12477217188
688043255,4,2024-12-14T18:02:51+00:00,track,,,5,10735270732 10735270733 10735270734 11506622737 11506622738
688043257,2,2023-03-14T15:49:28+00:00,track,,,2,10735270735 10735270731
688202577,3,2025-12-26T15:51:16+00:00,track,,,1,13408931241
688202579,4,2025-06-04T17:44:52+00:00,track,,,1,8522485252
688467479,2,2024-08-10T22:59:04+00:00,service,,,1,12103411056
689236244,2,2026-04-05T03:11:30+00:00,service,Kallison Lane,,1,13707124864
690054253,2,2026-09-19T18:39:28+00:00,track,,,1,14197349660
691471065,3,2024-01-11T05:25:29+00:00,tertiary,,,2,11471054891 11471054883
691474281,2,2024-01-09T22:36:00+00:00,track,,,3,11504477640 11504477642 11504477641
692085353,2,2021-03-12T15:16:59+00:00,residential,,,1,6496408047
692842870,2,2025-07-17T14:22:04+00:00,service,,,1,13006706522
694683592,2,2026-01-20T21:47:50+00:00,service,,,1,13472213990
695783394,1,2019-06-08T08:57:48+00:00,track,,,1,235998206
696404793,2,2025-12-07T17:43:29+00:00,service,,,1,13359946683
696699488,2,2021-04-04T05:05:11+00:00,service,,,1,8591726255
696839227,2,2021-04-04T05:05:11+00:00,service,,,1,6544221500
696871830,2,2024-10-10T22:06:07+00:00,service,,,1,12242411409
696888306,2,2025-12-24T17:32:50+00:00,service,,,1,13401773035
697137999,3,2026-05-08T21:24:40+00:00,service,,,1,13809712751
697686045,2,2025-12-01T17:24:20+00:00,service,,,1,13345724644
698637846,2,2024-12-24T01:05:19+00:00,service,,,1,12446088445
698712766,3,2020-04-24T11:53:22+00:00,service,,,1,6634771327
700010264,3,2019-06-27T16:40:44+00:00,residential,Harbor Way,,2,6573593113 6573593105
700010279,4,2019-06-27T05:39:51+00:00,residential,Harbor Way,,1,6573840542
700174394,1,2019-06-27T16:40:44+00:00,residential,,,1,6575136504
703514838,2,2021-03-25T00:23:17+00:00,path,,,1,8558552612
703956064,5,2025-01-19T20:31:22+00:00,service,,,1,8870964433
704999409,4,2024-05-17T13:09:16+00:00,path,,,1,8558552611
705097805,2,2025-05-24T14:04:41+00:00,service,,,1,12860827243
705123003,6,2025-07-24T05:01:46+00:00,service,,,1,12597618040
705170877,4,2025-12-05T23:46:19+00:00,service,,,1,13356634249
705202993,1,2019-07-17T14:54:44+00:00,service,,,1,6623992371
705304000,5,2024-12-18T16:21:04+00:00,tertiary,O'Shea Drive,,1,12431195324
705309593,1,2019-07-18T02:33:12+00:00,footway,,,1,6625307623
705427674,2,2024-10-05T02:16:38+00:00,service,,,1,12223607352
705482604,2,2025-05-07T15:54:24+00:00,service,,,1,12817463786
705486886,2,2026-04-25T14:37:49+00:00,service,,,1,13760773423
706335738,2,2024-06-19T20:35:40+00:00,service,,,1,11992775647
706358417,4,2025-07-31T18:59:16+00:00,service,,,1,10563411220
706631724,2,2025-07-15T04:02:40+00:00,service,,,1,13000923346
706631725,2,2025-07-15T04:02:40+00:00,service,,,2,13000923345 13000923344
706639913,3,2024-10-03T13:45:17+00:00,service,,,1,12218771909
706660746,3,2024-10-13T22:29:03+00:00,service,,,1,12249196896
706898634,2,2026-05-10T01:12:09+00:00,service,,,1,13812562666
707206412,4,2025-03-23T01:42:57+00:00,service,,,1,12692205747
707269085,10,2025-11-08T17:33:06+00:00,tertiary,Bulverde Road,,1,12686250399
707278581,2,2024-10-03T22:46:14+00:00,service,,,1,12219582119
707332704,3,2020-06-12T16:10:13+00:00,service,,,1,7616151996
708153687,8,2025-09-16T21:00:15+00:00,residential,Circle A Trail,,1,13148212959
708445527,2,2020-03-06T16:03:45+00:00,service,,,1,7272347121
708473764,3,2021-05-19T15:28:29+00:00,service,,,1,8746348800
708647340,5,2025-12-06T19:14:45+00:00,path,,,1,13358052736
708647341,5,2025-12-06T19:14:45+00:00,path,,,1,13358052732
708799531,2,2024-12-24T01:05:19+00:00,service,,,1,12446088452
709676506,3,2024-06-17T12:37:20+00:00,service,,,1,11987508701
709769505,2,2026-03-28T02:21:28+00:00,residential,,,1,13685787306
709930172,4,2025-12-28T02:16:41+00:00,service,,,1,13411776116
711030866,3,2024-10-07T16:59:48+00:00,service,,,1,12232186921
711236823,3,2024-07-10T10:11:34+00:00,service,,,1,7199064842
711350621,4,2025-07-18T14:50:31+00:00,service,,,1,10563050820
712075631,4,2026-02-22T16:54:33+00:00,service,,,1,13134392568
713098809,5,2026-04-18T14:08:32+00:00,service,,,1,12012932967
713112846,1,2019-08-12T16:46:44+00:00,residential,,,1,6703652372
713185926,3,2026-04-18T14:08:32+00:00,service,,,1,12012932951
714031608,6,2026-01-12T13:35:14+00:00,unclassified,Bandera Creek Road,,1,6712729189
714045207,4,2025-08-25T17:08:23+00:00,residential,,,1,6712924789
714045208,1,2019-08-15T19:45:38+00:00,service,,,1,6712924857
714942688,4,2026-06-23T20:15:10+00:00,path,SoPac Trail,,1,7929456743
718498722,2,2025-09-06T19:43:26+00:00,track,,,1,13123888934
718500580,2,2026-02-09T20:50:20+00:00,track,,,1,13538649096
718922425,3,2026-03-10T10:48:55+00:00,service,,,1,12101597734
719128202,3,2025-11-24T16:38:30+00:00,service,,,1,13328537154
720042740,1,2019-08-29T23:49:26+00:00,path,,,1,6758180145
721613030,4,2026-02-23T04:05:36+00:00,service,,,1,13134392591
721829032,2,2025-04-24T13:55:55+00:00,service,,,1,12783362484
722480114,2,2025-11-29T17:24:09+00:00,service,White Oak Road,,1,13340797990
724155154,6,2026-02-23T01:49:14+00:00,service,,,1,13134412455
724155162,5,2026-02-23T01:49:14+00:00,service,,,1,13134412454
724792357,2,2025-04-30T15:38:43+00:00,service,,,1,12800610260
726005696,2,2025-01-23T22:27:00+00:00,unclassified,,,1,12527855316
726005700,1,2019-09-19T00:12:19+00:00,unclassified,,,1,6806787029
726005709,2,2025-01-23T22:27:00+00:00,unclassified,Frontage Road,,1,12527855315
728025013,2,2022-08-12T22:56:23+00:00,service,,,1,9950212543
728919908,1,2019-09-27T01:36:20+00:00,service,,,1,6829178097
729968227,3,2026-05-30T08:00:33+00:00,service,,,1,13605347260
730801558,4,2026-03-23T15:30:46+00:00,service,,,1,13672044860
730801560,6,2026-03-23T15:30:46+00:00,service,,,2,13672041321 13672044858
730801561,4,2026-03-23T15:28:54+00:00,service,,,1,13672041320
730817943,6,2026-04-08T08:10:20+00:00,service,,,1,12012932969
730817957,3,2026-04-11T13:49:55+00:00,service,,,1,11666837812
730817963,10,2026-05-04T06:51:40+00:00,service,,,1,12693708412
730817968,8,2026-04-02T08:47:20+00:00,service,,,1,12552182718
731156971,2,2026-05-21T14:42:35+00:00,track,,,1,13857896177
731728029,5,2026-04-09T05:19:19+00:00,service,,,2,12441803043 12441803046
731782617,3,2025-01-29T03:24:58+00:00,residential,,,2,12540826862 12540826861
731782618,2,2025-01-29T03:24:58+00:00,residential,,,1,12540826859
731808198,4,2026-03-23T15:28:54+00:00,service,,,1,13672041326
731943945,5,2026-02-22T15:45:36+00:00,footway,,,2,13590653361 12821329371
731944350,3,2026-02-22T15:45:36+00:00,footway,,,1,13590653360
731947592,4,2025-05-09T21:57:20+00:00,footway,Canyon Trail,,2,12136246210 12136246209
732168754,3,2025-01-29T03:15:33+00:00,track,,,1,12540830021
732168755,3,2025-01-29T03:15:33+00:00,track,,,1,12540830020
732168762,3,2025-04-02T16:56:10+00:00,track,,,4,12723757609 12723757564 12723757563 12723757560
732218708,2,2025-04-02T16:44:01+00:00,service,,,1,12723740284
732289682,3,2020-08-28T06:00:47+00:00,service,,,1,7118543363
732352000,2,2026-02-09T03:15:15+00:00,service,,,1,13535707888
732611637,2,2022-09-23T14:49:13+00:00,path,,,1,152539436
732611638,3,2026-02-16T14:41:17+00:00,footway,,,1,13570055901
732611639,3,2024-04-12T15:10:38+00:00,footway,,,1,6860318169
732638848,6,2025-01-09T16:48:11+00:00,residential,Canonade Drive,,1,8242043892
732754410,5,2025-03-17T05:20:16+00:00,cycleway,,,1,7891017762
732866219,2,2024-08-12T17:28:30+00:00,service,,,1,12106584821
732956730,3,2026-01-20T18:37:00+00:00,service,,,1,13471406352
733015416,2,2026-05-31T22:46:44+00:00,track,County Road 416,,1,13900147758
733131956,2,2026-03-27T14:12:49+00:00,track,,,1,13684841687
733225426,3,2026-07-08T06:28:20+00:00,residential,,,1,13424025907
733488253,7,2026-07-04T17:26:52+00:00,service,,,1,8322176408
733622428,2,2025-12-05T15:10:12+00:00,service,,,1,13355801760
733662040,1,2019-10-11T16:29:15+00:00,residential,County Road 454,,1,6871472506
733690098,1,2019-10-11T18:11:48+00:00,footway,,,1,6871762214
734375802,4,2025-12-06T01:23:45+00:00,service,,,1,12657772472
734430121,2,2025-04-06T02:13:08+00:00,service,,,1,12732314916
734433661,3,2025-11-13T17:14:27+00:00,service,,,1,13302039108
734729764,1,2019-10-15T07:43:03+00:00,path,,,1,6880842203
735089957,2,2021-04-04T05:05:11+00:00,service,,,1,8591726252
735345506,4,2022-01-24T06:43:09+00:00,service,Llano Road,,1,6887298207
735345507,3,2022-01-24T06:43:09+00:00,track,,,2,9443866591 7472312576
735350496,4,2022-01-24T06:43:09+00:00,service,Ordeal Road,,1,6887346658
736669451,2,2026-02-21T21:41:43+00:00,service,,,1,13588428368
737856501,2,2025-09-11T21:06:36+00:00,service,,,1,13137056382
738340058,2,2023-01-20T10:42:03+00:00,tertiary,County Road 304,,1,10570270911
738340073,3,2023-01-20T10:42:03+00:00,tertiary,County Road 341,,1,10570270939
738460226,2,2025-12-28T02:16:41+00:00,service,,,1,13411776109
738544515,2,2025-12-23T22:27:32+00:00,service,,,1,13398762937
738580659,3,2026-02-22T15:13:50+00:00,service,,,2,13590618512 13590618513
738700953,5,2025-05-28T15:29:02+00:00,path,Homestead Trail,,1,6917310088
739182865,10,2023-10-02T15:08:50+00:00,tertiary,,,1,6920883458
739490687,2,2026-04-15T17:46:30+00:00,service,Mercy Lane North,,1,13732971422
739495296,2,2026-04-15T17:46:30+00:00,service,,,1,13732968835
739495298,2,2026-04-15T17:46:30+00:00,service,,,1,13732968834
739515392,2,2025-07-17T15:46:07+00:00,service,,,1,13006885446
739522454,3,2023-04-02T22:48:49+00:00,service,Scooter Lane,,1,7428800656
739525120,4,2025-07-31T18:59:16+00:00,service,,,1,10563411193
739527807,1,2019-10-28T11:10:56+00:00,service,,,1,229626435
739530107,2,2025-12-28T02:16:41+00:00,service,,,1,13411776105
739691623,3,2020-05-07T07:23:36+00:00,track,,,1,6925880485
739691632,4,2020-05-07T06:54:31+00:00,track,,,1,7491386697
740504119,5,2025-01-27T15:12:53+00:00,track,,,2,12534788898 12536459183
740504120,5,2025-02-09T02:04:57+00:00,track,,,3,12570066650 12536459184 12534788886
740508339,3,2025-01-26T19:48:24+00:00,track,Restoration Road,,1,12534788890
740510561,4,2025-02-09T02:04:57+00:00,track,Stockton Road,,3,12534788879 12534788804 12570066651
742089906,2,2024-12-24T00:29:12+00:00,service,,,1,12446038293
742217420,2,2024-10-07T19:50:04+00:00,service,,,1,12232870465
743455580,4,2023-06-09T13:33:14+00:00,path,,,1,7891132856
745212716,2,2024-10-13T22:29:03+00:00,service,,,1,12249196898
745308042,2,2026-03-24T20:38:21+00:00,service,,,1,13675987888
745332611,2,2025-12-28T02:16:41+00:00,service,,,1,13411776106
746984623,7,2025-07-02T16:37:32+00:00,bridleway,,,1,12842402663
747842769,6,2025-09-02T19:09:03+00:00,path,Track 'n Mary,,5,13078895162 13078895163 8572135672 13078895164 13078895165
747842773,8,2025-09-30T04:23:02+00:00,path,Creekside Loop,,2,8529631076 9459410756
747842774,6,2024-05-15T16:59:48+00:00,path,,,1,10069438062
750321558,9,2021-04-02T21:38:45+00:00,path,Mountain Connector,,1,7015836508
750321561,6,2025-05-05T20:18:05+00:00,path,,,2,12812450279 7015836554
750323600,4,2020-01-15T21:01:46+00:00,path,,,1,7015836554
753436252,1,2019-12-06T23:58:05+00:00,path,,,1,7039632487
754802155,3,2026-05-24T13:32:01+00:00,track,,,1,13872262326
754928712,12,2026-09-05T16:28:30+00:00,tertiary,,,3,14155796811 885604606 885606616
754928716,7,2025-09-30T16:44:09+00:00,tertiary,,,12,886266795 13184459512 13184459511 886266953 886267068 11017005624 11017005623 11017005622 12527833984 10240379990 12423642255 886267825
754928718,6,2024-12-15T02:02:16+00:00,tertiary,,,14,12423648814 11759349455 11759349456 11759349452 11759349446 886265814 11759349454 886265830 11759349453 886266068 886266099 886266205 11758088926 886266771
754943168,3,2024-12-15T02:02:16+00:00,unclassified,,,1,12423648813
755029924,5,2024-12-21T19:43:29+00:00,residential,,,1,12439490568
755029933,7,2024-12-21T19:43:29+00:00,unclassified,,,1,12439493537
756431884,2,2020-01-10T04:11:22+00:00,service,,,1,7121019241
756942961,1,2019-12-19T14:02:39+00:00,footway,,,1,7069761171
758393390,4,2020-01-15T21:01:46+00:00,path,,,1,7133994508
758396623,6,2025-07-09T15:56:01+00:00,cycleway,,,1,7082666902
758397526,10,2026-02-16T19:23:23+00:00,cycleway,,,1,7082669618
758582838,3,2024-06-04T14:53:09+00:00,track,,,1,11955951244
758589774,2,2019-12-26T14:58:19+00:00,service,,,1,7086360160
758592278,2,2025-07-14T13:07:31+00:00,footway,,,1,12999205256
758727790,1,2019-12-26T14:58:19+00:00,footway,,,1,7086360162
758727805,1,2019-12-26T14:58:19+00:00,footway,,,1,7086360480
758727807,1,2019-12-26T14:58:19+00:00,footway,,,1,7086360480
758799588,3,2026-03-23T13:28:35+00:00,track,,,1,13671784045
758799589,3,2026-03-23T13:28:35+00:00,track,,,1,13671777928
758799595,3,2026-02-04T03:36:26+00:00,track,,,1,13523300397
758799596,3,2026-02-04T03:36:26+00:00,track,,,2,13523300591 13523300590
758799598,3,2026-02-04T03:36:26+00:00,track,,,1,13523300562
759057380,5,2025-08-16T16:08:50+00:00,path,,,1,8355315501
759318142,2,2024-10-07T17:22:12+00:00,track,,,1,12232228091
759928991,7,2021-12-31T18:53:02+00:00,footway,,,1,7377166754
761064593,2,2024-12-22T17:30:37+00:00,path,Cattail Falls Trail,,1,7110611188
761193004,2,2026-02-21T23:55:41+00:00,service,,,1,7111768740
761822455,2,2020-04-06T10:12:05+00:00,unclassified,,,1,5918817453
762371742,1,2020-01-10T22:45:21+00:00,service,,,1,7123443101
763011127,2,2020-11-03T18:07:27+00:00,service,,,1,7130093139
763018443,1,2020-01-14T05:23:06+00:00,service,,,1,7130167588
763028781,2,2026-01-17T19:43:34+00:00,service,,,1,13462874977
763462993,4,2025-05-05T20:18:05+00:00,path,,,1,7133902780
763463018,4,2021-09-05T00:11:31+00:00,path,,,1,8355343352
765154506,3,2024-01-23T16:44:06+00:00,track,,,1,11543562728
765548593,2,2023-05-24T00:35:33+00:00,track,,,1,10923065375
765550233,2,2023-05-24T00:35:33+00:00,track,,,3,10923065374 10923065373 10923065372
765886165,10,2026-06-23T17:44:41+00:00,secondary,West 3rd Street,,1,12431423062
766154756,3,2025-05-02T14:36:23+00:00,service,,,1,12804228019
767390067,1,2020-01-27T22:20:56+00:00,footway,,,2,7165010162 7165010163
768324971,2,2026-04-21T12:34:20+00:00,unclassified,,,1,13748672438
768324972,2,2026-04-21T12:39:51+00:00,unclassified,,,1,13748676185
771179145,6,2024-08-16T12:45:45+00:00,footway,,,1,11968105990
771856153,3,2025-12-01T17:24:20+00:00,service,,,1,13345724617
774742000,18,2026-04-26T14:32:45+00:00,service,,,1,13134392574
774744764,7,2026-03-23T15:30:46+00:00,service,,,1,13672044861
775179322,2,2025-10-29T13:05:11+00:00,service,,,1,13267010753
775334134,2,2024-05-21T15:39:30+00:00,residential,,,1,7233541660
775841730,3,2025-05-02T14:36:23+00:00,service,,,1,12804228022
776100905,1,2020-02-25T00:55:19+00:00,track,,,3,149801971 149801973 7241215359
776100918,2,2025-01-26T16:59:44+00:00,track,,,5,149580422 12534386045 12534386046 12534386047 12534385911
776100919,2,2025-01-26T16:59:44+00:00,track,,,1,12534386178
776100951,2,2025-01-26T17:51:15+00:00,residential,Sierra la Rana,,2,12534559302 12534559256
776630451,3,2025-03-11T19:51:53+00:00,track,,,1,12653033425
776675799,18,2025-06-02T06:15:49+00:00,secondary,,FM 1379,1,12549152456
777163629,4,2025-11-24T01:31:28+00:00,track,,,1,11735684057
777163631,4,2025-11-24T01:31:28+00:00,track,,,3,11735684056 11735684033 11735684034
777910046,2,2025-12-05T15:32:06+00:00,service,,,1,13355842172
778181104,3,2025-12-25T14:38:07+00:00,service,,,1,13404397992
780535743,2,2026-04-14T01:14:31+00:00,service,,,1,13728748019
780535744,2,2026-04-14T01:14:31+00:00,service,,,1,13728748020
780809923,5,2025-12-14T19:34:58+00:00,service,,,1,9929935278
780809925,4,2025-12-14T19:34:58+00:00,track,,,1,9929935277
781402685,2,2024-06-29T04:18:31+00:00,path,,,1,7295313838
781402688,4,2024-06-29T04:18:31+00:00,path,,,1,7295313919
783014281,3,2021-07-27T05:53:28+00:00,service,,,1,8953051742
783223186,2,2022-12-03T20:10:40+00:00,path,,,1,7314368094
784113392,2,2021-12-20T20:45:17+00:00,service,,,1,6196679242
784698942,4,2026-05-22T11:10:37+00:00,unclassified,University Road,,1,9184317293
784698943,3,2026-04-20T22:53:08+00:00,service,,,1,9184317157
789010101,6,2025-09-02T19:20:58+00:00,path,,,1,7377166753
789100213,6,2025-09-02T19:20:58+00:00,path,,,1,7383138420
789314400,2,2024-12-18T16:21:04+00:00,residential,Tiffany Court,,1,12431195347
789687643,2,2025-07-09T16:16:24+00:00,path,Unmarked Trail,,1,7383242161
789687650,1,2020-04-08T21:01:30+00:00,cycleway,Unmarked Trail under Latta,,1,7383280986
789688655,3,2025-12-24T19:47:46+00:00,cycleway,Race To The Library,,1,7383265227
789693609,5,2023-06-03T23:43:05+00:00,cycleway,Violet Crown Trail,,2,3909503035 7383328842
790124865,4,2025-12-24T19:47:46+00:00,cycleway,Oak Hill Rotary Trail,,1,7386773849
790164114,4,2023-01-20T00:38:36+00:00,cycleway,Violet Crown Trail,,1,4162686469
791231882,3,2025-03-16T17:37:02+00:00,service,,,1,12670501389
791244025,1,2020-04-13T07:13:04+00:00,service,,,1,7397014605
791244030,1,2020-04-13T07:13:04+00:00,service,,,1,7397014605
791250135,1,2020-04-13T07:38:32+00:00,service,,,1,7397086871
791250148,2,2025-03-27T21:23:00+00:00,service,,,1,12705958339
791605520,4,2020-04-17T04:02:06+00:00,footway,Apache,,2,7403427831 7403427880
791605523,3,2020-04-17T04:02:06+00:00,footway,Caddo,,1,317887428
791605527,4,2023-06-07T00:25:41+00:00,footway,,,1,7400424589
792761257,1,2020-04-17T04:02:06+00:00,footway,Kiowa,,2,7404073556 7412991837
793326641,6,2025-08-14T20:44:37+00:00,track,,,6,13071527606 13071527536 11458798254 11467557985 11467557955 11458798452
793706605,6,2026-04-26T22:58:28+00:00,path,,,1,7424335699
793714712,3,2026-04-18T08:40:57+00:00,unclassified,North Virginia Street,,1,2711224751
793719995,5,2026-01-10T06:08:04+00:00,service,,,1,13444705330
794629245,2,2024-06-19T15:45:57+00:00,service,,,1,11992330055
796244061,2,2026-05-03T00:43:52+00:00,service,,,1,13788491451
796672213,1,2020-04-26T23:36:26+00:00,service,,,1,7450566039
796743324,1,2020-04-27T05:51:38+00:00,residential,Robertson Creek Road,,4,7451247444 7451247443 7451247442 7451247441
796752088,2,2020-04-27T07:36:27+00:00,residential,Wallace Creek Road,,1,7452084765
796845041,2,2026-04-01T15:13:13+00:00,residential,North Prong Creek Road,,1,7452186620
797649303,1,2020-04-28T18:05:54+00:00,track,,,1,227067718
797729900,4,2026-04-04T12:52:34+00:00,track,,,1,13705556042
797908631,2,2025-01-23T22:17:39+00:00,track,,,1,12527845222
798171286,1,2020-04-30T00:26:32+00:00,service,Abby Lane,,1,7465177184
798605219,1,2020-05-01T03:17:37+00:00,service,,,1,7469060227
798605224,1,2020-05-01T03:17:37+00:00,service,,,1,7469060258
799208861,3,2025-03-03T18:39:43+00:00,service,,,1,12633849594
799359755,4,2026-05-24T13:32:01+00:00,track,,,1,13872262076
799721143,2,2026-02-12T17:21:20+00:00,track,4th 1/2 Street,,1,13546757417
799723990,2,2026-02-03T14:31:10+00:00,service,,,1,13521954800
800150461,1,2020-05-04T21:57:13+00:00,track,,,1,3720664372
800176089,3,2020-05-23T08:03:54+00:00,residential,Southeast Avenue C,,1,2036125521
800211422,1,2020-05-05T04:34:42+00:00,service,,,1,7483710895
800282376,2,2025-07-17T15:46:07+00:00,service,,,1,13006885444
800536302,3,2022-03-16T20:10:39+00:00,service,,,1,9560596848
800955807,2,2023-01-20T11:59:50+00:00,service,,,1,10570411440
800978905,3,2024-09-24T16:02:22+00:00,service,,,1,12197353694
802717109,3,2025-07-21T17:51:23+00:00,path,,,1,10949404242
802717114,3,2025-07-21T17:51:23+00:00,path,,,1,7508804239
802717115,6,2025-12-25T13:33:40+00:00,path,,,1,7508804239
802717118,5,2026-05-16T04:11:21+00:00,path,,,1,13149602972
803133379,3,2026-03-28T13:39:47+00:00,track,,,1,13686481811
803137986,2,2026-03-28T13:06:10+00:00,service,,,1,13686442605
803301366,3,2020-09-17T04:10:11+00:00,track,,,1,7851470415
803509108,3,2026-07-24T05:50:16+00:00,service,,,1,14011405886
805351307,3,2023-11-03T12:41:59+00:00,service,,,1,7532305933
808067619,5,2025-03-13T02:20:05+00:00,path,,,1,12657703874
808067621,3,2025-03-13T02:20:05+00:00,path,,,1,12657703875
808906395,2,2026-02-23T15:50:59+00:00,residential,,,6,13593238949 13593238948 13593238947 13593238946 13593238945 13593238944
808906397,2,2026-02-23T17:15:44+00:00,tertiary,County Road 145,,1,13593387311
808906398,1,2020-05-27T20:23:04+00:00,residential,,,1,6917235204
808935879,3,2025-11-06T14:54:36+00:00,footway,,,5,7564086547 7564101295 7567350584 7564101300 7564086575
808935887,3,2025-05-28T16:22:43+00:00,service,,,3,7564101324 7567350583 7564101325
808937452,2,2020-05-28T21:14:52+00:00,footway,,,3,7567350569 7567371686 7564115485
808937455,1,2020-05-27T22:06:59+00:00,footway,,,2,7564115620 7564115615
808937456,3,2025-11-06T14:54:36+00:00,footway,,,1,7567371695
809017204,3,2026-05-27T19:04:40+00:00,service,,,1,13889352528
812387780,2,2026-06-25T21:36:10+00:00,service,,,1,13966176132
812392806,2,2026-05-27T19:04:40+00:00,service,,,1,13889352038
812430698,4,2025-03-12T00:24:40+00:00,service,,,1,12654174819
812437643,2,2026-05-27T19:04:40+00:00,service,,,1,13889352040
812508051,3,2026-03-21T13:38:29+00:00,service,,,1,13666883885
812546907,2,2026-02-03T14:31:10+00:00,service,,,1,13521954797
812732403,2,2026-06-25T21:36:10+00:00,service,Horsinaround Lane,,1,13966176124
813109499,2,2024-04-01T15:35:58+00:00,service,,,1,5834139431
813147753,2,2020-06-13T16:02:24+00:00,track,,,1,7561307386
813198167,2,2023-01-20T11:42:07+00:00,service,,,1,10570378921
813714259,2,2026-09-22T18:10:20+00:00,track,,,1,14206946337
813747931,2,2025-03-15T13:29:36+00:00,service,,,1,12666702008
813755107,2,2026-02-03T14:31:10+00:00,service,,,1,13521954799
813767643,2,2024-10-07T19:50:04+00:00,service,,,1,12232870593
813792247,2,2024-06-18T21:18:31+00:00,track,,,1,11990957617
813792248,2,2024-06-18T21:18:31+00:00,track,,,1,11990957613
813804852,2,2024-10-04T21:49:47+00:00,service,,,1,12223093614
813835324,2,2024-10-07T16:59:48+00:00,service,,,1,12232186946
813898549,2,2025-12-05T15:10:12+00:00,service,,,1,13355794137
813955505,14,2026-04-28T10:21:48+00:00,tertiary,North Westcliff Road,,1,12431423075
813955509,7,2024-12-18T18:09:01+00:00,residential,North Jason Road,,1,12431423076
813966494,4,2025-05-28T16:22:43+00:00,service,,,2,12157961133 7603496358
814153161,2,2025-04-03T23:20:50+00:00,service,,,1,12727039525
814162427,4,2025-12-23T22:27:32+00:00,service,,,1,13398762983
814421548,2,2025-12-01T18:18:16+00:00,service,,,2,13346202430 13346202431
814447205,1,2020-06-10T05:38:12+00:00,service,,,1,7607698596
814488170,2,2024-10-07T16:59:48+00:00,service,,,1,12232186904
814493825,1,2020-06-10T08:34:37+00:00,service,,,1,7608154456
814531534,2,2024-06-19T15:45:57+00:00,service,,,1,11992329850
814577777,2,2024-10-05T02:16:38+00:00,service,,,1,12223607328
814821490,2,2025-05-08T16:02:10+00:00,track,,,1,12820446256
814844134,2,2026-02-16T18:08:05+00:00,service,,,1,13570566011
814859265,2,2020-08-29T17:31:04+00:00,track,,,3,7857184717 7857184719 7857184718
814881259,2,2023-01-20T11:59:50+00:00,track,,,1,10570411415
814976969,3,2026-02-03T16:10:48+00:00,service,,,1,13522164753
815141939,13,2021-03-22T03:32:57+00:00,footway,Cibolo Creek Main Trail,,4,7614092655 7614092654 355733648 7614092468
815141940,4,2024-11-09T20:25:59+00:00,footway,Cibolo Creek Main Trail,,1,7614092481
815141962,7,2026-08-10T17:43:59+00:00,footway,Cave Trail,,2,12256298673 7638116429
815152606,2,2024-10-06T21:08:03+00:00,service,,,1,12230428440
815161414,1,2020-06-12T06:36:56+00:00,service,,,1,7614310654
815177494,2,2023-01-20T11:59:50+00:00,residential,,,1,10570390006
815395222,2,2022-06-05T20:10:41+00:00,residential,County Road 270,,1,9797251927
815396000,3,2024-01-10T09:52:51+00:00,residential,,,1,10570390007
815423671,2,2025-04-02T18:58:14+00:00,track,,,1,12723934650
815438020,8,2020-08-02T03:25:24+00:00,path,,,2,7615859415 7675687722
815438022,5,2020-08-02T03:25:24+00:00,path,,,1,7675687699
815438042,3,2020-07-09T14:08:23+00:00,footway,,,1,7677246131
815442659,4,2021-03-22T03:32:57+00:00,footway,,,1,7926708770
815470862,2,2025-12-14T06:28:03+00:00,footway,,,1,7616151780
815793057,1,2020-06-14T03:49:12+00:00,footway,,,1,7619084892
816016502,2,2026-05-09T14:05:31+00:00,track,,,1,13811207386
816128215,4,2025-05-08T16:27:03+00:00,track,,,1,12820516795
816357910,3,2025-05-07T21:03:54+00:00,service,,,2,12818003556 7624363809
816443138,3,2024-10-11T14:32:09+00:00,service,,,1,7625262371
816471681,2,2023-10-13T23:38:00+00:00,service,,,1,11261642995
816472776,2,2026-04-01T16:21:30+00:00,residential,,,5,13699093476 13699093477 13699093473 13699093479 13699093480
816495848,4,2024-07-10T12:33:33+00:00,track,,,1,12045956854
816773315,2,2024-10-13T22:29:03+00:00,service,,,1,12249196941
816796437,6,2025-05-07T21:03:54+00:00,service,,,2,8325439870 12818003620
816867630,2,2024-10-13T22:29:03+00:00,service,,,2,12249196897 12249196878
816875188,2,2021-12-16T17:52:08+00:00,footway,Duck Pond,,1,5320468483
816875189,3,2021-12-16T17:52:08+00:00,footway,Wadley-Barron Park,,1,8791875818
817033735,2,2026-02-03T14:31:10+00:00,service,,,1,13521969201
817066170,3,2025-05-15T19:52:32+00:00,service,,,1,12840666966
817077062,2,2024-10-07T16:59:48+00:00,service,,,1,12232186492
817105962,2,2024-10-07T19:50:04+00:00,service,,,1,12232870592
817116376,2,2025-12-12T14:36:04+00:00,service,,,1,13372084220
817149018,5,2026-02-20T12:36:45+00:00,track,,,1,13584682269
817206200,2,2026-03-16T21:34:54+00:00,service,,,1,13653475781
817221495,2,2024-10-04T21:49:47+00:00,service,,,1,12223093633
817459653,2,2024-11-26T20:28:09+00:00,service,,,1,12377114537
817505203,2,2024-10-07T21:09:24+00:00,track,,,1,12233152500
818253768,2,2025-12-12T15:36:28+00:00,track,,,1,13372204062
818260240,2,2024-06-18T21:18:31+00:00,service,,,1,11990957618
818282183,2,2024-06-18T21:18:31+00:00,service,,,1,11990957217
818302582,2,2025-01-26T18:45:45+00:00,service,,,1,12534612179
818376785,3,2026-07-13T17:22:35+00:00,service,Crossen Ranch Lane,,1,14011065026
818445459,2,2024-10-05T02:16:38+00:00,service,,,1,12223607493
818447005,1,2020-06-22T12:35:07+00:00,service,,,1,7643421712
818511487,2,2023-06-01T13:41:50+00:00,footway,,,1,7643954555
818688120,3,2023-11-19T20:02:28+00:00,service,,,1,11362728808
818745366,2,2024-10-07T19:50:04+00:00,service,,,2,12232870597 12232870660
818761288,2,2023-01-20T11:42:07+00:00,track,,,1,10570378938
818972887,5,2025-04-06T18:20:34+00:00,service,,,2,2976173616 12728845342
819018006,2,2025-10-31T18:57:45+00:00,track,,,1,7648663188
819031300,3,2026-04-23T21:36:38+00:00,track,,,1,13756946041
819094704,3,2025-02-27T02:02:10+00:00,service,,,1,12621778814
819310596,2,2025-10-22T15:56:06+00:00,service,,,1,13250161823
819341668,2,2024-12-23T23:50:28+00:00,service,,,1,12445970992
819697418,2,2021-08-02T23:10:50+00:00,service,,,1,8975697930
819698106,2,2025-02-27T02:02:10+00:00,service,,,1,12621779238
820223044,5,2025-05-08T01:11:03+00:00,unclassified,,,1,12405855303
820230870,2,2025-04-11T13:15:34+00:00,residential,,,1,12747850876
820440053,6,2026-03-25T20:13:19+00:00,service,,,1,13680230261
820513229,11,2021-03-09T01:39:25+00:00,residential,Saddle Ridge Drive,,1,7661661737
821286943,2,2026-02-05T18:32:16+00:00,residential,,,1,13527016831
821633104,4,2026-09-09T14:52:39+00:00,service,,,1,14014980499
821779527,3,2024-08-18T17:49:47+00:00,service,,,1,12118856389
822330477,5,2025-06-12T14:12:24+00:00,track,,,1,12909613880
822442328,2,2024-10-07T19:50:04+00:00,service,,,1,12232870596
822528134,2,2024-10-07T19:50:04+00:00,service,,,1,12232870635
822707210,2,2025-04-02T16:44:01+00:00,track,,,1,12723740346
822707211,2,2025-04-02T16:44:01+00:00,service,,,1,12723740348
822707212,2,2025-04-02T16:44:01+00:00,service,,,1,12723740345
822997490,2,2021-07-20T00:10:14+00:00,residential,,,1,8934283685
822997492,2,2023-01-07T21:38:15+00:00,residential,Private Road 305,,1,10313698917
823311693,4,2024-08-08T02:36:45+00:00,track,,,1,12098099557
824014332,2,2023-08-09T22:03:29+00:00,path,,,1,7693448428
824446982,3,2026-03-20T04:48:05+00:00,service,,,1,13663981773
824556361,4,2026-07-24T05:50:16+00:00,service,,,1,14045114235
824556363,6,2026-07-24T05:50:16+00:00,service,,,4,14045114229 14004090883 14004090885 14004090886
824763911,3,2026-09-04T05:11:03+00:00,track,,,1,14011065020
824970463,1,2020-07-10T19:03:39+00:00,path,,,1,7703252849
825276641,2,2026-03-23T13:28:35+00:00,track,,,2,13671784522 13671784523
825276659,2,2026-03-23T13:28:35+00:00,track,,,1,13671784524
825276664,2,2026-03-23T13:28:35+00:00,track,,,1,13671784520
825636506,4,2024-11-09T20:56:56+00:00,path,,,1,7709030568
825636515,1,2020-07-13T03:54:54+00:00,path,,,1,7709030655
825801883,2,2025-02-27T16:52:02+00:00,service,,,1,12623607488
826037128,2,2024-08-04T00:28:47+00:00,service,,,1,12091159203
826321575,2,2023-11-21T04:28:01+00:00,service,,,1,11365547215
826329837,2,2021-05-07T04:05:17+00:00,service,,,1,8708080434
826375620,2,2025-02-27T16:15:18+00:00,service,,,1,12623559089
826458973,1,2020-07-15T10:15:22+00:00,service,,,1,7716456711
826790747,2,2024-08-10T22:59:04+00:00,service,,,1,12103411062
826852005,3,2024-07-31T15:33:12+00:00,service,,,1,12079130070
826876129,3,2024-08-03T23:54:49+00:00,service,,,1,12091139175
827032793,4,2024-11-05T08:17:03+00:00,service,,,1,12313866250
827154466,2,2025-04-02T16:44:01+00:00,service,,,1,12723740091
827157423,1,2020-07-16T22:51:57+00:00,service,,,1,7722348942
827157454,1,2020-07-16T22:51:57+00:00,track,,,2,7722348943 226905012
827157455,2,2020-12-08T10:43:02+00:00,track,,,1,7722348949
827159487,3,2025-11-10T22:40:03+00:00,service,,,1,7722362457
827183269,3,2026-05-31T22:46:44+00:00,track,,,1,13900147743
827183270,2,2026-05-31T22:46:44+00:00,service,,,2,13900147746 13900147747
827183293,3,2024-01-23T16:40:41+00:00,track,,,1,11543562725
827183294,3,2024-01-23T16:40:41+00:00,track,,,1,11543562723
827183318,2,2020-07-17T13:19:21+00:00,service,,,1,7722581575
827351702,2,2024-08-04T00:28:47+00:00,track,,,1,12091159570
827354334,3,2023-12-05T15:31:54+00:00,service,,,1,11396301087
827690675,1,2020-07-18T18:14:36+00:00,path,,,1,7671216470
828026953,2,2025-03-01T14:55:48+00:00,service,,,1,12628540003
828048471,3,2026-02-22T14:49:50+00:00,service,,,1,13590397974
828048472,2,2026-02-22T14:49:50+00:00,service,,,1,13590397984
828347184,2,2026-05-31T20:06:28+00:00,service,,,1,13899818140
828368227,2,2025-06-24T09:38:00+00:00,service,,,1,12949084359
828501112,2,2026-05-07T20:55:46+00:00,service,,,1,13807116833
829726860,2,2021-04-18T14:58:35+00:00,path,,,1,7744216121
830403333,11,2025-10-13T01:29:45+00:00,footway,Styx,,1,7802174033
830556504,3,2026-03-16T15:31:08+00:00,track,,,1,13652719658
830648029,1,2020-07-27T07:54:23+00:00,track,,,1,7755737971
830648046,1,2020-07-27T07:54:23+00:00,track,,,1,7755760120
830685125,2,2025-11-29T01:56:45+00:00,service,,,1,13339636609
830703450,2,2026-05-07T17:34:50+00:00,service,,,1,13806733289
830703454,2,2026-05-07T17:34:50+00:00,service,,,1,13806733316
831041081,2,2025-06-06T15:33:00+00:00,service,,,1,12892387643
831760372,2,2025-02-28T00:50:58+00:00,service,,,1,12624559189
832436032,2,2025-11-24T16:38:30+00:00,track,,,1,13328537152
833472994,3,2022-06-26T03:21:53+00:00,service,,,1,8660526239
833618984,5,2024-02-29T20:46:56+00:00,cycleway,,,1,3160642266
833712019,5,2023-11-06T15:34:58+00:00,path,,,1,11329458956
833756993,4,2024-05-15T15:59:57+00:00,path,,,1,11907456141
833781427,5,2026-01-08T07:10:19+00:00,track,,,5,11237123836 11237123835 11237123834 11237123832 11237123831
833866380,2,2025-07-15T19:58:38+00:00,track,,,1,13002599795
834370083,2,2021-10-23T03:47:04+00:00,track,,,1,9194896270
834370085,2,2021-10-23T03:47:04+00:00,track,,,1,9194896181
834370086,2,2021-10-23T03:47:04+00:00,track,,,1,9194896180
834946265,2,2025-08-29T16:13:24+00:00,service,,,1,13106575536
834985760,3,2025-07-16T15:48:06+00:00,track,,,1,13004608806
835013330,3,2025-04-20T17:47:13+00:00,track,,,1,8895487883
835327231,2,2026-02-01T22:13:09+00:00,unclassified,County Road 106,,1,13517918075
835405528,3,2021-03-22T03:32:57+00:00,path,,,1,7926708751
835503266,4,2025-03-12T00:28:21+00:00,residential,County Road 355,,2,9782314554 12654157791
835748069,4,2024-01-09T15:15:28+00:00,service,,,1,10777900125
835926941,2,2026-02-22T15:13:50+00:00,path,,,1,13590633154
836464298,2,2026-01-21T17:30:42+00:00,track,,,1,13474342466
836650971,1,2020-08-13T03:07:08+00:00,service,,,1,7808609802
836710059,2,2025-11-24T16:51:24+00:00,service,,,1,13328537253
836889437,2,2026-01-19T19:31:05+00:00,track,,,2,13468954181 13468954182
837611696,2,2025-01-05T03:47:11+00:00,path,,,1,12475064986
837611700,6,2026-04-03T02:37:19+00:00,cycleway,Salado Creek Greenway Trail,,1,12475064990
837655159,2,2025-06-05T17:01:05+00:00,path,,,1,12889192020
837662037,3,2024-10-18T00:19:11+00:00,footway,Panther Canyon Nature Trail,,9,12259886284 12259886285 7818133890 12259886286 7818133929 7818133939 12259886287 7818133966 12259886288
837662038,2,2024-10-18T00:19:11+00:00,footway,Small Loop,,2,12259886282 12259886283
838147090,3,2026-02-03T17:01:01+00:00,service,,,1,13522266949
838501849,2,2024-12-06T15:49:17+00:00,service,,,1,12400506069
840020016,3,2023-12-25T01:02:43+00:00,track,Forest Service Rd 2174,,1,7838611062
840020018,5,2024-12-08T15:29:36+00:00,track,Forest Service Rd 2173,,3,12404999019 12404999018 7838611062
840316779,3,2026-08-20T17:27:02+00:00,service,,,1,14107986963
840337387,1,2020-08-24T22:57:55+00:00,footway,,,1,7841400098
840434297,2,2025-12-20T20:09:43+00:00,service,,,1,13391453363
840488975,3,2020-11-02T07:52:54+00:00,service,,,1,8073771104
840802769,4,2022-01-29T08:05:02+00:00,service,,,1,9457405602
840862047,2,2020-08-31T12:20:41+00:00,service,Misty Lane North,,1,7846038184
840917818,4,2025-12-03T21:51:59+00:00,track,,,1,13352165560
841124509,2,2025-12-08T00:19:20+00:00,service,,,1,13360553289
841126717,2,2021-11-19T20:39:45+00:00,track,,,1,9268130410
841127244,3,2025-04-25T19:27:36+00:00,service,,,1,12534577790
841132855,3,2023-09-05T17:12:28+00:00,service,,,1,11170053770
841187260,2,2025-09-11T18:18:55+00:00,service,,,1,13136802646
841272103,2,2026-01-30T15:02:55+00:00,service,,,1,13512366609
841404241,3,2025-01-13T16:09:09+00:00,track,,,1,12498412235
841532499,2,2026-02-16T02:31:30+00:00,unclassified,County Road 310A,CR 310A,1,13568638042
841563720,4,2026-02-03T16:10:48+00:00,track,,,1,9333257735
841565481,2,2025-12-26T15:51:16+00:00,service,,,1,13408931242
841574211,2,2025-06-06T15:33:00+00:00,track,,,1,12892387915
842204749,1,2020-08-29T17:31:04+00:00,service,,,1,7857184716
842454143,1,2020-08-30T18:51:42+00:00,service,,,1,7859277827
842454146,1,2020-08-30T18:51:42+00:00,service,,,1,7859277825
842454147,2,2023-01-20T11:42:07+00:00,service,,,1,7859277794
842454151,1,2020-08-30T18:51:42+00:00,service,,,1,7859277824
842937580,2,2025-12-20T20:09:43+00:00,service,,,1,13391453349
842950050,8,2026-02-19T16:56:33+00:00,residential,Old Adams Lane,,1,13581590811
843340475,2,2024-12-02T20:14:42+00:00,track,,,1,12391619471
843353236,3,2026-04-24T14:42:45+00:00,service,,,1,13758839158
843477280,2,2021-11-19T20:39:45+00:00,service,,,1,9268130588
843921952,2,2026-02-22T14:49:50+00:00,service,,,2,13590397939 13590397941
844153069,2,2026-02-03T16:31:04+00:00,service,,,1,13522212377
844256024,2,2025-06-06T15:33:00+00:00,service,,,1,12892387706
844573158,4,2025-10-03T15:47:55+00:00,cycleway,Heritage Oaks Hike & Bike Trail,,1,7878638762
844573159,2,2025-10-01T12:40:06+00:00,cycleway,,,1,7878638765
844955992,3,2024-12-24T00:29:12+00:00,service,,,1,12446038229
845031608,2,2025-05-30T14:35:20+00:00,service,,,1,12875486877
845226127,3,2025-11-29T01:56:45+00:00,service,,,1,13339636608
845273712,2,2024-08-21T21:45:47+00:00,track,,,1,12125537579
845284486,1,2020-09-08T07:19:16+00:00,service,,,1,223335779
845308714,1,2020-09-08T08:17:08+00:00,unclassified,,,1,223207210
845384457,2,2025-04-02T16:44:01+00:00,service,,,1,12723739799
845614657,2,2025-03-04T16:33:53+00:00,service,,,1,12636231887
845619658,2,2021-11-21T23:43:48+00:00,service,,,1,9273347628
845651972,3,2026-08-25T14:33:40+00:00,service,,,1,12099884987
846526570,2,2026-08-08T00:31:43+00:00,service,,,1,7898045806
847014016,4,2022-05-30T11:42:11+00:00,residential,South 6th Street,,1,9781556727
847163794,2,2026-04-05T03:11:30+00:00,service,,,1,13707124865
847211571,2,2026-05-07T13:38:23+00:00,service,,,1,13806210741
847234846,2,2026-01-20T21:26:37+00:00,service,,,1,13472174974
847595986,2,2023-10-02T18:57:18+00:00,service,,,1,11234477031
848107863,2,2020-09-17T02:32:34+00:00,residential,,,1,7914236206
848190424,1,2020-09-16T20:26:16+00:00,residential,,,1,7914236412
848256048,4,2026-09-17T17:57:32+00:00,track,,,1,11665575575
848275145,3,2025-02-28T00:50:58+00:00,service,,,1,12624559200
848940734,3,2026-02-16T01:47:22+00:00,service,,,1,13568602762
849271856,2,2025-03-05T17:50:44+00:00,service,,,1,12639096100
849277580,3,2025-03-09T00:50:13+00:00,service,,,1,12646739873
849306503,3,2025-03-09T00:37:43+00:00,service,,,1,12646731164
849361898,2,2022-11-05T13:42:43+00:00,service,,,1,7924447875
849627128,4,2024-10-16T21:06:43+00:00,path,,,3,12256298676 12256298675 12256298674
849630681,2,2024-12-31T01:46:35+00:00,service,,,1,12464114816
849646156,5,2026-02-14T17:42:23+00:00,service,,,1,11252032310
850510904,4,2026-03-20T23:22:29+00:00,residential,Wolf Creek Drive,,1,13665851480
851322137,4,2026-04-18T14:08:32+00:00,service,,,1,12012932968
851850470,1,2020-09-26T15:32:09+00:00,footway,,,1,7926708770
853833885,2,2025-03-25T13:18:16+00:00,track,,,2,12698857188 12698857183
855181446,2,2020-10-05T05:22:28+00:00,track,,,1,7975066532
856554522,2,2025-03-25T13:18:16+00:00,track,,,1,12698857187
856813301,1,2020-10-08T14:08:13+00:00,track,,,1,7988382175
856813307,2,2020-10-11T21:43:13+00:00,track,,,1,7998175463
857284604,2,2025-03-25T14:38:26+00:00,track,,,1,12699035167
857284605,1,2020-10-09T16:57:03+00:00,track,,,1,7992812470
857638526,1,2020-10-10T21:29:29+00:00,track,,,1,7991087611
857964371,3,2021-03-22T15:37:54+00:00,track,,,1,7187146135
858007830,1,2020-10-12T06:54:48+00:00,footway,,,13,7999017707 7999017704 7999017703 7999017705 7999017706 7999017708 7999017711 7999017713 7999017715 7999017714 7999017712 7999017710 7999017709
858007831,1,2020-10-12T06:54:48+00:00,footway,,,1,7999017727
858426010,3,2025-02-27T16:01:39+00:00,service,,,1,12623539517
858618625,3,2026-09-20T03:57:17+00:00,service,,,1,14199714567
860244093,5,2025-01-12T16:43:50+00:00,service,,,1,12496208360
860374732,5,2025-07-29T03:51:27+00:00,path,,,1,13033166758
860490479,2,2026-03-25T16:35:17+00:00,service,,,11,8019703871 150460003 150460009 150460019 150460026 150460035 150460040 8019703869 150494905 13679293672 13679293673
863225494,2,2021-12-17T18:11:28+00:00,footway,,,1,8041441468
863703789,2,2021-12-13T03:35:34+00:00,service,,,1,9333223492
868989165,6,2025-01-28T19:27:11+00:00,track,,,1,12539780385
869741296,3,2023-01-04T23:08:00+00:00,service,,,1,10307607486
869741297,3,2023-01-04T23:08:00+00:00,service,,,1,10307607586
869741299,4,2023-06-30T19:49:21+00:00,track,,,1,10307607687
869741301,3,2023-01-04T23:48:44+00:00,service,,,1,10307663775
869741303,3,2023-01-04T23:48:44+00:00,service,,,1,10307663741
869741305,2,2023-01-04T23:48:44+00:00,service,,,1,10307632297
869741307,3,2023-01-04T23:48:44+00:00,service,,,1,10307632255
869741309,3,2023-01-04T23:08:00+00:00,service,,,1,10307607828
869741312,2,2023-01-04T23:08:00+00:00,service,,,1,10307607757
870664665,6,2025-03-31T15:25:53+00:00,track,,,1,12716451567
871985168,3,2024-09-29T16:12:41+00:00,footway,,,1,8121807403
873295536,1,2020-11-17T23:36:55+00:00,track,,,1,8132700306
873295552,1,2020-11-17T23:36:55+00:00,track,,,1,8132700468
873295574,2,2020-11-18T09:42:38+00:00,track,,,1,8132700693
873458295,1,2020-11-18T09:42:38+00:00,track,,,1,8134303764
873458315,2,2020-11-18T11:33:53+00:00,track,,,1,8134303935
874021324,1,2020-11-18T11:33:53+00:00,track,,,1,8137160072
874021362,1,2020-11-18T11:33:53+00:00,track,,,1,8137160428
875136357,4,2025-06-24T17:56:56+00:00,track,03 Ranch Road,,1,11608890795
875650998,2,2022-08-27T02:20:28+00:00,footway,,,1,8150337782
877664574,2,2023-11-23T03:56:38+00:00,track,,,1,8165820185
877664575,2,2023-11-23T03:56:38+00:00,track,,,1,8165820195
877664576,2,2023-11-23T03:56:38+00:00,track,,,1,8165820213
877894682,3,2026-08-19T23:08:30+00:00,service,,,1,9273424525
878723979,8,2026-08-28T01:22:54+00:00,path,,,4,14130225212 8174581301 14130225228 14130225187
879159659,2,2025-12-24T18:55:37+00:00,service,,,1,13401862586
879232675,2,2024-12-24T01:05:19+00:00,service,,,1,12446088450
879330545,3,2025-06-06T15:33:00+00:00,service,,,1,12892387967
880024189,1,2020-12-02T04:10:09+00:00,service,,,1,8185960906
880058339,2,2024-10-07T19:29:59+00:00,service,,,1,1968570365
880152288,2,2025-12-20T20:09:43+00:00,service,,,1,13391453362
880153976,2,2023-01-17T19:51:44+00:00,service,,,1,10563411191
880166527,2,2024-10-05T02:16:38+00:00,service,,,1,12223607539
880241326,4,2025-11-20T22:41:05+00:00,service,,,1,9444335181
880476168,2,2024-10-05T02:16:38+00:00,service,,,1,12223607351
880583438,2,2024-12-18T16:21:04+00:00,service,,,1,12431195273
880614340,2,2021-03-18T23:12:19+00:00,footway,,,1,8190682229
880836351,2,2024-05-26T07:18:50+00:00,track,,,2,11934388423 11934388422
881062299,2,2024-12-18T16:21:04+00:00,service,,,1,12431195331
881062300,2,2024-12-18T16:21:04+00:00,service,,,1,12431195329
882403583,2,2024-06-07T13:33:28+00:00,track,,,1,11962808392
882447421,3,2024-06-17T19:24:42+00:00,track,,,1,11988624412
882873476,2,2021-12-12T16:43:38+00:00,track,,,1,9332364380
882883550,2,2021-12-17T00:14:24+00:00,unclassified,Cowhouse Drive,,2,8210581468 8210581468
882883569,2,2023-06-16T22:29:59+00:00,track,,,1,10981656129
882883570,2,2023-06-16T22:29:59+00:00,track,,,1,10981656045
882883600,2,2021-12-12T00:53:38+00:00,track,,,1,9330930562
882883602,15,2026-03-19T19:31:17+00:00,service,Tank Trail,,9,9324787472 9324791042 10981697210 10981697204 10981697190 10981682853 10981711550 10983118521 10983162713
882883603,7,2026-03-17T21:26:59+00:00,track,,,2,10983162870 10983163044
882888135,2,2023-06-17T21:48:13+00:00,unclassified,,,1,10983163048
882888136,3,2021-12-12T00:53:38+00:00,track,,,1,9330930557
882888137,2,2023-06-17T21:48:13+00:00,track,,,1,10983162914
882888151,9,2026-03-19T15:04:09+00:00,tertiary,Manning Mountain Road,,2,9382897947 9382898005
882888152,5,2026-03-15T02:27:30+00:00,service,Tank Trail,,2,9345083955 9382898006
882888166,2,2023-06-17T21:00:54+00:00,track,,,1,10983118518
883182488,1,2020-12-10T10:53:21+00:00,service,,,1,7859277826
883266703,3,2025-04-02T16:44:01+00:00,service,,,1,12723740285
883960564,1,2020-12-11T22:14:05+00:00,service,,,1,8220985811
883960565,2,2022-03-11T17:39:35+00:00,service,,,1,9571310989
885137159,1,2020-12-15T14:03:55+00:00,service,,,1,8231288010
885385029,2,2025-05-30T14:35:20+00:00,residential,,,1,12875486835
885988977,3,2025-04-21T14:46:33+00:00,track,,,1,7658993581
886836665,4,2025-07-10T00:39:03+00:00,service,,,1,8246409803
887378319,3,2024-06-16T18:06:30+00:00,unclassified,,,1,11985882023
887379512,2,2024-06-16T18:06:30+00:00,track,,,1,11985882022
887673453,2,2026-05-24T00:08:08+00:00,residential,,,1,13869500932
887712985,3,2024-10-16T21:06:43+00:00,path,,,1,12256298677
888080933,1,2020-12-24T08:55:47+00:00,path,,,1,8256649534
888339311,3,2025-03-18T13:10:57+00:00,track,,,1,12676523966
889921941,3,2023-06-01T07:08:42+00:00,path,,,1,9444335173
892545350,1,2021-01-06T06:34:37+00:00,service,,,1,8295645820
892595002,3,2025-04-04T14:19:36+00:00,service,,,1,12728997288
892601886,2,2026-02-03T16:10:48+00:00,service,,,1,13522165191
893152441,2,2026-04-19T14:37:38+00:00,track,,,1,13742923617
893152444,2,2026-04-19T14:37:38+00:00,track,,,1,13742923749
893648936,2,2024-01-01T17:12:37+00:00,track,,,1,11476570845
894590486,2,2025-04-06T14:37:20+00:00,service,,,1,8315134425
895127294,1,2021-01-14T05:28:01+00:00,service,Homer Drive,,1,8320411728
895256014,5,2024-08-24T17:12:20+00:00,track,,,2,12134222205 12134222208
897372978,4,2021-01-20T04:04:29+00:00,footway,,,2,8340562094 5301180784
897375943,1,2021-01-20T04:04:29+00:00,footway,,,1,8340576161
899170765,6,2025-05-05T21:16:28+00:00,path,Lookout Point,,1,8354785135
899173412,3,2021-02-03T22:03:12+00:00,path,,,1,8388865556
899178326,3,2025-05-05T20:18:05+00:00,path,,,1,8355367750
899184267,3,2025-05-05T21:16:28+00:00,path,,,1,8354785135
899236646,5,2025-08-16T16:08:50+00:00,path,,,1,8662907563
899236647,5,2025-05-05T21:16:28+00:00,path,,,5,12812450277 12812450276 8355329468 9063255675 8355329334
899236649,6,2025-08-16T16:08:50+00:00,path,,,1,11678092302
899236654,5,2025-11-01T14:33:23+00:00,path,Shin Bome,,2,13274016867 9065072806
899249276,3,2025-05-05T20:18:05+00:00,path,,,1,9063255676
899698853,4,2025-04-04T13:48:47+00:00,track,,,2,12728901777 12728901778
901103489,2,2026-09-17T23:52:07+00:00,residential,,,1,14190657548
901420241,2,2025-07-15T18:57:06+00:00,service,2143 West,,1,8373794397
901431543,2,2026-02-20T18:18:13+00:00,service,,,1,13585358447
901501732,2,2025-12-16T04:32:22+00:00,service,,,1,13380342878
901531409,3,2024-09-14T21:53:17+00:00,service,,,1,12177445103
901558662,2,2025-11-29T04:27:17+00:00,service,,,1,13339750189
902216527,2,2024-09-29T16:12:41+00:00,footway,,,1,8121807403
902559487,2,2022-05-30T14:41:17+00:00,track,,,1,9782313715
902925730,2,2026-02-20T20:10:24+00:00,service,,,1,13585596869
903204495,3,2021-09-25T23:49:59+00:00,path,,,1,4160545507
903590579,2,2025-05-05T20:18:05+00:00,path,,,1,12812450278
903590580,2,2021-09-05T00:11:31+00:00,path,,,1,8392187910
903634478,3,2026-03-20T19:47:17+00:00,cycleway,,,2,13665570289 8392542604
903989176,5,2024-09-02T18:22:59+00:00,path,Chappell Access,,3,8395603500 8395603501 8398355578
904305820,2,2021-02-14T01:53:53+00:00,path,Slaughter Creek Trail,,1,6996782246
904305829,4,2025-09-02T19:12:30+00:00,path,Track 'n Mary,,1,12459244887
904339348,3,2022-10-02T21:00:53+00:00,path,,,1,8398643547
905285377,7,2025-04-20T22:25:54+00:00,residential,County Road 232,,1,12727065752
905316773,2,2021-04-27T03:40:16+00:00,service,,,1,8670366869
905322672,2,2024-12-22T16:51:04+00:00,service,,,2,8407359153 12441880811
905327457,2,2026-07-23T17:23:53+00:00,track,,,1,14042019054
905370794,4,2025-11-25T16:58:40+00:00,service,,,1,13331196334
905395121,5,2025-01-24T20:57:37+00:00,track,,,1,12530157804
905423272,2,2025-01-12T16:43:50+00:00,service,,,1,12496208356
905485987,5,2025-05-09T00:03:03+00:00,track,,,1,8408950218
905485989,3,2025-05-09T00:03:03+00:00,track,,,1,8408950322
905659009,2,2025-02-04T14:10:08+00:00,track,,,1,12556547672
905663454,3,2024-12-18T18:09:01+00:00,service,,,2,12431423084 12431423086
905663455,2,2024-12-18T18:09:01+00:00,service,,,1,12431423080
905663457,2,2024-12-18T18:09:01+00:00,service,,,1,12431423083
905693456,3,2025-01-12T16:43:50+00:00,service,,,1,12496208361
905695213,2,2024-01-23T16:37:14+00:00,service,,,1,11543562255
905703430,3,2024-09-28T15:35:59+00:00,service,,,1,9563090547
905705141,2,2024-12-18T18:09:01+00:00,service,,,1,12431423085
905715003,2,2024-12-17T22:33:17+00:00,service,,,1,12427717741
905720493,2,2025-05-21T15:13:36+00:00,service,,,1,12853461886
905720834,3,2025-01-29T03:15:33+00:00,track,,,1,12540829970
905726420,4,2026-09-12T22:01:13+00:00,service,,,1,12438831607
905726421,2,2024-12-23T15:43:15+00:00,track,,,1,12444527865
905754645,3,2023-07-06T03:53:23+00:00,service,,,1,8670460206
905792714,2,2021-04-19T18:41:39+00:00,service,,,1,8644844358
906023665,3,2025-01-12T01:13:45+00:00,service,,,1,12494070035
906411871,2,2024-10-20T14:46:04+00:00,service,,,1,12271178918
906418549,2,2024-09-24T17:29:06+00:00,service,,,1,12197483416
906510873,2,2024-10-20T14:46:04+00:00,service,,,1,12271178917
906552745,2,2024-06-17T12:37:20+00:00,service,,,2,11987508702 11987508713
906573049,2,2025-12-04T20:33:15+00:00,service,,,1,13354227175
906578615,2,2024-06-15T22:32:16+00:00,service,,,1,11984307698
906957802,3,2022-04-26T22:35:28+00:00,path,,,1,8604234588
907195697,2,2025-12-21T01:02:50+00:00,service,,,1,13391863817
907251481,2,2025-05-08T16:02:10+00:00,service,,,1,12820446419
907587551,2,2026-02-22T14:49:50+00:00,service,,,1,13590398031
908281541,2,2025-05-02T13:40:26+00:00,service,,,2,12804147413 12804147515
908289608,2,2024-12-20T14:43:26+00:00,track,,,1,12436991152
909369693,3,2023-06-30T19:49:21+00:00,track,,,1,10307928826
909720204,5,2026-05-16T04:11:21+00:00,path,,,1,13149602895
910694331,2,2025-02-19T19:17:36+00:00,service,,,1,12601570097
910715228,3,2026-04-09T16:04:44+00:00,service,,,2,12277280961 12277280981
911184782,3,2026-08-14T14:55:50+00:00,footway,,,1,11808149271
911362471,1,2021-02-26T21:08:07+00:00,footway,,,1,7891132698
912949038,2,2021-03-17T21:37:22+00:00,path,,,1,8530052389
913580752,12,2026-03-27T23:36:39+00:00,path,Prairie Trail,,2,8500885526 8582981809
913589321,8,2025-02-27T23:57:12+00:00,path,Wetlands Trail,,2,8486607864 12624448065
913599669,2,2021-03-05T20:24:44+00:00,path,Pilot Knoll Trail,,1,8490104856
913649134,2,2025-11-25T18:42:04+00:00,track,,,1,13331997546
914017367,2,2023-01-04T23:48:44+00:00,service,,,1,10307663828
914284271,3,2024-12-28T17:23:57+00:00,path,,,1,12459260382
914286143,4,2025-05-22T02:17:12+00:00,path,,,1,12854560202
915162166,2,2021-07-20T00:57:55+00:00,path,Old Wetlands Road,,1,8501006112
915625814,3,2024-04-07T15:45:35+00:00,path,,,1,8505112142
915625815,1,2021-03-10T22:22:32+00:00,path,,,1,8505112142
915625819,1,2021-03-10T22:22:32+00:00,path,,,1,8505112156
915731276,2,2021-06-18T07:32:40+00:00,residential,North Little Creek Road,,1,8506080166
916297418,2,2025-07-31T18:59:16+00:00,service,,,1,13039941430
916331085,2,2025-10-28T12:53:57+00:00,service,,,1,13264945649
917601495,3,2025-05-26T15:00:02+00:00,path,,,1,12864926610
917604723,2,2022-01-02T20:30:38+00:00,path,,,1,8522487497
917647411,1,2021-03-16T03:46:45+00:00,path,,,1,3452713933
917647419,1,2021-03-16T03:46:45+00:00,path,,,1,8522867736
917647421,1,2021-03-16T03:46:45+00:00,path,,,1,8522867740
917647431,2,2021-04-05T20:21:42+00:00,path,,,1,8522867762
917647432,2,2021-04-05T20:21:42+00:00,path,,,1,8522867765
917647433,2,2025-12-30T17:34:24+00:00,path,,,1,4160433217
917647439,1,2021-03-16T03:46:45+00:00,path,,,1,8522867801
917647440,1,2021-03-16T03:46:45+00:00,path,,,1,8522867814
917647450,3,2025-07-18T09:07:58+00:00,cycleway,Go Ramblers!!,,1,8522867874
917647465,1,2021-03-16T03:46:45+00:00,path,,,1,8522867898
917647466,2,2025-12-30T17:34:24+00:00,path,,,1,8522867898
917647469,10,2025-12-30T17:34:24+00:00,path,The Forbidden Fence Line,,2,6334650198 6374829170
917647470,5,2025-12-30T17:34:24+00:00,path,,,1,4160433208
917647481,2,2021-11-19T23:54:09+00:00,path,,,1,9268875258
917651302,2,2021-11-19T23:54:09+00:00,path,,,1,9268875258
917651332,3,2025-07-25T23:19:02+00:00,path,,,1,13025722679
917651348,2,2025-05-10T12:06:29+00:00,path,,,1,12825700199
917651350,2,2025-05-10T12:06:29+00:00,path,,,1,12825700198
917658761,2,2022-04-01T23:13:26+00:00,path,,,1,9630430829
917658822,4,2024-03-04T22:16:36+00:00,track,,,1,11208795629
917941107,1,2021-03-16T17:35:52+00:00,path,,,1,8525524598
917941127,3,2022-01-03T04:17:12+00:00,path,,,1,8558729813
918013144,3,2024-09-18T17:11:39+00:00,path,,,1,12184504557
918394651,4,2021-03-19T04:31:48+00:00,path,,,1,8534875678
918402005,3,2021-03-17T19:22:19+00:00,path,Slaughter Creek Trail,,1,8529631075
919123897,3,2026-04-11T03:49:07+00:00,service,,,1,11666837813
919128286,19,2026-06-12T22:37:13+00:00,service,,,1,12438780377
919152431,2,2023-01-20T10:42:03+00:00,track,,,1,10570270938
919359021,3,2025-05-26T15:00:02+00:00,path,Boggy Creek Trail,,2,12864926589 8538668636
919359023,1,2021-03-19T20:31:54+00:00,path,Manassas Access,,1,8538668636
919359026,2,2025-05-26T15:00:02+00:00,path,Boggy Creek Trail,,1,12864926566
919359027,1,2021-03-19T20:31:54+00:00,path,,,1,8538668648
919359035,1,2021-03-19T20:31:54+00:00,path,,,1,8538668627
919359037,5,2026-01-31T16:36:06+00:00,path,Boggy Creek Trail,,1,13514711005
919359040,1,2021-03-19T20:31:54+00:00,path,,,1,8538668686
919406037,4,2025-08-18T23:22:50+00:00,track,,,1,13078895108
919591996,3,2025-07-09T05:18:10+00:00,path,,,1,8539526729
919592011,1,2021-03-19T23:43:51+00:00,path,,,1,8539526800
919592014,1,2021-03-19T23:43:51+00:00,path,,,1,8539532024
919592015,1,2021-03-19T23:43:51+00:00,path,,,1,8539532027
919592020,4,2025-09-11T22:10:18+00:00,path,,,4,8539532041 4164598433 8539532050 11948037596
919592021,2,2024-05-31T14:52:12+00:00,path,,,1,11948037597
919592023,2,2024-05-31T14:52:12+00:00,path,,,2,8539532067 11948037581
920597403,2,2024-10-16T21:06:43+00:00,path,,,1,12256298735
920600309,5,2025-02-13T15:42:43+00:00,footway,,,3,12585385857 12585385885 11764827117
921010641,3,2025-05-22T02:17:12+00:00,path,,,1,12854560402
921010652,2,2025-05-22T02:17:12+00:00,path,,,2,12854560338 12854560337
923280360,2,2026-02-03T14:31:10+00:00,service,,,1,13521954798
923917756,5,2024-06-30T16:33:36+00:00,path,,,1,12023049063
924578543,3,2021-07-20T00:57:55+00:00,path,Creek Side Trail,,1,8581022404
925610736,2,2025-08-25T16:12:06+00:00,path,Ashe Juniper Trail,,2,13096722069 8590159285
926406286,1,2021-04-05T22:44:58+00:00,path,Slaughter Creek Trail,,1,8596955258
926406289,1,2021-04-05T22:44:58+00:00,path,Slaughter Creek Trail,,1,467012759
926766038,4,2023-02-15T14:19:47+00:00,track,,,1,10607052184
926782237,5,2023-02-15T11:42:04+00:00,track,,,3,10661129031 10661129029 10611943245
926782238,2,2023-02-15T11:47:33+00:00,track,,,2,10661150939 10661150938
926782239,2,2023-02-15T11:47:33+00:00,track,,,1,10661150980
926782240,2,2023-02-15T11:47:33+00:00,track,,,2,10661150962 10661150961
926782241,2,2023-02-15T11:47:33+00:00,track,,,1,10661150960
926782263,3,2023-02-10T16:09:28+00:00,track,,,1,10614161011
926782267,2,2023-02-10T16:09:28+00:00,track,,,1,10642686342
926782269,2,2023-02-07T11:37:00+00:00,track,,,1,10614195773
926803628,3,2023-02-17T13:28:14+00:00,track,,,2,10673463003 10673463004
926803644,2,2023-02-17T13:28:14+00:00,track,,,1,10673462995
926803645,3,2023-02-17T13:28:14+00:00,track,,,2,10673462996 10673463005
926890663,3,2024-06-03T19:27:10+00:00,track,,,1,11954436815
926910247,3,2022-06-18T19:33:13+00:00,track,,,1,8600663275
926911909,4,2021-04-14T04:36:03+00:00,service,,,1,8600665452
926913631,1,2021-04-07T00:30:02+00:00,track,,,1,8600681260
926914701,2,2022-06-18T19:33:13+00:00,track,,,1,8600636509
926950132,2,2022-09-14T02:08:27+00:00,track,,,1,10023173557
926956610,2,2025-09-30T04:11:42+00:00,path,,,1,8600899572
926960791,1,2021-04-07T04:04:07+00:00,path,Railroad Trail,,1,8596945424
926977611,2,2021-04-14T04:36:03+00:00,service,,,1,8600681142
927375092,1,2021-04-07T22:57:44+00:00,path,,,1,8604262942
927897941,2,2022-04-18T00:40:48+00:00,path,,,1,8608038849
928177563,3,2021-06-28T18:57:52+00:00,service,,,1,8873119955
928177564,4,2021-06-28T18:57:52+00:00,service,,,1,8873119954
928188599,3,2021-04-15T05:15:33+00:00,footway,,,1,4416896350
928541958,2,2022-06-16T14:05:01+00:00,track,,,1,8612675498
928541959,2,2022-06-16T14:05:01+00:00,track,,,1,8612686032
928541961,2,2022-06-16T14:05:01+00:00,track,,,1,8612686051
928541964,2,2022-06-16T14:05:01+00:00,track,,,1,8612686079
928541965,3,2025-04-03T23:20:50+00:00,track,,,1,12727039526
928541967,3,2025-04-03T23:20:50+00:00,track,,,1,12727039527
928704207,1,2021-04-10T00:08:21+00:00,track,,,1,8554478330
928718805,2,2021-04-14T04:36:03+00:00,service,,,1,8627752790
929764989,4,2025-01-31T18:36:08+00:00,service,,,1,12547073565
929925578,7,2024-10-01T10:26:00+00:00,path,,,1,10915215307
930305886,3,2025-03-01T14:42:17+00:00,footway,Monarch Trail,,1,12628464029
930746951,3,2026-05-20T16:14:37+00:00,track,,,1,13853465750
931570897,2,2026-03-27T18:30:48+00:00,unclassified,,,1,13685292856
932386005,2,2023-01-20T10:09:42+00:00,service,,,1,10570216435
932388934,2,2023-01-16T05:18:46+00:00,residential,,,1,226979934
932602322,2,2023-07-16T13:03:31+00:00,track,,,1,11049371251
932977281,2,2025-06-07T13:42:00+00:00,service,,,1,12894984010
933089954,2,2025-07-17T15:46:07+00:00,service,,,1,13006885447
934445348,3,2024-02-09T21:42:02+00:00,track,,,1,11605722661
934449068,4,2026-02-12T18:29:53+00:00,track,,,24,13546925930 13546925979 13546926006 8660312780 13546926007 13546926008 13546926009 13546926010 13546926011 13338809864 13338809865 13338809866 13338809867 13338809868 13338809869 13338809870 13338809871 13338809872 13338809873 13338809874 13338809875 13338809876 13338809808 11605722663
934449070,2,2024-02-09T21:42:02+00:00,track,,,2,11605722623 11605722662
934783623,3,2025-05-05T21:16:28+00:00,path,,,2,8662907563 8662907590
939977229,2,2025-02-12T18:45:06+00:00,path,,,1,12582738862
940350451,2,2026-04-01T16:21:30+00:00,service,,,1,13699093492
940575582,7,2025-12-30T17:23:55+00:00,path,Firehouse,,1,8842885061
941900223,1,2021-05-11T17:10:56+00:00,track,,,1,8132700675
942736478,2,2021-05-13T23:41:34+00:00,service,,,1,8729932018
943130991,5,2026-03-20T19:56:29+00:00,service,,,1,13665581460
943187709,2,2021-05-15T10:10:47+00:00,track,,,2,8733484320 8733476308
944305553,1,2021-05-18T15:17:24+00:00,footway,,,1,8681473043
945665165,1,2021-05-22T04:10:47+00:00,service,,,1,8754617910
946770235,2,2021-12-30T21:30:55+00:00,track,,,1,8764045344
947066843,4,2025-03-20T18:29:22+00:00,service,,,1,12685354104
947218393,2,2025-02-02T15:29:07+00:00,service,Mallard Lane,,1,12551381377
947857571,5,2024-08-17T02:22:07+00:00,service,,,1,8773364817
949533995,3,2026-05-19T19:16:48+00:00,service,,,1,8790498870
950123269,3,2023-01-23T21:24:03+00:00,service,,,1,10577684103
950193348,2,2026-01-07T21:56:02+00:00,track,,,1,13438632250
950755401,2,2024-10-07T17:22:12+00:00,service,,,1,12232228163
952090251,3,2026-01-19T20:14:15+00:00,service,,,1,12271010641
952188727,1,2021-06-08T03:57:02+00:00,residential,West Hardin Street,,1,6959375626
952673217,2,2026-03-15T22:03:44+00:00,service,,,1,13650922410
953469594,2,2026-09-10T17:52:05+00:00,service,,,1,14170351893
953921457,1,2021-06-13T08:46:18+00:00,service,,,1,8829164746
953921459,1,2021-06-13T08:46:18+00:00,service,,,1,8829164747
954102109,1,2021-06-14T01:24:17+00:00,residential,Heyne Ranch Road,,7,8830640678 8830640677 8830640675 8830640676 8830640674 8830640673 8830640672
954102119,1,2021-06-14T01:24:17+00:00,service,,,1,8830640707
954102121,1,2021-06-14T01:24:17+00:00,service,,,1,8830640709
954102123,1,2021-06-14T01:24:17+00:00,service,,,1,8830640710
954102126,1,2021-06-14T01:24:17+00:00,service,,,1,8830640714
954102129,1,2021-06-14T01:24:17+00:00,service,,,1,8830640725
954102131,1,2021-06-14T01:24:17+00:00,service,,,1,8830640726
954102133,1,2021-06-14T01:24:17+00:00,service,,,1,8830640727
954374883,4,2026-06-10T00:51:56+00:00,service,,,1,12438805975
955436370,2,2024-08-31T18:59:10+00:00,path,,,1,8522867777
957588900,2,2025-03-20T18:29:22+00:00,track,,,1,12685354362
957588902,2,2025-03-20T18:29:22+00:00,track,,,1,12685354361
957588911,2,2021-08-06T20:24:09+00:00,track,,,1,8986642284
957665428,1,2021-06-23T21:23:36+00:00,footway,,,1,8861318596
957665432,1,2021-06-23T21:23:36+00:00,footway,,,1,8861318607
958538720,2,2021-06-28T18:57:52+00:00,service,,,1,8873119953
958538721,2,2021-06-28T18:57:52+00:00,service,,,1,8869056990
958538751,2,2021-06-28T18:57:52+00:00,service,,,5,8873119948 8873119947 8873119950 8873119949 8873119946
959627483,4,2026-03-23T22:03:47+00:00,footway,,,1,8878780848
959887208,2,2022-10-04T14:21:14+00:00,path,,,1,8881161570
961157897,1,2021-07-04T00:17:33+00:00,footway,,,1,8891291666
961204820,3,2024-10-07T15:31:26+00:00,footway,,,1,12232044419
961672680,2,2026-05-11T18:08:15+00:00,service,,,1,13818929687
961943841,1,2021-07-06T13:45:53+00:00,path,,,1,8898231440
961976763,3,2023-07-27T20:52:37+00:00,footway,,,1,8898522066
961976766,3,2022-10-05T20:33:36+00:00,footway,,,1,8898522066
961976785,3,2022-12-30T18:43:14+00:00,service,,,1,10295553285
961976786,3,2022-12-30T18:43:14+00:00,service,,,1,10295553286
961976787,3,2022-12-30T18:43:14+00:00,service,,,1,10295553287
961976788,3,2022-12-30T18:43:14+00:00,service,,,1,10295553288
961987336,1,2021-07-06T16:50:28+00:00,path,,,1,8898624634
964094505,2,2021-09-17T14:06:53+00:00,bridleway,Equestrian Trail,,1,8917776844
964094506,1,2021-07-13T23:17:58+00:00,bridleway,Equestrian Trail,,1,8917776894
964152916,2,2024-12-31T01:46:35+00:00,service,,,1,12464114817
965750330,2,2025-03-16T17:10:31+00:00,track,,,4,12670462626 8934158500 8934158502 8934158501
965764604,2,2021-07-20T00:00:45+00:00,residential,County Road 271,,1,8934284648
965785606,2,2023-01-04T23:08:00+00:00,service,,,1,10307607532
965785924,2,2023-01-04T23:48:44+00:00,service,,,1,10307663870
965786031,2,2023-01-04T23:48:44+00:00,service,,,1,10307663940
965786033,2,2024-06-17T19:44:29+00:00,residential,,,1,11988832344
965786069,2,2024-06-17T19:44:29+00:00,residential,,,1,11988832258
965786083,2,2024-06-17T19:44:29+00:00,service,,,1,11988832364
965786182,2,2024-06-17T19:44:29+00:00,residential,,,1,11988832339
965786241,2,2024-06-17T19:44:29+00:00,residential,,,1,11988832342
965786356,2,2024-06-17T19:44:29+00:00,residential,,,1,11988832333
965786370,2,2024-06-17T19:44:29+00:00,residential,,,1,11988832363
965786471,2,2024-06-17T19:44:29+00:00,residential,,,1,11988831892
965786551,2,2024-06-17T19:44:29+00:00,residential,,,1,11988832325
965786578,2,2024-06-17T19:24:42+00:00,residential,,,1,11988624524
965786654,2,2024-06-17T19:24:42+00:00,residential,,,1,11988624437
965786844,2,2024-06-17T19:24:42+00:00,residential,,,1,11988624454
965786877,2,2024-06-17T19:24:42+00:00,residential,Buzzard Crossing Road,,1,11988624432
965786929,2,2024-06-17T19:24:42+00:00,residential,,,1,11988624436
965786991,2,2024-06-17T19:24:42+00:00,residential,Paint Crossing Road,,1,11988624433
965787161,2,2024-06-17T19:24:42+00:00,residential,,,1,11988624425
967275782,3,2026-05-12T21:17:54+00:00,track,,,1,13822439327
967615612,2,2025-03-12T20:51:45+00:00,service,,,1,12657321800
967615614,2,2025-03-12T20:51:45+00:00,track,,,1,12657321799
968109691,2,2022-01-24T01:29:11+00:00,track,,,1,9443536815
968112730,4,2024-11-27T03:37:58+00:00,track,,,1,9380324455
968531070,3,2025-05-15T00:30:34+00:00,service,,,1,12838634851
968746333,5,2026-08-04T09:31:22+00:00,service,,,1,12426323779
969273519,2,2025-10-16T01:39:52+00:00,path,,,1,13235740802
970222422,3,2023-01-19T08:03:00+00:00,footway,,,1,9932681926
970516049,2,2025-03-06T16:28:28+00:00,service,,,1,12641123523
970729228,3,2023-02-20T02:23:30+00:00,footway,,,1,8984181352
970979380,2,2021-08-06T20:24:09+00:00,track,,,1,8986642286
971700576,1,2021-08-09T16:45:39+00:00,service,,,1,8993674541
972443116,2,2021-09-22T02:43:05+00:00,path,,,1,9000250700
972834549,3,2024-06-19T20:35:40+00:00,service,,,1,11992775771
973335358,3,2025-05-24T20:14:39+00:00,path,,,2,12861468649 12300513524
973806284,3,2023-04-10T00:39:11+00:00,footway,,,1,9012240092
974926391,1,2021-08-20T08:28:37+00:00,track,,,1,9022206905
974955377,3,2022-09-03T14:51:30+00:00,service,,,1,850439838
974962776,2,2025-04-27T14:47:37+00:00,service,,,1,12791738727
975268799,2,2023-04-13T20:30:31+00:00,path,,,1,9025147112
975276748,3,2023-05-26T01:47:30+00:00,path,,,3,9026089879 9026089882 9026089886
975283682,2,2023-05-26T01:47:30+00:00,track,,,1,9025282960
975369342,3,2025-09-09T17:58:07+00:00,track,,,1,9026075386
975369718,2,2025-09-09T17:58:07+00:00,path,,,1,13131463851
975369748,2,2025-09-09T17:58:07+00:00,footway,,,1,13131463849
976872760,3,2025-03-30T14:14:01+00:00,service,,,1,10570378850
977792289,2,2025-03-06T16:28:28+00:00,service,,,1,12641123990
978089313,2,2025-03-06T16:28:28+00:00,service,,,1,12641123989
978117260,3,2026-03-15T22:03:44+00:00,service,,,1,13650922424
978359050,1,2021-09-01T08:47:30+00:00,service,,,1,9052874839
981928637,1,2021-09-11T08:28:31+00:00,path,,,1,9081603110
987018424,1,2021-09-25T23:49:59+00:00,path,,,1,4160545507
987421048,2,2026-05-21T00:08:25+00:00,unclassified,,,1,13854710968
987787247,5,2021-12-17T04:44:26+00:00,service,Tank Trail,,1,9324932472
988385187,2,2025-01-12T01:13:45+00:00,service,,,3,12494070034 12494070031 12494070029
989777838,1,2021-10-05T03:43:44+00:00,track,,,1,8999455182
990227281,2,2025-01-31T18:36:08+00:00,residential,Clemson Lane,,1,12547073532
991608408,5,2025-06-07T19:02:31+00:00,track,,,4,9161775455 12895530217 12895493994 12895493971
993465173,3,2025-12-25T20:21:30+00:00,service,Spanish Oak Trail,,1,13406500484
993578040,2,2024-03-08T16:07:22+00:00,track,,,1,11704488410
993578041,2,2024-03-08T16:07:22+00:00,track,,,5,11704488418 11704488532 11704488461 11704488463 11704488462
993578042,2,2024-03-08T16:07:22+00:00,track,,,1,11704489126
993578049,2,2025-01-21T16:50:33+00:00,track,,,1,11704489124
993578070,2,2024-03-08T16:07:22+00:00,track,,,1,11704488575
995609405,2,2025-12-01T01:51:26+00:00,track,County Road 449,,1,13343684078
995952959,3,2022-09-23T14:25:06+00:00,cycleway,Latta Branch Greenbelt Trail,,1,7423879339
995959803,2,2021-11-29T04:19:01+00:00,service,,,1,9291888941
996732921,2,2021-10-26T22:35:27+00:00,path,The Dockery Trail,,1,9203470132
996732933,2,2021-10-26T22:35:27+00:00,path,Big Brown Creek Trail,,2,9203457321 9203470126
996759871,2,2025-10-14T21:05:23+00:00,unclassified,River Road,,1,9203688129
996765971,1,2021-10-27T04:53:49+00:00,residential,Gardner Ranch Road,,1,9203755901
997275730,2,2026-04-13T20:30:50+00:00,service,,,1,13728438473
997733282,3,2025-03-22T12:20:44+00:00,path,Dark Sky Trail,,1,12690785370
1002170320,2,2025-04-24T21:09:06+00:00,track,,,1,12784622830
1003868070,3,2026-02-20T11:07:04+00:00,service,,,1,13134392589
1004296631,3,2024-05-19T07:16:23+00:00,track,,,2,11917364667 11917310092
1006866955,1,2021-11-28T01:51:48+00:00,path,,,1,9289212463
1006866956,1,2021-11-28T01:51:48+00:00,path,,,1,9289212465
1006866957,1,2021-11-28T01:51:48+00:00,path,,,1,9289212467
1008692782,1,2021-12-02T17:53:42+00:00,unclassified,,,1,9306943049
1009385489,3,2022-01-10T02:08:21+00:00,service,,,1,9406395315
1009385492,4,2022-01-10T02:08:21+00:00,service,,,1,9406395319
1009385493,3,2022-01-10T02:08:21+00:00,service,,,1,9406395318
1009385495,3,2022-01-10T02:08:21+00:00,service,,,1,9406395317
1009385497,3,2022-01-10T02:08:21+00:00,service,,,1,9406395316
1009960966,3,2025-01-01T22:07:12+00:00,service,,,1,12467659421
1009960972,2,2025-01-01T22:07:12+00:00,service,,,1,12467659424
1009960973,3,2025-01-01T22:07:12+00:00,service,,,2,12467659416 12467659415
1009960976,2,2025-01-01T22:07:12+00:00,service,,,2,12467659422 12467659432
1009960977,2,2025-01-01T22:07:12+00:00,service,,,2,12467659417 12467659425
1009960978,2,2025-01-01T22:07:12+00:00,service,,,2,12467659423 12467659442
1009960979,2,2025-01-01T22:07:12+00:00,service,,,1,12467659441
1009960980,2,2025-01-01T22:07:12+00:00,service,,,1,12467659440
1009960981,2,2025-01-01T22:07:12+00:00,service,,,1,12467659439
1009960982,2,2025-01-01T22:07:12+00:00,service,,,1,12467659438
1009960983,2,2025-01-01T22:07:12+00:00,service,,,1,12467659437
1009960984,2,2025-01-01T22:07:12+00:00,service,,,1,12467659436
1009960985,2,2025-01-01T22:07:12+00:00,service,,,1,12467659435
1009960986,2,2025-01-01T22:07:12+00:00,service,,,1,12467659434
1009960987,2,2025-01-01T22:07:12+00:00,service,,,1,12467659433
1009960988,2,2025-01-01T22:07:12+00:00,service,,,1,12467659426
1009960989,2,2025-01-01T22:07:12+00:00,service,,,1,12467659427
1009960990,2,2025-01-01T22:07:12+00:00,service,,,1,12467659428
1009960991,2,2025-01-01T22:07:12+00:00,service,,,1,12467659429
1009960992,2,2025-01-01T22:07:12+00:00,service,,,2,12467659418 12467659430
1009960993,2,2025-01-01T22:07:12+00:00,service,,,2,12467659419 12467659431
1009960994,2,2025-01-01T22:07:12+00:00,service,,,1,12467659420
1010293942,4,2025-01-20T23:39:29+00:00,track,,,1,12519407375
1010704172,12,2026-03-09T13:29:18+00:00,unclassified,Tank Trail,,3,9324932961 9324932956 9325686256
1010720861,3,2022-01-22T04:44:29+00:00,service,Tank Trail,,1,9324932517
1010720895,4,2026-03-09T22:59:12+00:00,track,Tank Trail,,1,9324932823
1010720899,8,2026-03-06T18:40:51+00:00,unclassified,Tank Trail,,1,9393888727
1010720900,7,2026-03-06T18:40:51+00:00,unclassified,Tank Trail,,1,10983242179
1010720907,4,2026-03-04T17:23:20+00:00,unclassified,Tank Track,,3,9382869785 9030094866 9324933083
1010794820,1,2021-12-09T21:25:14+00:00,service,,,1,9325566791
1010807025,1,2021-12-09T22:18:00+00:00,track,,,1,9325685958
1011076116,4,2024-06-20T02:22:16+00:00,footway,,,1,11993088688
1011076118,5,2024-06-20T02:22:16+00:00,cycleway,,,1,11993088686
1011270567,4,2023-06-16T08:44:02+00:00,track,,,2,10980308724 10980308611
1011345029,4,2023-06-16T08:44:02+00:00,track,Old Jack Mountain Road,,1,10980308615
1011469132,2,2023-06-16T08:44:02+00:00,track,,,1,10980308612
1011507031,3,2026-03-06T18:40:51+00:00,unclassified,Tank Track,,1,9324791101
1011507049,2,2023-06-16T22:29:59+00:00,track,,,1,10981656454
1011547452,1,2021-12-12T23:09:29+00:00,path,,,1,9332994627
1011547453,2,2026-02-15T03:38:38+00:00,path,,,1,13565753074
1011903674,3,2023-06-17T21:00:54+00:00,track,,,1,10983118422
1011913338,1,2021-12-13T22:58:26+00:00,track,,,1,9332994634
1012867104,2,2023-06-16T08:44:02+00:00,service,Tank Trail,,1,10980308648
1012920959,4,2026-03-16T21:49:29+00:00,unclassified,Tank Trail,,1,9345084041
1012932717,3,2021-12-30T19:09:10+00:00,unclassified,Taylor Valley Road,,1,9379995445
1012933460,2,2021-12-30T18:17:37+00:00,path,,,1,9379995448
1012935341,2,2021-12-30T21:19:35+00:00,track,,,1,9380324454
1012943466,5,2026-03-19T19:31:17+00:00,track,,,5,9382968716 9345254530 9345254536 9345254552 9345254639
1012943468,2,2026-03-04T17:23:20+00:00,track,,,3,9345254638 9345254637 9345254624
1012947487,1,2021-12-17T04:44:26+00:00,service,Tank Trail,,1,9345287760
1012947488,1,2021-12-17T04:44:26+00:00,service,Tank Trail,,1,9345287799
1012947493,2,2022-01-22T10:37:36+00:00,service,Tank Trail,,1,9439202831
1012947496,3,2026-03-06T18:40:51+00:00,unclassified,Tank Trail,,1,9324791105
1012947503,2,2022-01-22T10:37:36+00:00,track,,,1,9439202840
1012949305,5,2026-03-19T19:31:17+00:00,track,Tank Trail,,2,10983171083 10983171061
1012949306,6,2026-03-25T18:57:58+00:00,track,Tank Trail,,2,10983171079 10983171080
1012949307,7,2026-03-19T19:31:17+00:00,unclassified,Tank Trail,,6,9325686150 9325686146 9325686107 9325686079 9325686048 9324787460
1014137253,3,2026-06-28T04:01:46+00:00,path,,,1,9356401887
1015097074,2,2022-01-19T09:09:13+00:00,track,,,1,9430395837
1016601937,3,2025-07-03T06:25:58+00:00,path,,,2,12968681521 12968681520
1016601938,5,2026-05-31T15:11:41+00:00,path,,,1,12184378591
1016681171,1,2021-12-29T21:26:05+00:00,track,,,1,9377395751
1016741121,2,2025-01-20T23:39:29+00:00,track,,,1,12519407376
1016741122,1,2021-12-30T00:55:39+00:00,track,,,1,9377871090
1016741124,1,2021-12-30T00:55:39+00:00,track,,,1,9377871137
1016763571,2,2021-12-30T04:58:12+00:00,tertiary,Old Georgetown Road,,1,9333567892
1016764503,1,2021-12-30T04:23:46+00:00,track,,,1,9378022576
1016764506,1,2021-12-30T04:23:46+00:00,track,,,1,9378022576
1016778066,2,2022-11-08T01:48:49+00:00,unclassified,Hubbard Road,,1,150290328
1016946361,2,2024-11-27T02:56:53+00:00,track,,,1,9379940281
1016952259,1,2021-12-30T18:17:37+00:00,track,,,1,149132002
1016962359,1,2021-12-30T19:09:10+00:00,track,,,4,9380082130 9380024905 9380024906 9380024907
1016962360,1,2021-12-30T19:09:10+00:00,track,,,1,9380024904
1016962361,1,2021-12-30T19:09:10+00:00,track,,,2,9380081771 9380081770
1016962363,1,2021-12-30T19:09:10+00:00,track,,,1,9380081870
1016962366,1,2021-12-30T19:09:10+00:00,track,,,1,9380081869
1016962369,2,2021-12-30T21:19:35+00:00,unclassified,Taylor Valley Road,,2,9379995445 9380324628
1016990679,3,2022-01-02T06:09:45+00:00,service,Tank Trail,,1,9380324276
1017006327,1,2021-12-30T22:58:09+00:00,service,Tank Trail,,1,9380324457
1017006329,1,2021-12-30T22:58:09+00:00,track,,,1,9380324453
1017247333,7,2026-03-19T19:31:17+00:00,unclassified,Tank Trail,,2,10983170907 9325686185
1017247335,3,2023-06-17T21:48:13+00:00,track,,,3,10983163026 9382824927 9382824857
1017247337,2,2022-01-01T00:12:27+00:00,track,,,3,9382869788 9382870165 9030174571
1017247350,4,2025-07-07T18:55:13+00:00,track,,,2,9382868921 11005768528
1017252968,3,2025-07-07T18:55:13+00:00,tertiary,Antelope Road,,1,9382869786
1017252970,1,2022-01-01T00:12:27+00:00,track,,,1,9382868699
1017252971,1,2022-01-01T00:12:27+00:00,track,,,1,9382824828
1017252972,3,2026-03-16T21:31:42+00:00,track,,,3,9333567806 9382868952 10983218565
1017252975,4,2026-03-17T22:53:52+00:00,track,,,1,10983241930
1017252978,6,2026-03-04T17:23:20+00:00,track,Tank Trail,,11,9382869644 9382869627 9382869612 9382869603 10983223829 10983223854 10983223764 10983223754 10983241979 9382869420 9382869225
1017252984,3,2026-03-17T22:53:52+00:00,service,Tank Trail,,1,9382869222
1017253010,3,2026-03-22T00:34:41+00:00,track,,,1,10983218616
1017253014,3,2025-07-07T18:55:13+00:00,track,,,2,10983218646 9382869810
1017253015,1,2022-01-01T00:12:27+00:00,track,,,1,9382869787
1017253019,1,2022-01-01T00:12:27+00:00,track,,,1,9382869833
1017253021,1,2022-01-01T00:12:27+00:00,track,,,1,9382869872
1017253027,2,2022-01-01T00:39:08+00:00,track,,,1,9382869989
1017253028,1,2022-01-01T00:12:27+00:00,track,,,1,9382869988
1017253031,1,2022-01-01T00:12:27+00:00,track,,,1,9382870084
1017253033,3,2022-01-01T00:39:08+00:00,service,Tank Trail,,2,9382870093 9382870106
1017253207,1,2022-01-01T00:18:38+00:00,track,,,1,9382872043
1017254648,4,2026-03-19T14:19:24+00:00,track,,,2,9382968436 9382968430
1017254649,1,2022-01-01T00:39:08+00:00,service,Tank Trail,,3,9382824306 9382824723 9382824746
1017259059,4,2026-03-15T02:27:30+00:00,unclassified,Tank Trail,,2,9382867712 10981697196
1017265153,3,2026-03-18T13:00:17+00:00,track,Tank Trail,,1,9382878003
1017265179,3,2026-03-19T14:32:22+00:00,track,,,1,9382968666
1017265184,2,2024-11-27T03:37:58+00:00,track,,,1,9382969139
1017265185,1,2022-01-01T03:17:39+00:00,track,,,1,9382969139
1017428622,2,2022-05-07T00:53:50+00:00,cycleway,,,1,9384425045
1017647061,2,2026-02-18T01:45:17+00:00,footway,,,1,1733356230
1017647062,2,2024-04-19T15:49:59+00:00,footway,,,2,1733356230 2189077607
1017860938,2,2025-01-24T20:49:12+00:00,unclassified,,,1,12530113095
1018533517,3,2023-07-01T21:13:25+00:00,path,1A,,3,9444335178 9444335179 9444335177
1019009566,2,2025-01-01T22:07:12+00:00,service,,,1,12467659407
1019009567,2,2025-01-01T22:07:12+00:00,service,,,1,12467659408
1019009568,2,2025-01-01T22:07:12+00:00,service,,,1,12467659409
1019009569,2,2025-01-01T22:07:12+00:00,service,,,1,12467659410
1019009570,2,2025-01-01T22:07:12+00:00,service,,,1,12467659411
1019009571,2,2025-01-01T22:07:12+00:00,service,,,1,12467659412
1019009572,2,2025-01-01T22:07:12+00:00,service,,,1,12467659413
1019009573,2,2025-01-01T22:07:12+00:00,service,,,1,12467659414
1019880028,2,2025-01-01T22:07:12+00:00,track,,,3,12467657099 12467657100 12467659401
1019880029,2,2025-01-01T22:07:12+00:00,track,,,1,12467659402
1019880030,2,2025-01-01T22:07:12+00:00,track,,,1,12467659403
1020725090,2,2025-01-09T21:01:59+00:00,footway,,,1,9414351609
1020725091,1,2022-01-13T03:12:14+00:00,footway,,,1,9414351549
1021172386,3,2025-08-19T00:04:58+00:00,path,No Walk In The Park,,1,13037926773
1022611945,2,2023-03-22T01:11:08+00:00,path,Strawhouse Trail,,2,10751959626 10751959610
1023118190,1,2022-01-21T04:55:46+00:00,track,,,1,9435558725
1023886459,1,2022-01-23T07:29:42+00:00,track,,,1,9441696025
1024125602,2,2024-12-18T03:06:28+00:00,path,,,1,9443731935
1024431804,2,2022-01-25T13:37:35+00:00,track,,,1,9447550715
1024485331,1,2022-01-25T08:59:11+00:00,track,,,1,9446892482
1024654792,1,2022-01-25T20:02:27+00:00,track,,,1,9448371710
1026239943,2,2024-08-05T16:58:13+00:00,footway,,,1,12093786461
1026250099,2,2026-04-13T15:39:38+00:00,track,,,1,13727891317
1026540861,1,2022-01-31T23:24:04+00:00,path,Monk's Vertigo Ridge,,1,9464602834
1026902142,1,2022-02-02T05:07:35+00:00,residential,,,1,7866444991
1027092776,3,2026-04-20T06:34:15+00:00,path,,,1,9469240913
1027482032,3,2025-03-15T23:57:53+00:00,residential,Acker Road,,1,9472387681
1029414768,4,2024-05-02T15:17:21+00:00,path,,,1,11874345464
1031865108,2,2026-02-27T16:33:36+00:00,service,,,1,13606045560
1032421612,3,2026-05-31T22:46:44+00:00,track,,,1,10570378914
1032595383,3,2025-03-24T19:23:10+00:00,residential,McClellan Road,,2,12697328797 12697328798
1033615141,3,2026-02-17T02:25:28+00:00,path,Williamson Creek Overlook Trail,,1,13571602908
1034837666,2,2026-02-04T00:13:54+00:00,track,,,1,13523080808
1034837667,2,2026-02-04T00:13:54+00:00,track,,,1,13523080807
1036520950,4,2025-03-23T16:10:04+00:00,track,,,2,12694635865 9549483475
1036552224,1,2022-03-02T14:54:33+00:00,track,,,2,9549751507 9549751508
1037853430,2,2023-09-02T04:38:03+00:00,service,,,3,1531872376 1531525581 1529979035
1038309027,1,2022-03-08T17:22:49+00:00,service,,,1,9563089743
1040403494,2,2023-09-02T04:38:03+00:00,service,,,2,1530345788 1529977507
1040403495,3,2023-09-02T04:38:03+00:00,service,,,6,11162295557 1531526592 11162295556 9579633796 1531847491 1528559120
1049218292,2,2025-02-20T15:25:44+00:00,service,,,1,12604064350
1051106456,2,2025-07-30T19:07:22+00:00,footway,,,1,9659186444
1051551272,2,2023-07-06T16:07:56+00:00,track,,,1,9663489946
1051670438,3,2025-06-05T17:01:05+00:00,track,,,2,12889160025 12889160026
1052697358,3,2026-03-30T22:22:23+00:00,residential,Rockwood Lane,,1,13694118142
1053137455,3,2025-01-04T14:32:44+00:00,unclassified,,,3,12459342115 12473615385 12473615403
1053137456,2,2025-01-04T14:32:44+00:00,unclassified,,,1,12473615401
1053137464,2,2026-04-17T17:24:49+00:00,track,,,1,13738209570
1053137465,3,2026-04-17T17:24:49+00:00,track,,,3,13738209569 13738209568 13738209567
1053137467,6,2026-04-17T17:24:49+00:00,track,,,1,13738209564
1053143247,3,2026-04-17T17:24:49+00:00,track,,,1,13738209717
1053143249,4,2026-05-20T19:35:40+00:00,track,,,1,13854181818
1053143252,4,2026-05-20T19:35:40+00:00,track,,,1,13854181825
1053143253,4,2026-05-20T19:35:40+00:00,track,,,1,13854181811
1054304553,8,2026-04-14T01:37:41+00:00,cycleway,French Creek Greenway,,1,13728757332
1054618163,3,2026-05-20T19:35:40+00:00,track,,,1,13854181808
1055220902,2,2025-09-26T12:21:30+00:00,path,Missing Link,,1,8572149531
1055220903,2,2022-04-30T00:47:54+00:00,path,,,1,8604234589
1055220905,1,2022-04-26T22:35:28+00:00,path,Slaughter Creek Trail 4,,1,6108501371
1055220912,1,2022-04-26T22:35:28+00:00,path,Slaughter Creek Trail Creek Crossing 2,,1,5819123363
1055220914,1,2022-04-26T22:35:28+00:00,path,Slaughter Creek Trail Creek Crossing 1,,1,8551087113
1055220916,1,2022-04-26T22:35:28+00:00,path,Strand Trail Creek Crossing,,1,5819088034
1055335861,1,2022-04-27T10:09:05+00:00,footway,,,1,9697299720
1056308501,1,2022-04-30T21:32:03+00:00,tertiary,War Admiral Street,,1,7130093114
1056308502,1,2022-04-30T21:32:03+00:00,tertiary,Pecan Street,,1,7130093111
1057991520,2,2024-12-19T20:19:40+00:00,track,,,1,12434295689
1057991548,1,2022-05-06T20:10:34+00:00,residential,,,1,6713295740
1059813014,2,2022-05-13T09:31:19+00:00,track,,,1,9737256532
1059817272,1,2022-05-13T09:31:19+00:00,track,,,1,9737256667
1060289974,8,2026-08-28T20:45:56+00:00,path,,,2,9741566473 9741566472
1060291718,5,2025-12-30T17:23:55+00:00,path,House Fire,,1,9741608992
1060463714,3,2025-02-22T15:46:47+00:00,track,,,1,12609922088
1061846388,2,2023-01-12T20:52:08+00:00,path,,,1,9755451269
1061846389,1,2022-05-19T19:01:51+00:00,footway,,,1,9755451274
1062154930,4,2026-08-14T14:55:50+00:00,path,,,1,11808149288
1062156853,3,2024-04-10T20:09:25+00:00,path,,,4,11808149272 11808149273 11808149305 11808149306
1062634836,2,2026-01-23T16:41:21+00:00,service,,,1,13479503038
1062648251,2,2024-05-04T18:19:42+00:00,track,,,1,11879510886
1062655746,4,2025-09-14T15:13:01+00:00,tertiary,County Road 424,CR 424,1,13142740501
1064905870,3,2026-04-14T17:48:01+00:00,tertiary,Railway Avenue Underpass,,1,13730613426
1064905871,3,2026-04-14T17:48:01+00:00,tertiary,Railway Avenue Underpass,,1,13730613427
1065131352,6,2026-09-21T16:43:23+00:00,track,,,1,9813553100
1065671808,1,2022-05-31T17:58:15+00:00,track,,,1,9786517636
1066699332,2,2024-06-04T14:53:09+00:00,track,North Trailor Avenue,,1,11955951257
1067148652,3,2024-12-18T18:09:01+00:00,residential,W Happy Trail,,1,1907837903
1067148653,2,2024-12-18T18:09:01+00:00,service,,,1,12431423073
1067148654,2,2024-12-18T18:09:01+00:00,service,,,1,12431423072
1067148655,2,2024-12-18T18:09:01+00:00,service,,,1,12431423074
1067148656,2,2024-12-18T18:09:01+00:00,service,,,1,12431423069
1067148658,2,2024-12-18T18:09:01+00:00,service,,,1,12431423071
1067148663,2,2024-12-18T18:09:01+00:00,service,,,1,12431423070
1067672433,2,2024-12-19T15:58:06+00:00,footway,,,1,12433847148
1068839461,1,2022-06-11T17:19:26+00:00,track,,,1,9811316464
1068839471,2,2026-09-21T16:43:23+00:00,track,,,1,9811316736
1068839473,2,2025-01-18T01:47:41+00:00,track,,,1,12511412458
1068839486,1,2022-06-11T17:19:26+00:00,track,,,1,9811317278
1068839489,1,2022-06-11T17:19:26+00:00,track,,,1,9811317391
1068839490,1,2022-06-11T17:19:26+00:00,track,,,2,9811317638 9811317406
1068861313,3,2024-01-07T00:24:40+00:00,path,,,2,11495792554 9811567371
1069818901,4,2023-06-15T15:35:56+00:00,path,,,1,9818960392
1069818903,2,2022-06-26T20:54:19+00:00,footway,,,1,9848870647
1069818904,3,2022-10-06T15:45:05+00:00,path,,,1,9818960389
1070038282,2,2022-06-17T03:44:33+00:00,service,,,1,9824062312
1070479846,1,2022-06-17T02:22:17+00:00,service,,,1,9824008756
1071071187,2,2023-07-10T03:14:00+00:00,track,,,1,11036562782
1071088105,1,2022-06-18T19:24:08+00:00,path,,,1,8534875652
1071635978,1,2022-06-20T14:30:24+00:00,track,,,1,9833683458
1073342676,2,2024-05-19T13:25:26+00:00,track,,,2,11917808206 11917808197
1073342678,5,2026-06-03T03:41:57+00:00,track,,,1,11917808208
1073887169,2,2026-03-19T14:06:19+00:00,service,,,1,222323919
1074078758,1,2022-06-28T03:18:20+00:00,footway,,,1,9852165214
1076164107,7,2025-06-02T06:16:22+00:00,secondary,,FM 554,2,12496208307 12496208306
1079511500,2,2025-10-14T22:00:00+00:00,track,,,1,13233660429
1079826292,2,2026-02-03T23:06:54+00:00,residential,,,1,13523014613
1079860824,2,2024-12-31T16:25:57+00:00,track,,,1,12465602519
1079860825,2,2024-12-31T16:25:57+00:00,track,,,3,150445446 150445456 12465579183
1080099286,2,2026-02-04T00:13:54+00:00,residential,Tularosa Road,,1,13523080867
1080099288,2,2026-02-04T00:13:54+00:00,residential,Tularosa Road,,1,13523080893
1080120016,3,2024-07-07T01:29:31+00:00,service,,,1,10030667987
1080344940,1,2022-07-21T18:18:56+00:00,service,,,1,8829164786
1082157709,2,2024-12-23T01:25:01+00:00,residential,,,1,12442665435
1082172196,2,2025-05-26T20:32:30+00:00,track,,,1,12865456923
1082175752,1,2022-07-28T20:44:59+00:00,track,,,1,2859920195
1083533065,2,2024-12-25T15:39:35+00:00,service,Private Road 331,,1,12451321729
1083533068,2,2024-12-25T15:39:35+00:00,service,Private Road 331,,1,12451321735
1083538869,3,2025-02-13T15:42:43+00:00,path,,,1,12585386009
1083538874,2,2025-02-13T15:42:43+00:00,path,,,1,12585386066
1084989278,1,2022-08-09T06:02:48+00:00,residential,County Road 5400,,1,7477484205
1085466292,2,2025-04-22T00:49:05+00:00,track,,,1,12773400310
1085466296,2,2025-04-22T00:49:05+00:00,track,,,1,12773400364
1085466298,2,2025-04-22T00:49:05+00:00,track,,,1,12773400347
1085466300,2,2025-04-22T00:49:05+00:00,track,,,1,12773400325
1085466302,2,2025-04-22T00:49:05+00:00,track,,,1,153121165
1085467251,2,2023-08-28T19:02:53+00:00,residential,,,1,11151482140
1085467254,2,2026-02-04T00:13:54+00:00,residential,,,1,13523080820
1085700180,1,2022-08-11T21:55:30+00:00,service,,,1,9948253910
1087035851,2,2023-05-11T15:38:24+00:00,path,,,1,10887055999
1087338232,1,2022-08-18T21:13:09+00:00,track,Pasture Road,,1,9348143002
1087338234,1,2022-08-18T21:13:09+00:00,service,Private Road 4221,,1,222427497
1087338235,1,2022-08-18T21:13:09+00:00,service,,,1,9348154343
1087440240,4,2025-01-24T22:47:20+00:00,path,McKittrick Canyon Trail,,9,10887133326 10887133327 10887133328 10887133329 10887133330 10887133331 10887133037 12530344236 12530299594
1087765892,4,2025-02-05T22:03:08+00:00,track,Old Brushy Creek Road,,1,12560128704
1089101948,1,2022-08-25T15:05:08+00:00,track,,,1,226774473
1089456944,1,2022-08-26T12:37:09+00:00,residential,,,1,8945388544
1089498699,4,2026-06-13T15:02:01+00:00,track,,,1,13935650456
1089604116,3,2025-02-04T18:23:29+00:00,track,,,1,9981673238
1089683643,2,2025-02-08T13:40:08+00:00,track,,,1,12568312790
1089683647,1,2022-08-27T14:36:06+00:00,track,,,1,9981673133
1089951451,2,2025-07-03T18:32:20+00:00,service,,,1,9984209502
1089951466,2,2022-09-03T14:51:30+00:00,service,,,1,9984209485
1089952000,2,2025-07-03T18:32:20+00:00,service,,,1,9984194285
1089953215,1,2022-08-28T22:31:02+00:00,service,,,1,9984199785
1089953216,1,2022-08-28T22:31:02+00:00,service,,,1,9984199754
1089956838,2,2022-11-11T15:51:16+00:00,service,,,1,9984260319
1089956846,1,2022-08-28T23:05:32+00:00,service,,,1,9984260398
1089956851,3,2025-04-23T16:02:45+00:00,service,,,3,9984260386 9984260385 9984260384
1089956857,1,2022-08-28T23:05:32+00:00,service,,,1,9984260402
1090212600,3,2025-07-11T14:05:15+00:00,service,,,1,12454425519
1090212602,3,2024-12-27T02:21:13+00:00,service,,,2,12454422336 12454425521
1090212603,2,2024-12-27T02:16:07+00:00,service,,,1,12454422338
1090212605,2,2025-07-11T14:05:15+00:00,service,,,1,9985956238
1090212606,2,2025-07-11T14:05:15+00:00,track,,,1,9985955829
1090212607,1,2022-08-29T12:37:25+00:00,service,,,1,9985955833
1090212608,2,2024-12-27T02:16:07+00:00,service,,,1,12454422335
1090212615,3,2022-11-11T15:51:16+00:00,service,,,1,9985955941
1090212616,2,2022-11-11T15:30:41+00:00,service,,,3,9985955994 9985955993 9985955992
1090212622,2,2024-12-27T02:16:07+00:00,service,,,1,12454422320
1090212625,3,2024-12-27T02:21:13+00:00,service,,,2,12454422340 12454425522
1090212626,2,2024-12-27T02:16:07+00:00,service,,,1,12454422339
1090212629,2,2024-12-27T02:16:07+00:00,service,,,1,12454422322
1090212643,1,2022-08-29T12:37:25+00:00,residential,,,2,228420144 228420173
1090212646,1,2022-08-29T12:37:25+00:00,service,,,1,9985956187
1090212648,2,2025-06-12T14:12:24+00:00,service,,,2,9985956234 9985956237
1090229580,1,2022-08-29T13:14:04+00:00,service,,,2,9986066175 9986066176
1090229581,2,2022-10-12T02:08:59+00:00,service,,,1,9986066179
1090229585,1,2022-08-29T13:14:04+00:00,residential,,,1,228434903
1090229589,2,2022-10-12T02:08:59+00:00,service,,,1,9986066226
1090229590,7,2025-12-22T10:49:43+00:00,service,,,1,9986066392
1090229594,1,2022-08-29T13:14:04+00:00,service,,,2,9986066281 9986066282
1090229599,3,2025-12-22T10:49:43+00:00,service,,,1,850433778
1090229602,3,2024-11-12T16:34:00+00:00,service,,,3,9986066347 9986066345 9986066346
1090229603,3,2025-06-15T14:23:53+00:00,service,,,1,9986066359
1090229611,1,2022-08-29T13:14:04+00:00,service,,,1,9986066388
1090229613,3,2025-07-09T21:01:26+00:00,unclassified,Loma Blanca Road,,1,10093789105
1090255270,2,2023-11-25T21:26:41+00:00,residential,,,1,11375990364
1090304452,2,2026-03-27T18:30:48+00:00,service,,,2,13685293054 13685293056
1090878982,2,2025-02-10T13:47:12+00:00,track,,,1,12574129341
1091093972,2,2022-09-08T17:28:50+00:00,track,,,1,10009619043
1091334277,1,2022-09-02T18:44:05+00:00,track,,,1,9435491590
1091392099,3,2024-06-22T17:14:54+00:00,track,,,1,12001087162
1091625995,3,2022-11-11T15:51:16+00:00,service,,,1,9997761294
1091626053,5,2026-04-12T14:22:14+00:00,service,,,1,9997761293
1091626055,1,2022-09-03T14:28:39+00:00,service,,,1,9997761303
1091626058,1,2022-09-03T14:28:39+00:00,service,,,1,9997761320
1091629479,1,2022-09-03T14:51:30+00:00,service,,,2,9997806513 9997806514
1091629480,2,2025-07-03T18:32:20+00:00,service,,,2,9997806534 9997806533
1091629481,2,2025-07-03T18:32:20+00:00,service,,,1,12974498347
1091629497,1,2022-09-03T14:51:30+00:00,service,,,1,9997806594
1091633227,2,2022-11-11T15:51:16+00:00,service,,,1,9997842535
1091650888,2,2025-02-10T13:47:12+00:00,track,,,1,12574197442
1091650889,2,2025-02-10T13:47:12+00:00,track,,,2,12574197309 12574197310
1092677660,3,2024-11-22T18:36:10+00:00,unclassified,Cannon Road,,1,12365675897
1092756502,2,2025-02-05T19:35:27+00:00,track,,,1,12559657015
1092931325,4,2024-09-01T22:17:20+00:00,footway,Steck Valley Greenbelt,,3,10009435271 12150575262 12150575214
1092953347,2,2025-05-26T19:54:25+00:00,footway,,,1,12865402940
1092958840,2,2024-05-17T13:09:16+00:00,footway,,,1,11913307452
1093013592,1,2022-09-08T23:33:31+00:00,unclassified,Nueces River Road,,1,226521531
1093013593,2,2026-02-04T00:13:54+00:00,unclassified,Nueces River Road,,1,13523080907
1093013862,2,2026-02-04T00:13:54+00:00,unclassified,Nueces River Road,,1,13523080915
1093096714,4,2022-09-09T12:08:39+00:00,track,,,4,10010976235 10011221306 152936437 10010959263
1093096717,4,2024-12-23T01:06:13+00:00,track,,,1,12442639091
1093115348,1,2022-09-09T10:44:55+00:00,track,,,1,152936383
1093887088,2,2026-08-20T18:26:55+00:00,track,,,1,14108108252
1095231917,1,2022-09-16T19:15:18+00:00,service,,,1,10030250665
1095248461,2,2024-11-10T23:15:35+00:00,service,,,1,10030353534
1095408568,2,2022-12-26T23:23:54+00:00,service,,,1,10031712047
1095408575,3,2024-12-09T02:18:10+00:00,service,,,1,852601098
1095408607,2,2025-06-24T01:46:13+00:00,service,,,1,10031735220
1095408633,2,2022-12-26T22:34:20+00:00,service,,,1,10031735353
1095408659,1,2022-09-17T14:38:32+00:00,service,,,1,10031735454
1095489523,4,2026-01-30T23:13:39+00:00,track,,,1,13513437234
1095736939,2,2024-06-09T23:30:15+00:00,track,,,1,11967928162
1095736964,2,2026-05-02T15:57:28+00:00,service,,,1,13787374176
1095740588,1,2022-09-18T21:35:41+00:00,service,,,1,10035085217
1096409822,6,2026-03-25T16:50:16+00:00,secondary,Ranch to Market Road 2523,RM 2523,1,13679528047
1096409823,6,2026-03-25T16:50:16+00:00,secondary,Ranch to Market Road 2523,RM 2523,1,13679528025
1097298204,2,2025-07-30T19:07:22+00:00,cycleway,Circle C Metro Park Hike & Bike Trail,,2,9418418722 6374829148
1097298210,4,2025-12-27T18:53:38+00:00,path,,,1,12182787812
1097298221,2,2025-07-09T15:56:01+00:00,path,,,1,3908790074
1097543408,2,2026-06-13T14:12:26+00:00,service,,,1,13935562741
1097543418,2,2024-12-11T19:10:04+00:00,track,,,3,12413323454 10049571860 12413323461
1097543421,2,2024-12-11T19:10:04+00:00,track,,,1,12413344651
1097543425,3,2024-12-11T19:10:04+00:00,track,,,2,12413323444 12413323452
1097543456,2,2025-02-05T22:03:08+00:00,track,,,1,12560129322
1097543457,2,2026-06-13T15:02:01+00:00,track,,,1,13935651150
1097587185,2,2024-12-11T19:10:04+00:00,service,,,1,12413323455
1098314752,1,2022-09-27T15:07:23+00:00,path,,,2,9294791462 9294791465
1098317577,2,2026-01-19T05:29:37+00:00,footway,,,1,10056503861
1098594157,2,2023-11-23T03:56:38+00:00,track,,,1,10058960802
1098594158,2,2023-11-23T03:56:38+00:00,track,,,1,10058960814
1098855115,2,2025-02-12T16:50:50+00:00,residential,Wolf Creek Lake Road,,1,12582493011
1098896939,2,2025-02-07T02:09:40+00:00,track,,,1,12564277237
1098918937,2,2025-02-12T16:50:50+00:00,track,,,1,12582493788
1099415417,4,2026-02-11T07:27:52+00:00,path,,,1,10065123422
1099415419,3,2026-01-17T11:48:39+00:00,path,,,1,10065176278
1099726866,2,2025-02-07T02:09:40+00:00,track,,,1,12564276990
1101268295,1,2022-10-05T16:53:35+00:00,track,,,1,9382869008
1101268297,1,2022-10-05T16:53:35+00:00,track,,,1,9382869044
1101532475,1,2022-10-06T17:13:54+00:00,track,,,1,10080371728
1102625356,2,2026-04-15T20:10:23+00:00,residential,,,1,13733350390
1103038781,1,2022-10-12T02:08:59+00:00,service,,,1,10093759523
1103038787,1,2022-10-12T02:08:59+00:00,service,,,1,10093759550
1103041308,3,2025-12-22T10:49:43+00:00,service,,,1,10093714686
1103361862,8,2025-10-21T16:28:30+00:00,cycleway,Culebra Creek Tributary Trail,,9,11718361590 11718361589 11718361585 11718361583 11718361584 11718361586 11718361587 11584646601 10096854987
1104463935,2,2025-03-30T14:00:01+00:00,service,,,1,12713778528
1104463936,2,2025-03-30T14:00:01+00:00,service,,,1,12713778530
1104463942,2,2025-03-30T14:00:01+00:00,service,,,1,12713778532
1104463944,2,2025-03-30T14:00:01+00:00,service,,,1,12713778584
1104463945,2,2025-03-30T14:00:01+00:00,service,,,1,12713778583
1104463946,2,2025-03-30T14:00:01+00:00,service,,,1,12713778545
1104822888,1,2022-10-17T22:57:47+00:00,path,,,1,10110228265
1104822889,1,2022-10-17T22:57:47+00:00,path,,,1,10110228276
1104822903,1,2022-10-17T22:57:47+00:00,path,,,1,10110228299
1104822904,1,2022-10-17T22:57:47+00:00,path,,,1,10110228298
1105026989,3,2025-05-28T15:26:52+00:00,footway,,,1,10111983619
1105398162,3,2026-04-01T16:21:30+00:00,service,,,2,13699061883 13699061882
1105398196,3,2026-04-01T16:21:30+00:00,service,,,1,13699093056
1105404815,2,2026-04-01T16:21:30+00:00,service,,,1,13699093057
1105404816,2,2026-04-01T16:21:30+00:00,service,,,1,13699093058
1105969568,1,2022-10-22T06:17:14+00:00,track,,,1,10120224859
1105985383,2,2026-01-26T21:12:18+00:00,track,,,1,13502579600
1107140779,2,2025-03-20T18:29:22+00:00,service,,,1,12685354105
1107400643,1,2022-10-27T14:45:08+00:00,residential,,,1,230327945
1107533935,3,2023-06-29T17:29:21+00:00,track,,,1,10307853123
1107879092,3,2026-01-19T12:31:37+00:00,track,,,1,12807353279
1107890270,2,2025-01-24T20:49:12+00:00,service,,,1,12530113098
1107892995,2,2025-01-24T20:49:12+00:00,service,,,1,12530146347
1108051514,2,2025-05-07T21:03:54+00:00,service,,,1,12818003619
1108051516,1,2022-10-29T21:50:27+00:00,track,,,1,10138585892
1108051531,2,2025-05-09T00:03:03+00:00,track,,,1,12821396038
1108051547,1,2022-10-29T21:50:27+00:00,track,,,1,10138585966
1108054262,16,2024-07-18T08:46:19+00:00,service,,,1,11887536915
1108351856,3,2026-02-27T16:41:14+00:00,service,,,2,13606058819 13606046094
1108383685,3,2026-02-20T20:10:24+00:00,service,,,1,13585596872
1110324550,1,2022-11-04T16:32:59+00:00,track,,,1,10157439113
1111235028,2,2025-03-13T02:15:45+00:00,service,,,1,12657759291
1111794294,2,2026-02-02T19:55:01+00:00,service,,,1,13520259130
1112298101,2,2024-12-27T02:16:07+00:00,service,,,2,12454422319 12454422318
1116697707,2,2022-11-30T02:44:34+00:00,path,,,1,10226847901
1116697708,5,2025-02-17T23:10:04+00:00,path,,,1,11365384393
1117972926,2,2022-11-29T06:09:48+00:00,footway,,,1,6903371920
1118235697,2,2025-01-23T23:57:05+00:00,path,,,1,12528012238
1118235704,1,2022-11-30T06:15:07+00:00,path,,,1,10227035059
1119279238,3,2026-04-09T01:13:12+00:00,footway,,,1,12277755194
1119729371,2,2025-08-31T02:24:47+00:00,path,Low Water Crossing #2 Boardwalk,,1,13109562307
1120605128,1,2022-12-09T16:35:20+00:00,track,,,1,10249260718
1120611367,1,2022-12-09T16:58:34+00:00,track,,,1,10249300596
1121238554,1,2022-12-12T14:45:19+00:00,service,,,1,10255734832
1122747865,4,2024-11-29T19:59:12+00:00,service,,,1,11229812640
1125955116,1,2022-12-31T00:01:21+00:00,service,,,1,10296097959
1131862029,4,2024-12-28T03:23:37+00:00,cycleway,Culebra Creek Tributary Trail,,5,10553755756 11586035502 1588545838 11584646607 1202641274
1131862030,3,2024-02-04T16:44:46+00:00,cycleway,Culebra Creek Tributary Trail,,1,1202641281
1131862031,3,2024-02-04T16:44:46+00:00,cycleway,Culebra Creek Tributary Trail,,1,1202641281
1132715327,1,2023-01-17T10:33:54+00:00,service,,,1,10301466427
1132715329,1,2023-01-17T10:33:54+00:00,residential,,,1,10301466251
1132715331,1,2023-01-17T10:33:54+00:00,residential,,,1,10301466219
1132929983,3,2025-07-18T14:50:31+00:00,service,,,1,10563050964
1132929988,1,2023-01-17T16:42:09+00:00,service,,,1,10563050965
1133017568,3,2026-03-25T16:35:17+00:00,residential,,,1,13679295374
1133017570,3,2026-03-25T16:50:16+00:00,residential,,,1,13679528003
1133563152,1,2023-01-19T20:35:29+00:00,service,,,1,10568670965
1133769967,1,2023-01-20T10:09:42+00:00,path,,,2,10570191628 10570191627
1133769980,1,2023-01-20T10:09:42+00:00,path,,,1,10570216431
1133869730,1,2023-01-20T17:58:50+00:00,residential,,,1,226406315
1133977169,1,2023-01-21T05:44:05+00:00,service,,,1,10572177874
1134106249,3,2025-02-01T14:56:15+00:00,service,,,1,12549152655
1134128248,2,2026-02-02T18:02:58+00:00,track,,,1,13520057911
1134658870,2,2023-01-24T22:49:33+00:00,track,,,1,10580310503
1134981892,1,2023-01-24T22:49:33+00:00,track,,,1,10580310338
1135285824,3,2024-10-11T18:40:08+00:00,path,,,1,12244728129
1135285827,4,2025-12-30T17:26:31+00:00,path,,,1,12244728130
1136052019,2,2026-08-30T21:29:11+00:00,service,,,1,14135869489
1136270402,3,2023-04-24T13:41:45+00:00,footway,,,1,10837173072
1136320064,1,2023-01-29T22:50:47+00:00,service,,,1,10593005324
1137323623,1,2023-02-02T17:53:30+00:00,track,,,1,10601861256
1137349068,2,2024-10-03T16:56:37+00:00,track,,,1,12219071684
1137685009,2,2025-09-14T15:56:29+00:00,track,,,1,13142800503
1137854192,1,2023-02-04T16:12:06+00:00,track,,,1,10606308930
1138173899,1,2023-02-06T01:00:49+00:00,residential,County Road 1136,,1,10609272280
1138173971,1,2023-02-06T01:02:14+00:00,service,,,1,10609260237
1138267422,2,2023-02-15T14:19:47+00:00,track,,,2,10610574453 10610574478
1138267423,1,2023-02-06T09:23:57+00:00,track,,,1,10610574461
1138293300,6,2025-03-19T13:10:52+00:00,track,,,3,12680814740 12680814739 10614214266
1138307632,2,2023-11-27T14:21:47+00:00,track,,,1,10611350578
1138523594,1,2023-02-06T23:13:50+00:00,track,,,1,10613019797
1138543516,4,2023-03-19T01:18:39+00:00,path,,,1,10613178083
1138543520,1,2023-02-07T01:16:31+00:00,path,,,1,10613178117
1138543528,3,2023-03-19T01:18:39+00:00,path,,,2,10613178255 10613178279
1138543529,3,2023-03-19T01:18:39+00:00,path,,,1,10613178292
1138675568,2,2023-02-20T15:08:39+00:00,service,,,1,10681075738
1140661777,2,2025-02-01T14:56:15+00:00,service,,,1,12549152656
1141738931,2,2023-02-09T20:37:49+00:00,track,,,1,10634585865
1141741005,1,2023-02-09T20:37:49+00:00,track,,,1,10634585874
1143090465,3,2023-02-14T11:02:58+00:00,track,,,1,10657464170
1143183086,6,2026-08-09T00:23:57+00:00,footway,,,1,10642760272
1145072449,3,2025-03-19T12:56:58+00:00,track,,,6,12680799050 10614214190 10657272695 12680787688 12680799051 10614195798
1145090619,1,2023-02-14T10:40:21+00:00,track,,,1,10642921503
1145090627,3,2023-09-27T08:27:31+00:00,track,,,1,10642924414
1145116226,3,2023-03-23T10:00:28+00:00,track,,,1,10657668629
1145124368,1,2023-02-14T12:35:05+00:00,track,,,1,10657668686
1145124373,3,2023-06-27T12:59:04+00:00,track,,,1,10699314383
1145142801,2,2023-03-28T07:57:01+00:00,track,,,1,10768031711
1145184391,3,2026-02-15T23:04:36+00:00,service,Area 10 - Creekside,,2,13568434102 13568434103
1145359284,2,2023-02-14T20:11:09+00:00,residential,Cooley Lane,,1,10659281300
1145359287,1,2023-02-14T19:48:43+00:00,service,,,1,10659282916
1145391130,2,2024-12-25T00:42:09+00:00,residential,,,1,12450351112
1145391131,2,2024-12-25T00:42:09+00:00,track,,,1,12450351104
1145685488,3,2023-04-11T12:25:05+00:00,track,,,2,10661802514 10661657492
1145685507,2,2023-02-15T13:58:40+00:00,track,,,1,10661802516
1145705164,2,2025-03-17T19:55:03+00:00,track,,,2,12674009792 10661802356
1145705167,1,2023-02-15T13:58:40+00:00,track,,,1,10661802297
1145705175,1,2023-02-15T13:58:40+00:00,track,,,1,10661802515
1145710797,1,2023-02-15T14:19:47+00:00,track,,,2,10662157854 10662245332
1145711267,1,2023-02-15T14:21:33+00:00,track,,,1,10662326490
1145939852,3,2023-02-22T10:00:30+00:00,track,,,2,10685385383 10673463002
1146012468,3,2023-07-17T08:12:16+00:00,track,,,2,10754800956 10754800957
1146043288,2,2023-02-22T10:00:30+00:00,track,,,1,10685385806
1146146310,13,2026-06-23T22:56:47+00:00,service,,,1,12456283985
1146146311,3,2026-06-23T22:56:47+00:00,service,,,1,13959506466
1146146315,6,2026-08-07T04:28:30+00:00,service,,,2,12545681316 12456283989
1146146330,3,2026-07-11T17:03:37+00:00,service,,,1,11308067931
1146146357,4,2026-07-10T05:10:46+00:00,service,,,1,13998783544
1147589611,4,2023-02-19T11:42:20+00:00,track,,,1,10678160416
1147593671,2,2023-02-19T11:42:20+00:00,track,,,4,10678160287 10678184154 10678184155 10678184170
1147593672,1,2023-02-19T11:23:46+00:00,track,,,1,10678160417
1147797627,3,2026-02-15T23:04:36+00:00,path,Whispering Pines Nature Trail,,5,13568381597 13568381600 13568381599 13568381598 13568434101
1147860803,2,2023-06-19T09:51:34+00:00,track,,,1,10989198846
1147957063,2,2025-03-19T12:56:58+00:00,track,,,3,12680799045 12680787656 10680985967
1147957068,3,2025-03-19T13:10:52+00:00,track,,,1,12680814738
1147957071,1,2023-02-20T14:37:05+00:00,track,,,1,10681007157
1147966444,3,2025-03-18T17:00:32+00:00,track,,,2,12677062474 12677062245
1148157769,2,2023-02-28T14:11:26+00:00,track,,,1,10682721069
1148183387,1,2023-02-21T10:40:14+00:00,track,,,2,10682967393 10682967392
1148218398,5,2025-03-19T13:19:14+00:00,track,,,1,12680799343
1148242988,2,2023-04-24T07:28:21+00:00,track,,,1,10683467770
1148488357,4,2026-04-21T14:20:43+00:00,track,County Road 290,,2,10657427309 10657427062
1148857307,7,2025-03-17T19:46:50+00:00,track,,,3,10741412142 10754804488 12674018784
1148869311,2,2023-02-23T15:51:09+00:00,track,,,1,10688672605
1148869314,2,2023-02-23T15:51:09+00:00,track,,,2,10688670760 10688672607
1148912189,1,2023-02-23T17:51:08+00:00,track,,,2,10688929480 10688929466
1149098441,3,2025-03-18T21:50:56+00:00,track,,,2,12677540526 12677540515
1149102935,3,2023-06-20T10:37:02+00:00,track,,,2,10991724623 10991814784
1149460304,1,2023-02-25T17:35:13+00:00,track,,,1,10693387890
1149460305,1,2023-02-25T17:35:13+00:00,track,,,1,10693387907
1149461947,4,2026-08-31T17:58:25+00:00,track,,,2,10695841598 10862009111
1149463174,3,2025-03-18T21:55:08+00:00,track,,,2,12677524766 10758592327
1149492947,3,2023-06-19T09:51:34+00:00,track,,,1,10989198842
1149758933,2,2025-03-17T19:46:50+00:00,track,,,1,12674018783
1149758941,2,2025-03-17T19:46:50+00:00,track,,,1,12674018791
1149762394,3,2024-01-31T19:13:13+00:00,track,,,1,10695855855
1149763339,3,2023-03-07T14:23:12+00:00,track,,,2,10718864998 10718864999
1149892304,2,2025-03-15T20:18:04+00:00,track,,,1,12668904463
1149931469,2,2023-07-03T10:36:39+00:00,track,,,1,10697474174
1150105584,3,2026-09-08T12:16:12+00:00,track,,,1,10698943651
1150124081,3,2023-06-19T14:18:38+00:00,track,,,2,10699155861 10699189498
1150128846,1,2023-02-28T10:41:44+00:00,track,,,6,10699199928 10699199929 10699199846 10699199930 10699199896 10699199897
1150128847,1,2023-02-28T10:41:44+00:00,track,,,1,10699199960
1150171248,1,2023-02-28T14:11:26+00:00,track,,,2,10699603960 10699603959
1150186994,4,2024-01-26T09:50:43+00:00,track,,,1,10699864488
1150186997,1,2023-02-28T15:21:34+00:00,track,,,2,10699739263 10699739309
1150249074,3,2025-07-25T14:59:14+00:00,path,,,2,10700298509 10700298508
1150693293,2,2023-03-14T10:47:39+00:00,track,,,1,10704283033
1150910757,1,2023-03-03T09:53:45+00:00,track,,,1,10706413516
1150958399,1,2023-03-03T13:24:44+00:00,track,,,1,10706779780
1150962490,2,2025-03-27T14:03:00+00:00,track,,,1,12704845685
1152368432,5,2024-03-15T10:59:53+00:00,track,,,1,10657427271
1152379373,3,2023-06-19T09:51:34+00:00,track,,,3,10989198822 10989198823 10989198685
1152427732,1,2023-03-07T14:23:12+00:00,track,,,2,10719139863 10719139862
1153578869,1,2023-03-11T19:24:14+00:00,residential,,,1,9025796945
1153995759,2,2023-06-19T09:51:34+00:00,track,,,1,10989198691
1154359583,2,2026-02-09T16:52:48+00:00,service,,,1,13537297110
1154414150,1,2023-03-15T04:30:13+00:00,track,Appleton Street,,1,9183957397
1154414156,1,2023-03-15T04:30:13+00:00,track,Gates Avenue,,1,9183956958
1154414160,2,2024-02-09T21:42:02+00:00,unclassified,Connelly Drive,,1,11605722671
1154414161,3,2025-11-28T16:43:45+00:00,unclassified,Connelly Drive,,1,13338809898
1154431602,2,2025-09-11T23:13:29+00:00,service,,,1,13137202723
1154703901,2,2023-06-20T10:37:02+00:00,track,,,1,10991814783
1154714708,3,2025-03-21T15:51:11+00:00,track,,,1,12688038204
1154790914,3,2024-02-05T11:55:28+00:00,track,,,1,11054740989
1154790915,2,2023-07-19T12:08:18+00:00,track,,,1,11054740990
1154795761,1,2023-03-16T16:30:20+00:00,track,,,1,10739616882
1155005158,2,2023-11-17T10:39:06+00:00,track,,,1,11357938503
1155145064,2,2023-03-18T12:58:22+00:00,unclassified,,,1,10742616427
1155224768,1,2023-03-18T13:30:26+00:00,track,,,1,10743296934
1155226988,1,2023-03-18T13:45:20+00:00,track,,,1,10743323997
1155251754,2,2023-03-18T15:48:23+00:00,track,,,3,10743504128 10743504182 10743504195
1155434781,3,2023-03-19T14:26:54+00:00,track,,,2,10745274953 10745274968
1155437888,1,2023-03-19T14:31:01+00:00,track,,,1,10745253437
1155437889,1,2023-03-19T14:31:01+00:00,track,,,1,10745253437
1155455964,1,2023-03-19T15:58:07+00:00,footway,,,1,10745477631
1155455966,1,2023-03-19T15:58:07+00:00,track,,,1,10745477657
1155674688,1,2023-03-20T02:12:05+00:00,service,,,1,10747046403
1156092771,2,2024-12-19T20:19:40+00:00,track,,,1,12434295690
1156243786,5,2025-09-13T18:29:40+00:00,path,,,3,13141273478 10760335039 5583228245
1156319410,2,2026-09-17T12:54:04+00:00,track,,,1,10753507419
1156335456,3,2026-09-17T21:28:27+00:00,track,,,1,10765552186
1156363600,2,2023-03-22T17:28:29+00:00,track,,,1,10753851718
1156364269,1,2023-03-22T17:28:29+00:00,track,,,1,10753857249
1156369906,1,2023-03-22T17:47:14+00:00,track,,,1,10753904121
1156369907,1,2023-03-22T17:47:14+00:00,track,,,2,10753904247 10753904256
1156390722,1,2023-03-22T18:24:46+00:00,track,,,1,10754029888
1156430554,3,2023-03-22T22:14:49+00:00,track,,,1,10754512633
1156430557,1,2023-03-22T19:46:20+00:00,track,,,1,10754347484
1156452678,1,2023-03-22T21:22:27+00:00,track,,,1,10754512762
1156464237,2,2023-06-04T19:51:22+00:00,track,,,1,10955674285
1156466377,2,2023-06-06T03:01:35+00:00,track,,,1,10958657805
1156466381,2,2023-06-06T03:01:35+00:00,track,,,2,10958657733 10958657765
1156466382,2,2023-06-06T03:01:35+00:00,track,,,2,10958657914 10958657843
1156466796,3,2023-06-06T02:17:31+00:00,track,,,1,10958630331
1156470401,3,2026-05-20T14:46:00+00:00,track,,,2,10955406487 10754659188
1156487851,1,2023-03-23T01:31:03+00:00,track,,,1,10754840575
1156487853,1,2023-03-23T01:31:03+00:00,track,,,1,10754816476
1156487855,1,2023-03-23T01:31:03+00:00,track,,,1,235800502
1156489248,1,2023-03-23T01:45:38+00:00,track,,,1,10754819161
1156490922,2,2023-06-04T18:34:14+00:00,track,,,1,10952168899
1157011370,2,2023-03-24T16:57:32+00:00,track,,,1,10759475580
1157071693,1,2023-03-24T21:58:52+00:00,track,,,1,10760138204
1157076066,2,2024-12-14T14:40:15+00:00,track,,,1,12422778825
1157092502,1,2023-03-25T01:41:07+00:00,path,,,1,10752675202
1157212710,2,2023-03-25T16:49:32+00:00,path,Limpia Creek Trail,,3,10761438684 10761438683 10761438682
1157212711,2,2023-03-25T16:49:32+00:00,path,Seep Trail,,1,10761500926
1157352989,1,2023-03-26T06:03:04+00:00,track,,,1,10763113107
1158039160,2,2024-01-05T14:58:38+00:00,footway,,,1,11491894468
1159260330,2,2026-05-19T19:16:48+00:00,service,,,1,13850390958
1159505069,2,2024-05-17T21:22:58+00:00,residential,Dungens Mill Road,,1,11914259550
1159773852,1,2023-04-04T22:53:44+00:00,path,,,1,10785538656
1159773854,2,2024-08-31T22:14:47+00:00,path,,,2,10785538656 10785538641
1159787162,2,2025-02-09T14:56:59+00:00,track,,,1,12571162991
1159787180,2,2025-02-09T14:56:59+00:00,track,,,1,12571162899
1159787242,2,2025-02-09T14:56:59+00:00,service,,,1,12571163063
1159804279,1,2023-04-05T02:57:38+00:00,path,,,1,10786065662
1159804280,1,2023-04-05T02:57:38+00:00,path,,,1,10786065667
1159826224,2,2025-07-08T19:17:57+00:00,track,,,1,10786461248
1159916805,2,2024-12-11T19:10:04+00:00,track,,,1,12413344667
1159916813,2,2024-12-11T19:10:04+00:00,track,,,1,12413344746
1159916818,2,2024-12-11T19:10:04+00:00,track,,,1,12413344666
1160244634,2,2025-07-10T01:47:35+00:00,track,,,1,12990949607
1160244635,2,2025-07-10T01:47:35+00:00,track,,,1,12990949611
1160593544,2,2025-12-24T18:03:09+00:00,footway,Painted Bunting Trail,,1,13401830860
1161331220,1,2023-04-11T12:22:09+00:00,track,,,1,10801601832
1163245813,4,2024-06-21T09:21:10+00:00,residential,,,2,10817746181 10817746163
1163245814,4,2024-06-21T09:21:21+00:00,residential,,,2,10817751801 10817746162
1163349350,2,2026-04-13T18:40:02+00:00,track,,,1,13728256813
1163369279,5,2026-05-22T17:35:01+00:00,track,,,1,8551630201
1163452680,1,2023-04-17T18:28:08+00:00,residential,Reed Road,,1,10557728341
1163844721,1,2023-04-19T09:59:25+00:00,track,,,1,10750466745
1164021982,3,2025-04-22T22:07:52+00:00,track,,,1,11362997826
1164021983,3,2025-04-22T22:07:52+00:00,track,,,1,11362997828
1164121953,1,2023-04-20T10:04:03+00:00,track,,,1,10826815887
1164121959,3,2025-03-23T15:14:00+00:00,track,,,2,12694299176 12694299177
1164155209,1,2023-04-20T12:19:53+00:00,track,,,1,10827065285
1164485432,2,2026-02-03T23:06:54+00:00,service,,,1,13523014927
1165423899,1,2023-04-25T15:26:56+00:00,track,,,1,10839969270
1165532853,2,2025-04-09T17:38:39+00:00,track,,,1,10841181814
1165533326,1,2023-04-26T03:47:27+00:00,track,,,1,10841185420
1165533327,3,2025-04-09T17:38:39+00:00,track,,,1,12741978308
1165533328,1,2023-04-26T03:47:27+00:00,track,,,1,10841185439
1165533746,2,2025-04-09T17:38:39+00:00,track,,,1,12741978306
1165549106,2,2023-04-26T04:07:31+00:00,track,,,1,10841257914
1165549108,2,2024-07-24T19:02:56+00:00,track,,,1,12072182636
1165552401,2,2024-03-28T21:21:45+00:00,track,Oxford Canyon Road,,1,11769827302
1165552408,2,2024-07-24T19:02:56+00:00,track,,,1,12072198075
1165552410,2,2024-07-24T19:02:56+00:00,track,,,1,12072198323
1165552421,1,2023-04-26T04:31:24+00:00,track,,,1,10841279955
1165552422,2,2024-07-24T10:33:20+00:00,track,,,2,12071385289 10841279952
1165552423,1,2023-04-26T04:31:24+00:00,track,,,1,10841279955
1165552424,2,2024-07-24T08:48:39+00:00,track,,,1,12071225831
1165553816,1,2023-04-26T04:46:27+00:00,track,,,1,10841296101
1165553817,2,2024-02-23T16:13:50+00:00,track,,,1,11657182941
1165937574,4,2025-05-04T18:30:54+00:00,path,,,1,12810080557
1165937575,4,2025-05-04T18:30:54+00:00,path,,,1,12810080560
1165937581,4,2025-05-04T18:30:54+00:00,path,,,1,12810080564
1165944638,2,2025-12-14T00:13:10+00:00,track,,,1,13375099650
1166215333,1,2023-04-27T19:31:23+00:00,track,,,1,9382824284
1166215334,1,2023-04-27T19:31:23+00:00,track,,,1,9380081951
1166215336,1,2023-04-27T19:31:23+00:00,path,Sugar Loaf Road,,1,9332994609
1166225739,4,2025-12-14T00:13:10+00:00,track,,,1,11657182942
1166227227,2,2025-12-14T00:13:10+00:00,track,,,1,13375099631
1166242479,2,2023-06-29T13:20:09+00:00,track,,,2,11013965219 11013965247
1166242480,3,2023-06-29T13:20:09+00:00,track,,,7,11013876843 11013876845 11013876844 11013876846 11013965389 11013965390 11013965218
1166242494,3,2023-06-29T13:20:09+00:00,track,,,1,11013965388
1167166702,2,2024-06-08T22:43:59+00:00,unclassified,,,1,11965251960
1167328627,1,2023-04-29T10:19:11+00:00,track,,,1,10855725254
1167400705,4,2026-05-28T15:43:22+00:00,footway,,,1,13362579512
1167464273,1,2023-04-30T02:43:14+00:00,service,,,1,10857193105
1168164909,4,2025-12-25T13:33:06+00:00,path,,,2,13300203062 13300203066
1168984793,1,2023-05-05T13:00:32+00:00,track,,,1,10870707223
1169025152,2,2026-04-17T14:22:26+00:00,track,,,2,13737625397 13737625396
1169025153,2,2026-04-17T14:22:26+00:00,track,,,1,13737625329
1169031048,2,2026-02-03T23:06:54+00:00,track,,,1,13523014637
1169715572,3,2023-05-14T02:43:39+00:00,footway,Hansen Trail,,1,10876329570
1172223007,2,2023-11-23T09:25:30+00:00,track,,,1,11370546023
1172306297,1,2023-05-12T23:43:28+00:00,path,,,1,10892312654
1172592081,3,2024-12-24T21:20:01+00:00,path,,,1,10894581427
1173009289,2,2024-12-05T14:28:11+00:00,footway,,,1,12397947902
1173352870,2,2023-06-19T14:39:53+00:00,track,,,1,10989680506
1174327104,1,2023-05-19T17:47:18+00:00,path,,,1,10911752426
1174466050,3,2023-05-20T03:08:50+00:00,service,,,1,10913375656
1174466054,3,2023-05-20T03:08:50+00:00,service,,,2,10913228356 10913114102
1174466055,2,2023-05-20T03:08:50+00:00,service,,,1,10913395486
1174471686,2,2023-05-20T03:08:50+00:00,service,,,1,10913375632
1174605162,1,2023-05-20T19:15:09+00:00,track,,,1,10914604971
1174878437,2,2023-05-21T22:08:53+00:00,cycleway,,,1,10916869804
1175229926,3,2026-02-08T01:21:27+00:00,track,,,1,13533308295
1175232451,2,2026-02-08T01:21:27+00:00,track,,,1,13533308308
1175709060,2,2025-02-25T20:42:27+00:00,footway,,,1,12619036690
1175775507,1,2023-05-24T21:58:14+00:00,track,,,1,1585583617
1175865758,2,2024-12-18T16:21:04+00:00,service,,,1,12431195345
1176087665,1,2023-05-26T01:47:30+00:00,path,Good Water Trail Loop,,1,10809260428
1177112405,1,2023-05-28T22:58:27+00:00,service,,,1,10935381766
1177112406,1,2023-05-28T22:58:27+00:00,service,,,1,10935381618
1177120301,3,2026-06-08T17:21:54+00:00,footway,Blue Trail,,1,12197483463
1177123458,2,2026-08-18T22:01:39+00:00,track,,,6,10935492323 10899414024 10935492342 14104213859 14104213873 14104213878
1177123460,2,2023-06-04T00:27:25+00:00,footway,Jones Tank Trail,,1,10935492348
1177123461,2,2023-06-04T00:27:25+00:00,footway,Madera Overlook Trail,,1,10935492396
1177123462,3,2023-06-04T00:27:25+00:00,footway,Madera Overlook Trail,,1,10945255188
1177126283,1,2023-05-29T02:26:56+00:00,service,,,1,10935507968
1177126293,3,2023-05-29T03:13:37+00:00,service,,,2,10935538476 10935538561
1177128501,2,2023-05-29T03:13:37+00:00,service,,,1,10935538754
1177128503,2,2023-05-29T03:13:37+00:00,service,,,1,10935555905
1177130230,1,2023-05-29T03:13:37+00:00,service,,,2,10935555765 10935555801
1177130240,1,2023-05-29T03:13:37+00:00,service,,,1,10935556086
1177423012,2,2023-06-10T04:11:30+00:00,track,,,1,10967203661
1177423018,3,2023-06-11T12:01:11+00:00,track,,,2,10967639393 10967639394
1177423019,3,2023-06-11T12:01:11+00:00,track,,,1,10967639396
1177423031,3,2023-06-11T12:01:11+00:00,track,,,1,10967639395
1177423032,4,2025-07-16T17:54:42+00:00,track,,,3,10943173667 10943173694 13004813717
1177423033,3,2023-06-11T12:01:11+00:00,track,,,2,10943173692 10943173691
1177423046,5,2023-06-11T12:01:11+00:00,track,,,1,10967203665
1177423048,3,2023-06-11T12:01:11+00:00,track,,,1,10967144196
1177428379,1,2023-05-30T02:28:51+00:00,track,,,1,10938680522
1177568880,3,2025-03-18T21:55:08+00:00,track,,,2,12677524764 12677524768
1177568884,2,2025-03-18T21:55:08+00:00,track,,,1,12677524767
1177621674,2,2023-06-09T11:22:15+00:00,track,,,1,10965267758
1177876979,2,2023-12-09T21:47:06+00:00,path,,,2,10942064238 10942064237
1177928742,3,2025-07-12T07:54:12+00:00,track,,,1,10942493810
1178091975,1,2023-06-01T12:40:41+00:00,tertiary,San Andres Drive,,1,8674652535
1178105243,1,2023-06-01T13:20:09+00:00,tertiary,East Golf Course Road,,1,8644948840
1178112467,1,2023-06-01T14:06:40+00:00,residential,North Edwards Street,,1,8613421967
1178112492,1,2023-06-01T14:07:31+00:00,residential,Barber Street,,1,8613421973
1178113450,1,2023-06-01T14:12:47+00:00,residential,East Magnolia Avenue,,1,4260006407
1178113742,1,2023-06-01T14:15:09+00:00,footway,,,1,8613450372
1178213635,3,2023-06-04T00:45:43+00:00,footway,Road Canyon Trail,,4,10945255493 10945255489 10945255454 10945255470
1178216957,2,2023-06-04T00:45:43+00:00,footway,Wolf Den Trail,,4,10945255382 10945255360 5732611071 10945224962
1178632792,1,2023-06-03T20:47:17+00:00,track,,,1,10949478906
1178693905,2,2025-01-24T15:31:50+00:00,service,Right Hand Loop Road,,3,10945255282 10945255264 10945255231
1178693907,1,2023-06-04T00:27:25+00:00,service,Madera Canyon Road,,2,5732608711 151242313
1178694843,3,2026-08-18T22:01:39+00:00,track,Right Hand Canyon Road,,9,5732583056 12529527239 5732583048 5732583046 5732583039 12529527261 14104213894 14104213897 151247005
1178717114,9,2024-06-24T06:35:17+00:00,path,,,3,11458798517 11475682383 10951135755
1178717115,7,2024-06-24T06:35:17+00:00,path,,,9,11475682318 11475682317 11475681420 11475682316 11475682315 11475682314 11475682313 11475682312 11475682311
1179587390,1,2023-06-04T20:07:14+00:00,service,,,2,10955702976 10955703050
1179603773,1,2023-06-04T21:15:15+00:00,service,,,1,10955921446
1179630623,6,2024-07-21T22:06:11+00:00,path,Quail Run,,5,11475682416 11475682415 11475682414 11475682413 11475682412
1179630630,5,2024-06-14T04:53:20+00:00,path,,,1,11475681550
1179630640,5,2025-01-23T15:19:59+00:00,path,Lost and Found,,1,11812572885
1179630641,8,2025-01-23T15:19:59+00:00,path,Goon's Loop,,4,12526610635 12526610607 12526610725 12526610210
1179630644,3,2023-12-09T21:47:06+00:00,path,Antler Run,,1,10942063750
1180345953,1,2023-06-07T23:36:48+00:00,service,,,1,10962586332
1180345955,1,2023-06-07T23:36:48+00:00,service,,,1,10962586293
1180365819,4,2023-06-09T05:09:57+00:00,service,,,1,10962888289
1180367921,2,2023-06-08T20:43:35+00:00,service,,,1,10962897540
1180370050,4,2026-04-18T13:25:44+00:00,service,,,1,13739986585
1180531077,1,2023-06-08T20:43:35+00:00,service,,,1,10964254966
1180531078,1,2023-06-08T20:43:35+00:00,service,,,3,10964255036 10964255105 10964255119
1180531083,3,2026-04-18T13:25:44+00:00,service,,,1,13739986621
1180852315,1,2023-06-10T02:59:47+00:00,service,,,1,10966892519
1181053224,2,2023-06-11T03:41:14+00:00,path,Main Tracksite Access Trail,,1,10968563582
1181057774,2,2025-03-01T14:42:17+00:00,path,Paluxy River Trail,,1,12628506373
1181446011,2,2026-09-15T20:23:33+00:00,service,,,1,14183781806
1181731798,2,2025-03-21T20:41:24+00:00,track,,,1,12688617927
1181909623,1,2023-06-14T02:22:20+00:00,track,,,1,10975657997
1181909628,1,2023-06-14T02:22:20+00:00,track,,,1,10975657973
1182146880,2,2023-06-15T04:21:56+00:00,service,,,1,10978115791
1182165241,1,2023-06-15T05:32:08+00:00,service,,,1,150450540
1182384954,3,2025-07-14T22:02:11+00:00,footway,East Trail,,2,13000073959 10979952833
1182384963,1,2023-06-16T03:08:15+00:00,service,,,1,10979952837
1183060340,2,2023-06-19T02:35:45+00:00,residential,Olsen Ranch Road,,1,10985399166
1183372252,2,2025-03-20T20:31:45+00:00,track,,,1,12685656834
1183372253,2,2025-03-20T20:31:45+00:00,track,,,1,12685656836
1183372261,2,2023-06-21T09:21:38+00:00,unclassified,,,1,10989248489
1183427081,1,2023-06-19T14:51:30+00:00,track,,,1,10989700417
1183444383,2,2023-06-27T10:18:25+00:00,track,,,1,10989819383
1183504424,2,2023-06-19T22:02:27+00:00,residential,Pine Mountain Road,,1,10990408036
1183635671,2,2023-07-04T08:25:13+00:00,track,,,1,11024949677
1183635672,2,2023-07-04T08:25:13+00:00,track,,,1,11024949678
1183648510,1,2023-06-20T10:37:02+00:00,track,,,2,10991814781 10991814782
1183695628,2,2025-03-27T13:39:50+00:00,track,,,1,12704789721
1183719895,1,2023-06-20T16:06:10+00:00,track,,,1,7424271237
1183719898,1,2023-06-20T16:06:10+00:00,residential,,,1,7424271086
1183719899,2,2025-12-25T14:26:42+00:00,track,,,2,7424271206 13404380888
1183719905,1,2023-06-20T16:06:10+00:00,track,,,1,7424271086
1183754079,1,2023-06-20T19:34:56+00:00,service,,,2,10992687314 10992687313
1183802382,2,2025-12-01T02:07:51+00:00,residential,,,1,13343717713
1183872847,2,2025-03-20T18:47:09+00:00,track,,,2,12685345764 12685345763
1183901622,1,2023-06-21T11:08:49+00:00,track,,,2,10994480038 10994480037
1184211455,3,2023-09-27T18:16:47+00:00,track,,,2,11219508512 11219508511
1184322562,1,2023-06-22T21:25:51+00:00,service,,,1,10998445438
1184725323,2,2026-02-16T17:16:38+00:00,track,,,1,13570424866
1184725324,2,2026-02-16T17:16:38+00:00,track,,,1,13570424865
1184967006,2,2025-03-18T21:55:08+00:00,track,,,1,12677524783
1184975038,4,2025-03-20T18:47:09+00:00,track,,,3,11059428407 12685380738 11622228566
1185256216,1,2023-06-27T10:18:25+00:00,track,,,1,11010066409
1185287201,2,2023-10-03T08:07:20+00:00,unclassified,,,2,10650634535 10650624057
1185627216,3,2024-06-18T16:24:31+00:00,service,Eschenburg Road,,1,11990486737
1185631767,2,2024-06-15T22:38:44+00:00,service,,,1,11984313923
1185631768,3,2024-06-18T16:24:31+00:00,service,,,2,11984313924 11990486738
1185631775,2,2024-06-18T16:24:31+00:00,service,,,1,11990486736
1185922867,1,2023-06-30T09:21:21+00:00,track,,,1,11015601426
1185929740,3,2023-07-10T09:02:52+00:00,track,,,2,11016234715 11016234718
1185984816,3,2025-03-19T16:14:54+00:00,track,,,3,11016000756 12681382294 11016234717
1186000003,2,2023-06-30T14:40:58+00:00,track,,,1,11016216261
1186013867,2,2023-08-14T08:59:23+00:00,track,,,4,11016234706 11016234707 11113792759 11016234705
1186055672,2,2025-03-20T16:39:44+00:00,track,,,3,12685127703 12685127707 12685127705
1186069120,2,2026-03-30T18:23:34+00:00,track,,,1,13692123756
1186069533,3,2025-03-27T14:55:35+00:00,track,,,1,12705012469
1186069541,1,2023-06-30T19:22:32+00:00,track,,,1,11016654665
1186363318,1,2023-07-02T04:17:27+00:00,service,,,1,11019050752
1186703743,3,2025-03-22T00:24:00+00:00,track,,,1,12688854631
1186707809,3,2024-04-15T09:14:02+00:00,track,,,1,11021817079
1186707810,3,2023-08-02T09:16:59+00:00,track,,,3,11021817080 11083053180 11083053181
1187175929,3,2025-06-24T17:36:59+00:00,service,,,4,12950064308 12616366882 12616366881 12616366880
1187248026,3,2024-05-07T10:49:30+00:00,track,,,1,11330979987
1187249131,2,2023-07-19T12:08:18+00:00,track,,,1,11054740991
1188130606,2,2025-03-23T15:14:00+00:00,track,,,2,12694299062 12694299061
1188149210,1,2023-07-07T18:03:13+00:00,track,,,1,4270412078
1188608787,2,2025-03-19T16:14:54+00:00,track,,,1,12681382282
1188721601,1,2023-07-10T19:44:32+00:00,service,,,1,11038000908
1189112296,3,2023-09-24T15:44:06+00:00,track,,,1,11204584540
1189182776,2,2025-03-13T23:00:36+00:00,track,,,2,12661073988 12661073953
1189191771,4,2025-03-13T23:00:36+00:00,track,,,1,12661073947
1189283365,2,2026-04-16T00:02:58+00:00,track,,,2,13733653268 13733653266
1189283366,2,2026-04-16T00:02:58+00:00,track,,,1,13733653267
1189840958,7,2025-06-02T06:16:40+00:00,tertiary,FM 170 West,FM 170,1,11049324693
1190356131,1,2023-07-18T10:16:29+00:00,track,,,1,11052593026
1190360821,3,2026-01-20T18:09:06+00:00,track,,,1,11052631358
1190555286,2,2024-01-29T11:15:54+00:00,track,,,2,11563840024 11563840023
1190610949,3,2024-02-05T11:55:28+00:00,track,,,1,11054928369
1191227141,2,2025-03-20T18:47:09+00:00,track,,,1,12685380741
1191306646,2,2025-03-23T16:10:04+00:00,track,,,1,12694635864
1192975077,2,2025-11-18T18:50:31+00:00,path,Barton Creek Greenbelt & Violet Crown Trail,,1,13314521982
1193943928,2,2025-03-18T21:55:08+00:00,track,,,1,12677524770
1194235335,2,2025-03-23T15:14:00+00:00,track,,,1,12694299167
1194239670,2,2025-03-23T15:14:00+00:00,track,,,2,12694299174 12694299175
1194289309,2,2025-03-19T15:51:55+00:00,track,,,1,12681344900
1194289310,2,2025-03-19T15:51:55+00:00,track,,,1,10669561238
1194335743,3,2025-06-28T10:32:38+00:00,track,,,8,11086106103 11086106198 11086106196 11086106197 11086106195 11086106194 11086106193 11086106317
1194335744,2,2025-06-28T10:32:38+00:00,track,,,5,11086106258 11086106259 11086106261 11086106260 11086106262
1194348384,1,2023-08-03T16:49:27+00:00,track,,,2,11086185581 11086185582
1194348385,2,2023-08-03T16:59:00+00:00,track,,,6,11086186128 11086185590 11086186132 11086186130 11086186131 11086186129
1194348386,1,2023-08-03T16:49:27+00:00,track,,,4,11086185680 11086185681 11086185682 11086185683
1194348387,1,2023-08-03T16:49:27+00:00,track,,,1,11086185708
1194369343,3,2024-12-18T18:09:01+00:00,residential,West Lozoya Street,,1,12431423043
1195137481,2,2025-01-23T23:57:05+00:00,service,,,1,12528012239
1198010512,2,2025-03-19T16:14:54+00:00,track,,,2,12681382291 12681382281
1198340407,1,2023-08-15T15:01:57+00:00,track,,,2,11116908124 11116911392
1200004610,1,2023-08-19T21:30:16+00:00,track,,,1,11128805097
1200004618,2,2023-11-25T21:09:49+00:00,residential,County Road 422,,1,11375973182
1200614582,1,2023-08-20T15:17:29+00:00,track,,,1,11132230310
1200712031,5,2026-05-14T21:08:45+00:00,path,Road Runner Loop Trail,,1,13829334267
1202673737,1,2023-08-28T02:15:00+00:00,cycleway,French Creek Greenway,,1,11149284371
1202673739,1,2023-08-28T02:15:00+00:00,cycleway,French Creek Greenway,,1,11149284374
1202990782,2,2024-03-17T20:10:44+00:00,service,,,2,151315044 11739599748
1205097040,4,2026-05-28T15:35:08+00:00,path,,,1,13571048677
1205097043,6,2026-05-28T15:37:40+00:00,path,,,2,13571048676 12044882907
1205097044,9,2026-06-28T11:41:23+00:00,path,,,1,11935496300
1205097048,7,2026-06-28T11:41:24+00:00,path,,,1,11935496301
1205097049,10,2026-06-28T11:41:25+00:00,path,,,1,11935496302
1206161369,2,2025-03-19T15:51:55+00:00,track,,,1,12681344898
1206695379,4,2026-06-23T13:29:57+00:00,track,,,2,12703892569 12703890757
1206808002,9,2025-03-23T15:14:00+00:00,track,,,2,12694299122 12674426039
1206892788,2,2025-03-27T02:00:32+00:00,track,,,1,12703892606
1206892797,2,2025-03-27T02:00:32+00:00,track,,,3,12703892604 12703892603 12703892601
1206935961,4,2025-03-27T02:00:32+00:00,track,,,2,12703890758 12703890765
1206935963,2,2025-03-27T02:00:32+00:00,track,,,1,12703890776
1206935964,5,2025-03-27T02:00:32+00:00,track,,,1,12703892580
1206935965,2,2025-03-27T02:00:32+00:00,track,,,1,12703890775
1206935966,2,2025-03-27T02:00:32+00:00,track,,,1,12703892587
1206935970,2,2025-03-27T02:00:32+00:00,track,,,1,12703892579
1206948025,2,2025-03-27T02:00:32+00:00,track,,,1,12703892578
1206948026,2,2025-03-27T02:00:32+00:00,track,,,1,12703892576
1206948027,2,2025-03-27T02:00:32+00:00,track,,,1,12703892577
1206948033,2,2025-03-27T02:00:32+00:00,track,,,1,12703890759
1206948038,4,2025-03-17T23:33:32+00:00,track,,,3,12674426192 12674426177 12674426225
1207111436,3,2023-12-05T14:13:45+00:00,track,,,1,11396109952
1207112187,2,2025-03-27T02:00:32+00:00,track,,,1,12703892598
1207192242,2,2023-10-10T16:08:18+00:00,track,,,2,11253243639 11253243638
1208299367,3,2025-03-24T04:26:54+00:00,service,,,1,12695790037
1208305138,2,2025-08-14T21:34:30+00:00,service,,,1,13071590300
1208316122,2,2025-03-24T04:26:54+00:00,service,,,1,12695790041
1208316123,2,2025-03-24T04:26:54+00:00,service,,,1,12695790039
1208820023,2,2025-03-19T13:19:14+00:00,track,,,1,12680862627
1209192644,1,2023-09-19T20:39:38+00:00,path,Canyon Creek Nature Trail,,1,11203505347
1209252114,3,2024-11-03T19:37:17+00:00,track,,,1,12310242237
1209361134,1,2023-09-20T12:10:43+00:00,track,,,1,4580410214
1209385578,2,2025-03-27T02:00:32+00:00,track,,,4,12703892596 12703892595 12703892594 12703892593
1209420441,3,2025-03-27T02:00:32+00:00,track,,,3,12703892575 12703890763 12703890764
1209427247,1,2023-09-20T14:21:59+00:00,track,,,1,11205343009
1209433540,3,2023-09-22T13:57:46+00:00,track,,,1,11210251666
1209465158,2,2025-03-27T02:00:32+00:00,track,,,2,12703892592 11205647250
1209703788,2,2023-09-21T10:53:57+00:00,track,,,1,11207447749
1209712901,2,2025-03-17T23:33:32+00:00,track,,,10,12674426054 12674426053 12674426050 11207447706 12674426041 12674426040 12674426038 12674426037 11207447727 12674426036
1209767618,2,2025-03-19T12:42:28+00:00,track,,,2,12680663210 12680663213
1209980867,2,2025-03-27T13:32:53+00:00,track,,,1,12704788182
1210048845,2,2025-03-17T23:33:32+00:00,track,,,1,12674426199
1210079883,2,2025-03-17T23:33:32+00:00,track,,,1,12674426057
1210079887,2,2025-03-17T23:33:32+00:00,track,,,2,12674426224 12674426219
1210079888,2,2025-03-17T23:33:32+00:00,track,,,1,11207447912
1210942553,2,2023-09-26T09:32:02+00:00,track,,,1,11219508515
1210942556,2,2023-09-26T09:32:02+00:00,track,,,1,11219508509
1211326569,1,2023-09-27T18:16:47+00:00,track,,,3,11223117936 11223127437 11223127438
1211493023,2,2025-11-25T16:58:40+00:00,service,,,1,13331196330
1211611145,3,2026-01-28T09:30:11+00:00,track,,,2,12684989871 12684989852
1212597131,1,2023-10-02T18:57:18+00:00,service,,,1,11234476972
1212698329,2,2025-03-21T21:19:22+00:00,track,,,2,12688685084 12688685086
1212698330,2,2025-03-21T21:19:22+00:00,track,,,1,12688685127
1212698331,2,2026-03-31T13:11:11+00:00,track,,,1,13695321204
1212704849,3,2026-01-19T09:47:35+00:00,track,,,1,12794469931
1213123283,1,2023-10-04T18:20:56+00:00,path,,,1,11239599201
1213454863,1,2023-10-05T23:55:10+00:00,cycleway,,,1,11242459631
1213474706,3,2025-05-15T18:20:09+00:00,cycleway,,,1,12840277603
1213570026,4,2025-03-23T15:14:00+00:00,track,,,2,12694299165 12694299166
1214222209,1,2023-10-09T00:41:30+00:00,footway,,,1,11250098385
1214499874,1,2023-10-10T10:00:25+00:00,track,,,3,11252573960 11252564431 11252564432
1214665716,1,2023-10-11T00:35:24+00:00,footway,Gillis District Park Trail,,1,6879824400
1214696624,1,2023-10-11T02:46:07+00:00,service,,,1,11254252915
1215171041,3,2024-05-05T15:11:50+00:00,track,,,1,11881452826
1215354309,3,2025-03-07T02:43:32+00:00,service,,,1,12642053132
1215692882,2,2026-04-16T14:59:46+00:00,residential,,,1,13734927279
1215735415,2,2026-08-12T18:50:37+00:00,service,,,1,14090397282
1216424295,2,2025-03-20T15:44:17+00:00,track,,,1,12685003643
1216427605,4,2024-09-02T14:04:51+00:00,track,,,3,11271264596 12151693611 11959203970
1216450756,2,2025-03-20T15:44:17+00:00,track,,,2,12685003606 12685003589
1216458263,3,2025-03-23T15:14:00+00:00,track,,,1,12694298976
1216893257,2,2026-04-01T19:36:20+00:00,path,Wilderness Trail / West Peak Overlook Trail,,1,13699555476
1216893266,2,2026-04-01T19:36:20+00:00,path,Bandera Creek Trail,,3,13699555483 4447023796 10085957240
1217222634,3,2025-05-22T16:26:41+00:00,service,,,1,11278543657
1217222673,3,2025-05-22T15:32:58+00:00,track,,,1,12855790163
1217326694,1,2023-10-21T12:28:30+00:00,service,,,1,11279446325
1217326695,1,2023-10-21T12:28:30+00:00,service,,,1,11279446315
1217326705,1,2023-10-21T12:28:30+00:00,service,,,1,11279446326
1217377244,2,2023-11-09T02:10:23+00:00,track,,,1,11335045200
1218096561,1,2023-10-24T19:09:40+00:00,service,,,1,11287004930
1218417319,1,2023-10-26T03:28:01+00:00,footway,Canyonlands Trail,,1,11290049194
1219105708,1,2023-10-29T00:03:16+00:00,track,,,1,11296483472
1219105713,1,2023-10-29T00:03:16+00:00,track,,,1,11296483502
1219460791,4,2025-05-22T15:32:58+00:00,track,,,1,12638783786
1220004328,3,2025-03-17T05:20:16+00:00,cycleway,,,1,12672260412
1223790976,1,2023-11-15T13:34:21+00:00,track,,,1,11351139231
1224036725,4,2026-01-30T15:02:55+00:00,path,Long Loop Trail,,2,11353622631 13512366268
1224036727,2,2025-01-26T18:03:14+00:00,path,Prairie Trail,,1,12534577840
1224036741,4,2025-07-04T02:36:34+00:00,path,Long Loop Trail,,1,11361268614
1224541928,2,2025-03-13T23:00:36+00:00,track,,,1,12661073916
1224700474,2,2023-11-19T05:35:32+00:00,path,Horseshoe Trail,,1,11361268578
1224700477,1,2023-11-17T07:49:36+00:00,path,Overlook Trail,,1,11357637676
1225397258,1,2023-11-20T10:03:52+00:00,track,,,1,11363906308
1225476149,2,2023-11-20T19:55:39+00:00,residential,Seco Road,,1,11364961330
1225504397,2,2026-02-23T16:14:26+00:00,residential,,,1,13593285637
1225555054,1,2023-11-21T01:14:07+00:00,service,,,1,11365384341
1225626942,2,2025-03-17T20:39:57+00:00,track,,,1,12674217808
1225657169,2,2025-03-17T20:39:57+00:00,track,,,1,12674217806
1225681683,1,2023-11-21T15:29:15+00:00,track,,,1,11366579660
1226052718,1,2023-11-23T02:14:49+00:00,residential,Lo Water Road,,1,11369886847
1226649079,1,2023-11-25T05:01:16+00:00,track,,,1,11374755560
1227708472,6,2025-01-23T15:19:59+00:00,path,Spotted Cow,,6,12526610238 12526610213 12526610212 12526610799 3733078439 11812572899
1228616518,2,2025-03-17T23:33:32+00:00,track,,,2,12674426015 12674426025
1228782445,3,2026-09-12T22:01:13+00:00,service,,,1,12197353480
1228814677,2,2025-03-23T15:14:00+00:00,track,,,2,12694299060 12694299059
1228819922,3,2025-03-23T15:14:00+00:00,track,,,3,12694299162 12694299163 12694299164
1228826651,2,2025-03-23T15:14:00+00:00,track,,,1,12694299173
1229712369,2,2025-03-21T15:51:11+00:00,track,,,1,12688026791
1229992956,4,2025-08-14T20:44:37+00:00,path,Schaeffer Shuffle,,2,13071527690 11406313426
1230503704,2,2026-01-31T15:50:14+00:00,path,,,1,13514587560
1230611684,2,2025-03-13T21:21:16+00:00,track,,,3,12660854457 12660854468 12660854459
1230611685,2,2025-03-13T21:21:16+00:00,track,,,1,12660854467
1230805963,4,2025-03-19T15:51:55+00:00,track,,,3,12681344891 12681344892 12681345011
1230810423,3,2025-03-19T15:51:55+00:00,track,,,2,12681344999 12681344894
1230810424,2,2025-03-23T15:14:00+00:00,track,,,1,12694299178
1230810427,2,2025-03-19T15:51:55+00:00,track,,,1,12681345013
1230810428,2,2025-03-19T15:51:55+00:00,track,,,1,12681345015
1230810430,2,2025-03-19T15:51:55+00:00,track,,,1,12681345018
1231286731,2,2024-04-22T21:00:46+00:00,track,,,1,11839208768
1231395071,3,2025-05-08T14:32:56+00:00,path,Coyote Crossing,,2,12819889495 11838339092
1232022512,1,2023-12-17T21:07:13+00:00,unclassified,County Road 102,,1,11427285637
1232628429,2,2025-03-21T15:51:11+00:00,track,,,1,12688038203
1232966125,2,2023-12-21T14:26:14+00:00,track,,,1,11438731953
1233008082,4,2025-02-25T22:26:59+00:00,path,,,1,12205186327
1233266320,3,2025-03-19T20:30:22+00:00,residential,,,1,12682203826
1233266324,3,2025-03-18T00:06:00+00:00,track,,,1,12674425664
1233931380,1,2023-12-25T01:02:43+00:00,track,Forest Service Rd 231,,1,7924571124
1234203734,5,2024-06-24T06:35:17+00:00,path,Ocotillo,,1,11464418796
1234203736,4,2024-01-01T04:59:35+00:00,path,,,1,11458798511
1234525850,6,2025-08-03T23:59:34+00:00,track,,,4,11467557983 11458798020 11458798021 11458798249
1235083463,1,2023-12-29T02:16:37+00:00,path,,,1,11464493122
1235411084,3,2024-12-14T15:01:48+00:00,track,,,1,12422815969
1235604598,1,2023-12-30T19:52:03+00:00,track,,,1,11470596709
1235650750,2,2024-01-11T05:25:29+00:00,tertiary,,,1,11471054882
1235650751,2,2024-12-15T01:33:27+00:00,tertiary,,,4,3559629328 12423619429 12423636516 12423619474
1235656013,2,2024-12-21T19:43:29+00:00,tertiary,Carretera Ojinaga - El Mulato,CHIH 257,2,12439493576 12439490571
1235763003,3,2024-06-24T06:35:17+00:00,path,Granola Bowl,,1,11475681937
1235997824,2,2024-06-14T03:06:50+00:00,path,,,1,11475682499
1237346617,2,2025-03-19T20:37:54+00:00,track,,,1,12682204161
1238121011,2,2024-01-08T19:46:20+00:00,path,,,1,11500786350
1238493045,1,2024-01-10T05:03:50+00:00,path,,,1,11475682319
1238493051,2,2025-01-23T15:19:59+00:00,track,Sotol Canyon Road,,1,12526610521
1238679116,2,2024-12-14T18:02:51+00:00,track,,,2,11506650651 11506622738
1238679117,1,2024-01-10T19:27:45+00:00,track,,,3,11506650649 11506650653 11506650652
1238679120,1,2024-01-10T19:27:45+00:00,track,,,1,11506650650
1238888483,2,2025-03-22T00:24:00+00:00,track,,,1,12688854630
1241012262,2,2025-01-31T18:14:03+00:00,service,,,1,12547017449
1241030659,3,2026-09-17T12:54:04+00:00,track,,,2,10614255455 12674425674
1241030663,2,2025-03-18T00:06:00+00:00,track,,,1,12674425667
1241484374,1,2024-01-20T22:59:06+00:00,service,,,1,11535144252
1241984720,2,2025-03-19T16:14:54+00:00,track,,,1,12681382638
1242458928,2,2025-03-18T00:06:00+00:00,track,,,1,12674450165
1242470011,2,2025-03-18T00:06:00+00:00,track,,,2,12674425665 12674425666
1243104116,11,2026-09-18T04:56:13+00:00,track,NW 20th Avenue,,1,12422176873
1243185227,2,2024-06-20T02:22:16+00:00,residential,Daisy Cutter Crossing,,1,11993088689
1243250590,2,2024-06-20T02:22:16+00:00,cycleway,,,1,11993088690
1243281473,2,2025-03-21T21:19:22+00:00,track,,,1,10614266713
1243281477,2,2026-01-19T10:20:36+00:00,track,,,1,13467818642
1243289869,2,2024-04-05T10:16:47+00:00,track,,,1,10680279728
1243310836,2,2024-05-15T15:07:20+00:00,path,,,1,11907317329
1243551234,4,2024-11-18T02:03:24+00:00,path,,,1,12349941224
1243939079,8,2026-02-12T01:36:48+00:00,path,,,1,13544990938
1244547112,2,2024-12-15T01:04:11+00:00,track,,,1,12423599128
1244547114,2,2024-12-15T01:04:11+00:00,track,,,2,12423599127 12423599133
1244547116,2,2024-12-15T01:04:11+00:00,track,,,1,12423599129
1245681697,4,2026-01-23T00:41:43+00:00,track,,,2,13181202338 13181202336
1245745502,2,2025-12-26T15:51:16+00:00,path,,,1,13408931239
1245885342,1,2024-02-03T18:06:01+00:00,track,,,1,11582353953
1245885343,3,2025-03-17T21:23:50+00:00,track,,,2,12674068542 12674068541
1245885344,3,2025-03-17T21:23:50+00:00,track,,,1,12674068540
1246125352,3,2025-04-24T21:09:06+00:00,service,,,2,12784622841 12784622840
1248301911,1,2024-02-09T20:33:14+00:00,track,,,2,11603555513 11603555697
1249567002,2,2026-04-01T17:32:46+00:00,track,,,1,13699207073
1250255842,1,2024-02-14T11:03:52+00:00,track,,,1,11622228669
1250813815,2,2026-08-29T18:49:47+00:00,track,,,2,14133713920 11627050102
1250818669,2,2025-03-18T21:55:08+00:00,track,,,1,12677524784
1251129044,8,2025-06-02T06:16:46+00:00,secondary,Ranch Road 1111,RM 1111,1,12431222852
1253799392,3,2025-03-27T14:55:35+00:00,track,,,3,12705054815 12694299123 12705012489
1253963620,2,2025-02-04T16:14:17+00:00,path,,,1,12556823452
1254442720,1,2024-02-24T23:13:24+00:00,footway,,,1,11660949641
1255279170,2,2024-03-09T17:15:31+00:00,track,,,3,11669295396 11669101734 11669295348
1256063103,2,2024-03-09T17:15:31+00:00,track,,,3,11676579391 11632329192 11676967137
1256135787,1,2024-02-29T18:09:02+00:00,track,,,1,11677579324
1256166942,3,2026-02-14T22:22:45+00:00,cycleway,Barton Creek Greenbelt & Violet Crown Trail,,2,13314521983 1991904729
1256166945,1,2024-02-29T19:42:05+00:00,cycleway,Barton Creek Greenbelt & Violet Crown Trail,,1,1991904934
1256166948,1,2024-02-29T19:42:05+00:00,path,Barton Creek Greenbelt Trail,,1,11678092299
1256891303,3,2025-01-31T22:55:56+00:00,cycleway,Koopa Troopa,,1,11684882133
1256994425,3,2026-04-17T13:48:12+00:00,service,,,1,12473614936
1256994459,3,2026-04-17T13:48:12+00:00,service,,,1,11685927396
1258944944,4,2025-07-24T05:01:46+00:00,track,,,1,13020215501
1259202521,1,2024-03-08T23:37:40+00:00,service,,,1,11705772492
1259213764,1,2024-03-09T01:01:19+00:00,track,,,2,11705916675 11705916676
1259473674,1,2024-03-09T18:14:55+00:00,residential,County Road 403,,1,233728079
1262898995,1,2024-03-15T11:26:00+00:00,track,,,1,11733811958
1263635438,3,2026-07-13T09:38:20+00:00,residential,Quail Boulevard,,1,11987162080
1263635658,3,2024-07-18T06:56:02+00:00,footway,,,1,11987162079
1264229789,2,2025-07-12T18:58:56+00:00,residential,Coltress Holow,,1,12996202795
1265516864,5,2024-09-24T17:29:06+00:00,footway,Swallet Loop trail,,1,12197483449
1265520656,5,2024-09-24T17:29:06+00:00,footway,Swallet Loop trail,,2,12197483450 11755517526
1265522790,7,2024-09-24T17:29:06+00:00,footway,Swallet Loop trail,,1,11755541821
1265805746,1,2024-03-24T13:26:53+00:00,footway,,,12,11758200455 1906134345 11758200453 11758200452 11758200454 11758200451 1906134376 11758200450 11758200446 11758200445 11758200444 11758200443
1266726843,2,2024-12-18T16:21:04+00:00,service,,,1,12431195341
1266726844,2,2024-12-18T16:21:04+00:00,service,,,1,12431195340
1267730836,4,2025-10-01T15:22:46+00:00,track,Indian Hot Spring Road,,4,11778155728 11778155774 13186225090 13186225089
1267730843,5,2025-06-12T03:01:44+00:00,residential,Green River Road,,1,11880357326
1267740592,2,2025-01-27T14:00:21+00:00,track,,,1,12536336060
1267860827,3,2026-02-09T21:00:18+00:00,track,Guest Ranch Road,,1,13538832210
1267860828,2,2026-02-09T21:00:18+00:00,track,,,1,13538832341
1268133287,2,2024-06-03T19:27:10+00:00,residential,Indian Hot Springs Road,,1,11954436557
1268169377,3,2026-01-16T16:23:03+00:00,track,,,2,13460730022 11954436812
1268558942,1,2024-04-03T04:45:19+00:00,residential,County Road 171,,1,11782140463
1268818956,1,2024-04-03T20:04:38+00:00,service,,,2,6713295389 11784550894
1268874203,1,2024-04-04T00:32:43+00:00,service,,,1,11785021123
1268880097,1,2024-04-04T01:10:28+00:00,residential,County Road 176,,1,11785033385
1268880102,2,2024-04-04T01:42:31+00:00,service,,,1,11785298694
1268885879,1,2024-04-04T01:42:31+00:00,service,,,1,11785298631
1268885885,1,2024-04-04T01:42:31+00:00,service,,,1,11785298994
1269230735,2,2026-05-19T20:17:18+00:00,track,,,1,13850517354
1270916768,2,2025-06-30T23:44:02+00:00,service,,,1,8899132717
1270916769,2,2025-06-30T23:44:02+00:00,service,,,1,12965425038
1271409801,2,2025-03-19T16:14:54+00:00,track,,,1,12681382283
1271676543,3,2025-02-11T22:06:43+00:00,track,,,4,12580333435 12580333436 12580333437 12580333438
1272050952,5,2025-05-13T04:29:47+00:00,path,,,1,11812259290
1272050953,4,2025-05-13T04:29:47+00:00,path,,,1,11812259290
1272140464,1,2024-04-13T03:55:43+00:00,path,,,4,11813134196 11813134195 11813134194 11813134193
1272376192,3,2026-03-23T13:28:35+00:00,service,,,2,13671784536 13671784535
1272376195,2,2026-03-23T13:28:35+00:00,service,,,1,13671784534
1272376238,2,2025-08-11T15:09:13+00:00,service,,,1,13063696928
1272378107,2,2026-03-23T13:28:35+00:00,service,,,1,13671784537
1272774738,2,2026-01-31T16:51:42+00:00,service,,,1,11818755236
1272924363,2,2024-04-22T00:44:28+00:00,footway,Clear Fork Trail,,1,11820460698
1272951359,1,2024-04-16T04:20:39+00:00,path,Santa Elena Canyon Trail,,1,11821068716
1273136060,1,2024-04-16T16:32:48+00:00,service,,,1,11822545448
1273452300,2,2024-05-05T15:11:50+00:00,cycleway,Roosevelt's Cutoff,,1,11881453119
1273857593,2,2024-04-18T16:11:34+00:00,footway,East Riverside Trail,,1,11828756552
1273864527,1,2024-04-18T16:11:34+00:00,footway,West Riverside Trail,,1,11828756546
1273864528,1,2024-04-18T16:11:34+00:00,footway,Pecan Trail,,2,11828756448 11828756447
1274743458,4,2026-07-11T21:20:23+00:00,path,Hackenburg Loop,,1,12819889479
1274743460,3,2025-05-08T14:32:56+00:00,path,Camping Day-Use Shortcut,,2,11836150434 12819889496
1274743465,5,2026-03-23T19:53:55+00:00,path,Wolf Mountain Loop,,2,2468393366 12819889754
1274844723,2,2025-03-20T15:36:56+00:00,track,,,1,12684989853
1274946514,3,2026-03-24T18:11:04+00:00,path,Juniper Ridge Trail,,1,12819889823
1274985628,1,2024-04-22T16:57:46+00:00,bridleway,Horse Trail - South,,2,8591739080 11836150681
1277838188,2,2025-05-08T20:58:17+00:00,footway,,,1,12821144581
1278071419,1,2024-04-29T07:50:45+00:00,track,,,1,11865598611
1278767696,2,2025-03-15T18:00:59+00:00,track,,,1,11871592745
1278779895,3,2024-05-29T00:32:05+00:00,path,,,1,11885155911
1279003348,1,2024-05-02T07:30:18+00:00,track,,,2,11873569735 11873569711
1279339383,2,2025-03-19T12:56:58+00:00,track,,,2,12680799049 12680799046
1279339401,3,2025-03-18T17:00:32+00:00,track,,,3,12677062247 12677062248 12677062246
1279339402,4,2025-03-28T13:03:43+00:00,track,,,6,12707548842 12707548840 12707548837 12707548838 12707548839 12677062475
1279350696,2,2026-09-17T21:28:27+00:00,track,,,3,10614287964 10765552185 10681007023
1279367921,1,2024-05-03T15:10:54+00:00,footway,,,1,11876713561
1279367922,1,2024-05-03T15:10:54+00:00,footway,,,1,11876713563
1279682307,1,2024-05-04T15:52:56+00:00,footway,Lost Pines Trail,,1,11879264801
1279802692,6,2026-06-24T16:40:00+00:00,footway,Gold Canyon Trail,,2,12675368068 12675368069
1279802714,1,2024-05-05T03:29:21+00:00,track,,,1,11880357609
1279926155,2,2024-05-05T15:37:52+00:00,cycleway,Pine Gulch Trail,,1,2210469634
1279932953,1,2024-05-05T15:37:52+00:00,cycleway,Winding Woodland Trail,,1,11881523028
1280295439,2,2025-03-14T17:29:21+00:00,path,,,1,12663158042
1280938059,4,2026-07-05T16:31:47+00:00,track,,,2,12585903229 12585902968
1282221493,2,2024-05-19T13:15:01+00:00,service,,,1,11917794080
1282221498,1,2024-05-12T17:39:59+00:00,track,,,1,11899038953
1282729488,1,2024-05-14T07:12:04+00:00,service,,,1,11903277320
1283271327,2,2026-05-10T23:26:07+00:00,track,,,1,13816316795
1283271328,2,2026-05-10T23:26:07+00:00,track,,,1,13816316796
1283821082,2,2025-03-26T15:49:14+00:00,track,,,3,11911417495 12702987014 11911417520
1284506959,2,2024-11-28T06:37:38+00:00,track,,,1,11916751182
1284509971,3,2024-11-28T06:37:38+00:00,track,,,2,12339558834 12339558780
1284519344,3,2024-11-28T06:37:38+00:00,track,,,1,12339558749
1284524163,3,2024-11-28T06:37:38+00:00,track,,,2,12339558835 12339558836
1284524976,3,2026-02-15T02:03:01+00:00,track,,,1,13565758465
1284529702,1,2024-05-19T00:15:15+00:00,service,,,1,11916915987
1284662513,1,2024-05-19T15:39:07+00:00,residential,,,1,11918022293
1284941928,1,2024-05-20T18:19:17+00:00,service,,,1,11920362941
1285177954,3,2026-04-04T18:03:17+00:00,service,,,1,13706328713
1285177955,3,2026-04-04T18:03:17+00:00,service,,,1,13706328711
1285374372,4,2025-12-22T18:58:17+00:00,path,W Malacoda,,2,13395771068 12197483480
1285374378,1,2024-05-21T23:26:15+00:00,footway,,,1,11923757049
1286384387,2,2024-09-24T17:29:06+00:00,footway,Lower Purgatory Creek Greenspace Trail,,1,12197483474
1286386199,2,2024-09-24T17:29:06+00:00,path,E Malacoda,,1,12197483473
1286518720,1,2024-05-25T09:12:04+00:00,path,,,1,11932630906
1286762708,1,2024-05-26T09:22:36+00:00,service,,,1,11934607254
1286881970,4,2025-08-09T21:17:28+00:00,path,,,1,12044882908
1286881975,2,2026-02-16T20:41:36+00:00,path,,,1,13571048678
1289392956,1,2024-06-04T15:48:03+00:00,service,,,1,11956099177
1289616419,2,2025-01-27T00:22:03+00:00,service,,,1,12535240603
1289635727,1,2024-06-05T12:04:29+00:00,service,,,1,11958322079
1290078789,1,2024-06-06T18:58:41+00:00,path,,,1,10945181209
1290540077,1,2024-06-08T22:43:59+00:00,service,,,1,11965251906
1290804714,2,2025-01-19T18:14:31+00:00,path,,,1,12515873589
1290982633,2,2025-05-16T14:23:01+00:00,service,,,2,11969365212 11969365211
1291049225,2,2024-12-23T01:42:18+00:00,path,,,1,12442658689
1291049265,2,2025-06-24T17:56:56+00:00,track,,,1,12950110921
1291049351,2,2024-12-23T01:42:18+00:00,track,,,1,12442658672
1291059724,3,2024-12-23T01:42:18+00:00,path,,,2,11970051237 12442658688
1291219183,2,2024-09-24T16:02:22+00:00,track,,,2,12197353018 12197353051
1291219194,2,2025-09-30T19:15:47+00:00,path,,,1,11971400498
1291219214,3,2024-12-22T17:42:04+00:00,track,,,1,12441963806
1291219228,3,2026-03-23T14:59:51+00:00,track,,,2,13671991045 13184672828
1291888302,1,2024-06-12T19:59:26+00:00,track,,,1,11976433601
1291888307,1,2024-06-12T19:59:26+00:00,track,,,1,11976434729
1291888310,2,2026-06-02T15:46:39+00:00,track,,,1,13904914530
1291888311,3,2026-06-02T15:54:57+00:00,track,,,1,13904998259
1291888317,3,2026-06-02T15:46:39+00:00,track,,,2,12104558563 13904914531
1291926089,2,2024-06-13T00:31:46+00:00,path,Tom Mays Trail,,1,10956344116
1291926091,1,2024-06-12T23:03:03+00:00,footway,Ron Coleman Trail,,1,11808349298
1291938654,2,2024-06-24T06:35:17+00:00,path,The Worm,,4,11471956368 2985112204 11472329982 11471956365
1292226536,2,2024-06-14T04:53:20+00:00,path,,,1,11467557922
1292226542,2,2024-06-24T06:35:17+00:00,path,Del Sol,,4,11475682382 11472329786 11475682381 11475682380
1292226545,2,2024-06-24T06:35:17+00:00,path,,,1,11475682416
1292274956,1,2024-06-14T04:53:20+00:00,path,,,1,11980098122
1292418087,3,2024-12-21T15:56:37+00:00,track,,,2,12438814817 12438831629
1292446772,1,2024-06-14T17:39:25+00:00,track,,,1,11981410467
1292900835,1,2024-06-16T18:06:30+00:00,service,,,1,11985881933
1292900838,3,2025-04-16T18:31:03+00:00,service,,,1,11985881826
1292962829,1,2024-06-17T00:58:25+00:00,unclassified,County Road 315,,1,152114471
1292962832,1,2024-06-17T00:58:25+00:00,unclassified,County Road 315,,1,152114471
1293026918,1,2024-06-17T09:17:53+00:00,service,,,1,11987170823
1294858405,2,2025-12-04T17:14:07+00:00,track,,,1,13353830657
1294865098,2,2025-12-04T17:14:07+00:00,track,,,1,13353830521
1295101137,2,2026-03-25T18:37:44+00:00,service,,,2,13679900219 13679900885
1295604183,1,2024-06-24T06:35:17+00:00,path,,,1,12005721785
1295604189,2,2024-12-14T15:01:48+00:00,path,,,1,3102355860
1295604194,1,2024-06-24T06:35:17+00:00,path,,,1,11475682498
1295604196,1,2024-06-24T06:35:17+00:00,path,,,1,12005722021
1295604199,1,2024-06-24T06:35:17+00:00,path,,,1,12005722029
1296690371,2,2024-12-22T17:42:04+00:00,path,,,1,12441963807
1296690394,2,2024-12-27T18:56:10+00:00,track,,,1,12456431444
1296690425,2,2024-08-11T16:44:11+00:00,track,,,1,12104558818
1296749845,2,2024-12-21T15:56:37+00:00,track,,,1,12438831650
1296749846,2,2024-12-21T15:56:37+00:00,track,,,2,12438831652 12438831651
1296749850,2,2024-12-21T15:56:37+00:00,path,,,1,12438831653
1296749852,2,2024-12-21T15:56:37+00:00,path,,,1,12438831670
1296749868,2,2024-12-23T19:23:09+00:00,path,,,3,12445006136 12445006137 12445006138
1296749876,3,2024-12-23T19:23:09+00:00,path,,,3,12445006132 12015955515 12438831644
1296749885,3,2024-12-23T19:23:09+00:00,track,,,2,12438831634 12445006133
1296749894,2,2024-12-23T01:50:10+00:00,track,,,1,12442660241
1296749895,2,2024-12-23T01:50:10+00:00,track,,,1,12442660223
1296749915,2,2024-12-21T15:56:37+00:00,track,,,3,12438831649 12438831648 12015956577
1296749936,2,2024-12-21T15:56:37+00:00,track,,,4,12438814822 12015954807 12438814819 12438814826
1296749940,2,2024-12-21T15:56:37+00:00,track,,,2,12438814809 12438814821
1297582882,2,2025-02-10T19:48:47+00:00,path,,,1,12575865213
1298205573,1,2024-07-01T21:15:49+00:00,track,,,1,12026874411
1298205578,1,2024-07-01T21:15:49+00:00,track,,,1,12026874538
1298536650,2,2025-03-17T21:08:23+00:00,track,,,2,12674247826 12674269591
1298627868,1,2024-07-02T18:55:06+00:00,path,,,1,12029762037
1298627869,1,2024-07-02T18:55:06+00:00,path,,,1,12029762036
1299226083,2,2025-03-23T15:14:00+00:00,track,,,2,12694299136 12694299137
1299817532,4,2025-03-06T14:39:04+00:00,path,Equestrian and Nature Trail,,1,12640931362
1300349585,3,2025-07-10T19:40:52+00:00,bridleway,,,1,12993117445
1300785304,1,2024-07-12T01:20:16+00:00,service,,,2,12048286842 12048286841
1300785308,2,2025-09-30T02:06:44+00:00,service,,,1,12048286870
1301161147,1,2024-07-13T19:41:04+00:00,footway,Nature Trail,,2,12051751428 12051751429
1301161165,1,2024-07-13T19:41:04+00:00,path,Aztec Caves Trail,,1,11142806788
1301587756,1,2024-07-15T17:29:14+00:00,service,,,1,12055669015
1301951270,1,2024-07-17T09:25:35+00:00,track,,,1,12058886690
1303465279,2,2025-01-23T22:27:00+00:00,track,,,1,12527855323
1303809275,1,2024-07-26T03:04:28+00:00,residential,J A Sharp Parkway,,1,12074514752
1304894111,2,2024-10-20T23:25:57+00:00,path,,,1,12272129832
1305049837,1,2024-08-01T13:05:58+00:00,service,,,1,12087214926
1305159204,6,2024-08-24T21:09:25+00:00,cycleway,The Woods,,2,12089814448 12089814449
1305159231,4,2024-08-04T10:31:24+00:00,cycleway,,,1,12091613537
1305165063,2,2024-08-24T21:09:25+00:00,cycleway,The Rock,,1,12134545909
1305338487,2,2024-08-22T14:36:25+00:00,path,,,1,12087466976
1305960299,2,2025-07-11T02:15:48+00:00,footway,,,1,12095369972
1307066402,1,2024-08-11T16:44:11+00:00,track,,,1,151288126
1307164492,6,2024-10-19T02:27:21+00:00,service,,,1,12265260239
1307492577,1,2024-08-13T13:45:21+00:00,footway,,,1,12108281803
1308360355,1,2024-08-17T02:22:07+00:00,service,,,1,8773336616
1310886878,1,2024-08-24T17:12:20+00:00,track,,,1,12134222227
1310886885,1,2024-08-24T17:12:20+00:00,track,,,1,12134222341
1310886888,1,2024-08-24T17:12:20+00:00,track,,,1,12134222408
1311075551,2,2024-08-30T04:08:36+00:00,path,,,1,8623629375
1312251015,2,2025-05-21T02:15:24+00:00,track,,,1,12852176020
1312352797,2,2025-04-02T18:03:55+00:00,footway,Maple Trail,,2,12147115932 12147115998
1312509057,1,2024-08-31T22:14:47+00:00,path,Powerline Hill Trail,,1,11819512846
1312509062,1,2024-08-31T22:14:47+00:00,path,,,1,11197919228
1312663022,1,2024-09-01T19:05:12+00:00,path,,,1,12150326882
1312693511,2,2024-11-26T04:18:25+00:00,path,,,1,12150604467
1315592002,2,2024-11-24T00:06:57+00:00,path,,,2,12177394885 12368805478
1315592004,1,2024-09-14T20:59:56+00:00,path,,,1,12177394928
1315651556,1,2024-09-15T08:10:11+00:00,path,Connecting Trail,,1,11151887239
1316154399,1,2024-09-17T13:17:31+00:00,path,Loop Trail,,1,2315949154
1317968382,3,2026-04-11T15:06:44+00:00,track,Weston Canyon Road,,3,12197711002 13723193965 13723193973
1319142703,3,2026-06-24T16:40:17+00:00,footway,Gold Canyon Trail,,1,12675368076
1319733585,5,2026-05-14T21:08:45+00:00,path,Rob Fleming Trail SCNT-HC,,1,13829334220
1319814375,2,2024-12-28T02:45:41+00:00,residential,,,1,12457810833
1320397241,4,2025-12-13T16:50:14+00:00,footway,Jacob's Well Trail (Lower Access),,1,12269956521
1321971756,2,2024-11-14T04:58:06+00:00,track,,,1,12338742825
1321971763,2,2024-11-14T04:58:06+00:00,track,,,1,12338742826
1322599720,2,2025-05-06T23:51:59+00:00,footway,,,2,12815686384 12238517769
1322599727,1,2024-10-09T14:39:42+00:00,footway,,,1,12236472584
1322599734,1,2024-10-09T14:39:42+00:00,footway,,,5,12238517731 12236472565 12238517734 12238517733 12238517732
1322929194,1,2024-10-10T15:21:16+00:00,footway,,,1,12241614457
1322929195,1,2024-10-10T15:21:16+00:00,footway,,,1,12241614484
1322932937,3,2026-04-26T15:32:33+00:00,path,Pott's Creek Loop,,2,12241632997 13764050209
1323025071,2,2026-02-02T19:23:52+00:00,service,,,1,13520211118
1323166678,3,2026-02-02T19:55:01+00:00,service,,,1,13520259127
1323166686,2,2026-02-02T19:55:01+00:00,service,,,1,13520259126
1323166766,2,2026-02-02T19:55:01+00:00,service,,,1,13520258689
1323718434,1,2024-10-13T22:29:03+00:00,unclassified,County Road 409,,1,12249196872
1323904512,1,2024-10-14T16:59:42+00:00,cycleway,,,1,12250883087
1323913730,2,2026-04-26T15:32:33+00:00,path,Turkey Creek Trail,,1,13764050775
1323913731,3,2026-04-26T15:32:33+00:00,track,,,1,13764050960
1323935217,2,2025-07-18T08:44:27+00:00,path,Old Violet Crown Trail,,1,6332093940
1323968551,1,2024-10-14T22:45:57+00:00,footway,,,1,12251458168
1324253183,2,2026-01-18T17:52:06+00:00,track,,,5,12254110867 12254110878 12254110892 12254115201 12254110900
1324485498,1,2024-10-16T21:00:22+00:00,path,,,1,12256292787
1326270106,1,2024-10-20T14:46:04+00:00,service,,,1,12271179154
1327172621,1,2024-10-22T07:19:09+00:00,track,,,1,12278116538
1327431694,2,2025-07-02T04:41:40+00:00,cycleway,Violet Crown Trail,,1,11073662056
1327927747,1,2024-10-24T18:28:40+00:00,track,,,1,12285973718
1328810191,2,2025-07-01T14:18:32+00:00,track,,,1,12293999914
1329514302,2,2025-05-25T14:38:46+00:00,footway,Mesquite Trail,,2,12300555163 12862715313
1329971709,1,2024-11-01T19:08:22+00:00,track,,,1,12305060493
1330225425,2,2025-04-09T17:38:39+00:00,track,,,1,12741978309
1330729869,1,2024-11-04T19:05:04+00:00,track,,,1,224370429
1331423334,1,2024-11-06T16:56:36+00:00,track,,,1,12319039132
1331423336,1,2024-11-06T16:56:36+00:00,track,,,1,12319039246
1331432429,1,2024-11-06T17:36:28+00:00,track,,,1,12319133067
1331730664,1,2024-11-07T22:48:09+00:00,footway,,,1,12321536692
1332488109,1,2024-11-09T20:56:56+00:00,path,,,1,7709030565
1332508778,1,2024-11-09T23:02:01+00:00,track,,,1,12327661213
1332722611,3,2025-07-03T18:32:20+00:00,service,,,1,10030330090
1332907139,1,2024-11-11T16:28:21+00:00,footway,,,1,12331261854
1332907140,1,2024-11-11T16:28:21+00:00,path,,,1,12331261803
1333060926,2,2025-10-21T02:14:34+00:00,track,,,1,13247062204
1333255581,3,2025-07-09T20:25:13+00:00,service,,,1,9986066394
1333757823,2,2024-12-30T20:53:48+00:00,track,,,1,12339622300
1333757826,1,2024-11-14T16:02:02+00:00,track,,,1,12339638327
1333757827,2,2024-12-30T20:53:48+00:00,track,,,1,12339638259
1333757831,1,2024-11-14T16:02:02+00:00,track,,,1,12339638274
1333765054,1,2024-11-14T16:30:04+00:00,track,,,1,12339704443
1335785037,1,2024-11-19T21:42:42+00:00,residential,,,1,12356679467
1337279550,1,2024-11-24T00:06:57+00:00,path,,,1,12368834130
1337495675,2,2025-07-03T18:32:20+00:00,service,,,1,10030330089
1337495676,2,2025-07-03T18:32:20+00:00,service,,,1,12974498321
1337598156,3,2025-11-10T22:38:58+00:00,track,,,1,13295521762
1337598160,2,2025-11-10T22:38:58+00:00,track,,,2,13295521796 13295521795
1337603920,1,2024-11-25T00:45:14+00:00,service,,,1,228405848
1337615954,1,2024-11-25T01:58:02+00:00,footway,,,1,12372746333
1337757672,1,2024-11-25T16:56:37+00:00,track,,,1,12374087952
1337757679,2,2025-11-10T22:38:58+00:00,track,,,1,13295521797
1338508895,5,2026-02-01T14:59:59+00:00,path,,,1,13516787347
1338776242,2,2025-02-28T15:52:48+00:00,residential,,,1,12383766807
1338776243,1,2024-11-29T05:40:29+00:00,residential,,,2,12383766806 12383766807
1338991585,2,2025-02-05T12:45:05+00:00,residential,Antelope Hills Road,,1,12558833431
1339692816,2,2025-08-31T02:24:47+00:00,path,West Trail,,1,13109562306
1339948526,2,2024-12-27T18:56:10+00:00,service,Caldwell Ranch Road,,1,12456431360
1340340567,2,2026-07-28T15:45:01+00:00,residential,Cedar Creek Road,,1,14056550358
1341808463,2,2025-07-19T22:56:05+00:00,track,,,1,12412679802
1341919296,1,2024-12-11T19:57:12+00:00,track,,,1,12413509907
1341919308,1,2024-12-11T19:57:12+00:00,track,,,1,12413510286
1342096150,1,2024-12-12T12:31:03+00:00,path,,,1,12415877283
1342114831,1,2024-12-12T14:09:24+00:00,service,,,1,12416025385
1342774676,4,2026-07-24T19:35:33+00:00,unclassified,,,1,12423612215
1343098429,2,2026-06-23T10:36:45+00:00,service,,,1,13959647866
1343185683,1,2024-12-17T22:33:17+00:00,track,,,1,12427717675
1343472775,1,2024-12-18T13:20:27+00:00,track,,,1,12430756475
1343472782,1,2024-12-18T13:20:27+00:00,track,,,1,12430756496
1343861094,1,2024-12-19T19:40:11+00:00,residential,,,1,12434262833
1344432443,2,2024-12-25T20:41:01+00:00,track,,,1,12437686567
1344432446,1,2024-12-20T21:43:47+00:00,service,,,1,12437686578
1344807469,2,2026-03-25T01:00:16+00:00,service,,,2,12441645592 13676582160
1344925044,1,2024-12-23T02:24:40+00:00,track,,,1,12442789857
1345230222,1,2024-12-23T20:16:02+00:00,residential,,,1,12445319363
1346018625,1,2024-12-24T16:13:17+00:00,track,,,1,12449738278
1346018626,1,2024-12-24T16:13:17+00:00,track,,,1,12449750513
1346018632,1,2024-12-24T16:13:17+00:00,track,,,1,12449750413
1346018635,1,2024-12-24T16:13:17+00:00,track,,,1,12449750484
1346018636,1,2024-12-24T16:13:17+00:00,track,,,1,12449750489
1346024580,1,2024-12-24T16:54:49+00:00,track,,,1,12446002977
1346281003,3,2025-01-11T03:41:39+00:00,footway,Pond Springs Creek Trail,,1,12472152554
1346281004,2,2025-01-03T21:23:57+00:00,footway,,,1,12472153355
1346383513,4,2026-05-28T15:29:42+00:00,footway,Red Loop,,1,12453125108
1346383521,3,2025-11-08T21:55:27+00:00,footway,,,1,12472278992
1346383523,2,2025-01-03T21:42:34+00:00,footway,,,1,12472566180
1346389569,3,2025-01-03T21:16:42+00:00,footway,,,1,12472142809
1346389573,2,2025-01-03T21:21:23+00:00,footway,,,1,12472145820
1346389574,2,2025-01-03T21:18:30+00:00,footway,,,2,12472126386 12472126385
1346389576,2,2025-01-03T21:20:06+00:00,footway,,,2,12472152239 12472152238
1346391788,4,2025-09-09T18:07:39+00:00,footway,,,1,12464152040
1346402776,4,2025-12-26T21:36:13+00:00,footway,,,4,12810148497 12810148601 12810148602 12810148394
1346407806,2,2025-05-04T18:30:54+00:00,footway,SE Walnut Creek Trails,,1,12810148396
1346412347,3,2026-02-01T18:29:18+00:00,footway,Dave's Ditch,,3,13300222513 12453348686 12453348693
1346491301,5,2025-10-19T22:34:49+00:00,footway,,,1,12454196691
1346669084,2,2025-01-03T20:21:04+00:00,footway,,,1,12456281701
1346697886,2,2024-12-27T20:50:08+00:00,footway,,,2,12456537055 12456537056
1346731242,2,2025-01-03T20:30:19+00:00,footway,,,1,12456920468
1346733379,2,2025-11-13T16:42:38+00:00,footway,,,1,12456878157
1346746702,3,2025-04-29T12:49:16+00:00,path,,,2,12457190508 12457190513
1346747317,2,2025-01-04T13:27:22+00:00,footway,,,1,12457165655
1346784430,1,2024-12-28T01:49:40+00:00,service,,,1,12457739494
1346786171,1,2024-12-28T02:05:51+00:00,service,,,1,12457748769
1346822592,2,2026-05-31T22:46:44+00:00,residential,County Road 125,,1,13900147738
1346822595,2,2026-05-31T22:46:44+00:00,track,County Road 145,,1,13900147766
1346983371,1,2024-12-29T01:10:56+00:00,path,Old Forest Trail,,1,12459841010
1346988618,2,2025-04-19T22:47:22+00:00,residential,Concho Road,,2,9781381864 9781381863
1346988624,2,2026-02-03T14:31:10+00:00,track,,,1,13521969205
1346988626,2,2026-02-03T14:31:10+00:00,track,,,1,13521969204
1346988627,2,2026-02-03T14:31:10+00:00,track,,,1,13521969203
1346988637,2,2026-02-03T14:31:10+00:00,track,,,1,13521969217
1346988642,2,2026-02-03T14:31:10+00:00,service,,,2,13521969214 13521969215
1346988645,2,2026-02-03T14:31:10+00:00,service,,,1,13521969209
1346988655,1,2024-12-29T02:30:55+00:00,tertiary,Concho Road,,1,9781381862
1348253498,2,2025-01-03T17:10:11+00:00,path,,,2,12471726260 12471348646
1348481021,2,2025-11-30T00:12:51+00:00,path,,,2,13341557331 12473569256
1348481283,2,2025-01-04T14:06:58+00:00,path,,,1,12473571411
1348481990,1,2025-01-04T14:08:49+00:00,path,,,1,12473549749
1348486236,2,2026-03-26T14:08:16+00:00,track,,,1,12473615423
1348500691,1,2025-01-04T15:41:39+00:00,track,,,1,228968041
1348500697,2,2025-04-07T02:27:31+00:00,track,,,1,12735621987
1348500698,1,2025-01-04T15:41:39+00:00,track,,,1,12473751007
1348500701,2,2025-04-07T01:59:22+00:00,service,,,1,12735581616
1348713056,1,2025-01-05T15:16:19+00:00,track,,,1,12475780660
1348713059,1,2025-01-05T15:16:19+00:00,track,,,1,12475780849
1348723761,1,2025-01-05T16:04:30+00:00,track,,,1,12475869714
1348723762,1,2025-01-05T16:04:30+00:00,track,,,2,12475869724 12475869718
1348744022,1,2025-01-05T17:28:34+00:00,footway,,,1,12476034416
1349040881,2,2025-04-27T02:04:32+00:00,track,,,1,12790902408
1349040884,1,2025-01-06T17:13:26+00:00,track,,,2,12478929337 12478929338
1349040887,1,2025-01-06T17:13:26+00:00,track,,,1,12478929551
1349054051,2,2026-01-08T18:45:13+00:00,service,,,1,12479021706
1349072915,2,2025-06-03T20:57:54+00:00,footway,Rinard Creek Greenbelt Trail,,1,12479200328
1349119658,2,2025-04-27T02:42:14+00:00,track,,,1,12790929018
1349322790,1,2025-01-07T21:05:45+00:00,track,,,1,12481625645
1349322792,1,2025-01-07T21:05:45+00:00,track,,,1,12481625669
1349331894,2,2025-10-14T17:27:04+00:00,track,,,1,12481846731
1349598783,1,2025-01-08T18:08:39+00:00,track,,,2,12484879321 12484879308
1349822171,1,2025-01-09T17:21:44+00:00,track,,,7,12486914597 12486914596 12486914595 12486914594 12486914550 12486914593 12486914592
1349834789,1,2025-01-09T18:23:23+00:00,footway,,,1,12487009209
1349834800,1,2025-01-09T18:23:23+00:00,footway,,,1,12487009205
1350011177,1,2025-01-10T16:14:11+00:00,track,,,2,228286584 228286601
1350011179,2,2025-12-26T17:14:47+00:00,track,,,1,12488662349
1350032379,1,2025-01-10T18:17:52+00:00,track,,,1,12488828400
1350043898,3,2026-05-23T20:04:02+00:00,track,,,1,13868854740
1350141587,4,2025-01-11T00:09:59+00:00,residential,,,2,12490277047 12490245412
1350510133,1,2025-01-12T01:13:45+00:00,track,,,1,12494070028
1350691755,2,2026-04-18T22:59:59+00:00,residential,Hackberry Road,,4,13741230584 12496160212 152311278 12496160213
1350762287,3,2026-01-06T11:03:16+00:00,service,,,1,9658740029
1350892268,2,2025-12-25T14:38:07+00:00,service,,,1,13404397991
1351119637,1,2025-01-14T04:40:41+00:00,path,,,1,12500007757
1352236767,1,2025-01-18T01:39:15+00:00,track,,,2,12511405450 12511405818
1352350829,5,2025-07-12T17:35:59+00:00,footway,,,1,12512477964
1352359619,1,2025-01-18T17:03:01+00:00,track,,,1,12512547030
1352360977,1,2025-01-18T17:14:02+00:00,track,,,1,12512562418
1352360978,3,2025-10-26T20:27:34+00:00,track,,,1,12512562499
1352369376,2,2025-01-19T23:45:16+00:00,track,,,2,12517149051 12512646366
1352412168,1,2025-01-18T21:43:32+00:00,track,,,1,12513005113
1352439537,5,2025-06-25T05:09:59+00:00,track,Kincaid Trail,,8,12520773483 12520791034 12520849784 12520849747 12530582324 12530582335 12530582429 12530582428
1352439538,2,2025-01-19T21:11:01+00:00,track,,,2,12516869975 12516870043
1352440265,1,2025-01-19T01:37:58+00:00,track,,,1,12513274574
1352440266,2,2025-01-26T16:59:44+00:00,track,,,1,12534385216
1352440334,1,2025-01-19T01:37:58+00:00,track,,,1,12513275123
1352440339,1,2025-01-19T01:37:58+00:00,track,,,1,7241214825
1352440356,2,2025-01-24T20:57:37+00:00,track,,,1,12530061274
1352440364,2,2025-01-24T20:57:37+00:00,track,,,4,12530061287 12530061286 12513275566 12513275537
1352574861,1,2025-01-19T15:02:15+00:00,residential,,,1,12514537723
1352574862,1,2025-01-19T15:02:15+00:00,residential,,,3,12514537889 12514537618 12514537763
1352574864,2,2025-01-19T15:46:39+00:00,residential,,,1,12514808379
1352618281,1,2025-01-19T15:46:39+00:00,track,,,1,12514808380
1352618282,1,2025-01-19T15:46:39+00:00,track,,,3,12514808378 12514807048 12514807049
1352621934,3,2025-01-20T18:52:30+00:00,track,,,3,12518834775 12514843859 12515213389
1352621935,3,2025-01-19T17:19:10+00:00,track,,,6,12515213767 12515213745 12515213744 12514843966 12514843965 12514892956
1352621937,2,2025-01-19T16:34:18+00:00,track,,,1,12514893100
1352621938,2,2025-01-19T16:34:18+00:00,track,,,3,12514892834 11049686584 12514892550
1352626948,3,2025-01-22T14:14:20+00:00,track,,,3,12514892566 12522922900 12522923015
1352629987,2,2025-02-06T23:03:24+00:00,track,,,1,12564069604
1352632471,3,2026-01-30T23:13:39+00:00,path,SE Walnut Creek Trails,,7,12514920643 13513437233 13513437232 13513437231 13513437306 13513437230 13513437290
1352685793,1,2025-01-19T18:14:31+00:00,path,,,1,12515873588
1352882300,2,2025-03-19T20:37:54+00:00,track,,,1,12682204194
1352933889,2,2025-01-24T21:53:08+00:00,track,,,5,12181365447 12518436966 12518436982 12530248938 12530249036
1352945504,1,2025-01-20T16:02:58+00:00,track,,,3,12518523658 12518523659 12518523498
1352945515,1,2025-01-20T16:02:58+00:00,track,,,1,12518523914
1352945516,2,2025-01-24T21:53:08+00:00,track,,,2,12530247746 12524667175
1352945518,2,2025-01-22T21:39:11+00:00,track,,,2,12518523963 12524667407
1352945527,1,2025-01-20T16:02:58+00:00,track,,,1,12518524353
1352956958,1,2025-01-20T17:00:52+00:00,track,,,4,12518652714 12518652872 12518652832 12518652833
1352960844,1,2025-01-20T17:18:49+00:00,track,,,1,12518684259
1352960847,1,2025-01-20T17:18:49+00:00,track,,,1,12518684266
1352978858,1,2025-01-20T18:52:30+00:00,track,,,1,12518834769
1352978859,3,2025-01-22T21:39:11+00:00,track,,,3,12524635179 12524635191 12524667170
1352978860,4,2025-01-24T22:18:43+00:00,track,,,5,12524667443 12530289143 12530289120 12524635190 12524635169
1352982354,1,2025-01-20T19:15:44+00:00,track,,,5,12518870377 12518870376 12518860866 12518870375 12518870374
1352982355,1,2025-01-20T19:15:44+00:00,track,,,3,12518870241 12518870432 12518870846
1352982359,1,2025-01-20T19:15:44+00:00,track,,,2,12518870848 12518870847
1352982362,1,2025-01-20T19:15:44+00:00,track,,,1,12518870603
1352982366,1,2025-01-20T19:15:44+00:00,track,,,1,12518870738
1353031927,2,2026-03-06T18:44:43+00:00,track,,,1,9377871165
1353190743,1,2025-01-21T16:50:33+00:00,track,,,2,11704460955 12520968411
1353207107,1,2025-01-21T18:31:50+00:00,residential,,,1,12457566501
1353272333,2,2026-05-16T04:11:21+00:00,path,,,1,12521852293
1353365186,2,2025-03-19T20:37:54+00:00,track,,,1,12682204158
1353395988,1,2025-01-22T14:48:08+00:00,track,Jeep Trail,,1,12522982949
1353510215,1,2025-01-22T21:39:11+00:00,track,,,1,12524667404
1353795582,2,2026-04-09T17:13:39+00:00,track,,,1,13719094895
1353945380,1,2025-01-24T13:22:32+00:00,path,,,1,12453348693
1353947576,5,2026-02-27T19:39:50+00:00,cycleway,Brushy Creek Regional Trail North Fork,,1,12529291586
1353973766,1,2025-01-24T15:43:48+00:00,service,,,1,12529549463
1354093654,1,2025-01-25T02:44:53+00:00,track,,,1,12530832773
1354237832,5,2025-08-13T20:22:28+00:00,residential,County Road W,,1,12726896956
1354332423,1,2025-01-26T03:29:55+00:00,residential,,,1,12533336857
1354335576,3,2025-05-28T17:23:30+00:00,track,,,12,12860959405 12860959406 12860959407 12860959408 12860959409 12871527147 12860959410 3404910720 12860959411 12860959412 12860959413 12860959414
1354430771,1,2025-01-26T16:16:33+00:00,track,,,1,12440274851
1354440743,1,2025-01-26T16:59:44+00:00,track,,,2,12534386953 12534386952
1354446959,1,2025-01-26T17:29:26+00:00,track,,,1,12534445275
1354456294,1,2025-01-26T17:51:15+00:00,track,,,2,7241214988 12534558779
1354493754,2,2025-01-31T03:16:57+00:00,residential,,,1,12545656850
1354493756,2,2025-03-10T17:00:12+00:00,residential,,,6,12650321250 12650321232 12650321233 12650321260 12650321261 12650321262
1354493760,2,2025-03-10T17:00:12+00:00,residential,,,3,12650321127 12534968421 12534968418
1354524849,1,2025-01-27T00:22:03+00:00,service,,,2,11958270190 148486825
1354524852,1,2025-01-27T00:22:03+00:00,track,,,1,12535240578
1354556781,2,2025-04-04T14:19:36+00:00,residential,County Road 75,,1,12728997219
1354556784,3,2025-05-18T02:32:20+00:00,residential,County Road 45,,1,12728997256
1354778206,1,2025-01-28T00:37:42+00:00,residential,,,1,12537553293
1354780371,1,2025-01-28T01:04:56+00:00,track,,,1,12537566675
1354893235,2,2026-04-20T15:24:48+00:00,track,,,1,13745876513
1354893237,2,2026-08-07T19:49:03+00:00,track,,,1,14079227952
1355284549,2,2026-04-07T18:08:59+00:00,track,,,1,12542906113
1355951746,1,2025-02-01T14:56:15+00:00,track,,,1,12549152301
1355951748,1,2025-02-01T14:56:15+00:00,track,,,1,12549126070
1356042324,2,2026-02-18T19:41:44+00:00,track,,,1,13577806807
1356042327,2,2026-02-18T19:41:44+00:00,track,,,2,13577806731 13577806734
1356053327,2,2026-02-18T19:41:44+00:00,residential,County Road 184,,1,13577806676
1356184828,1,2025-02-02T16:23:01+00:00,footway,,,2,12551484592 12551484593
1356184829,1,2025-02-02T16:23:01+00:00,footway,,,1,12551484592
1356184830,1,2025-02-02T16:23:01+00:00,footway,,,1,12551484593
1356375225,2,2025-03-19T15:51:55+00:00,track,,,1,12681344899
1356966447,1,2025-02-05T17:13:37+00:00,path,,,1,12559329763
1357630771,2,2025-03-06T20:41:12+00:00,track,,,2,12641574637 12563959486
1357657994,1,2025-02-07T02:09:40+00:00,track,,,1,9982591508
1358197958,2,2026-05-30T23:13:20+00:00,residential,County Road 305,CR 305,1,13897792898
1359272008,2,2026-01-30T15:02:55+00:00,service,,,1,13512366148
1359291472,2,2025-09-11T21:06:36+00:00,service,,,1,13137056320
1359807828,1,2025-02-14T09:04:09+00:00,service,,,1,8940204655
1360545777,2,2025-03-26T14:38:39+00:00,track,,,1,12702664284
1361477003,1,2025-02-20T16:35:49+00:00,track,,,1,11017005458
1361551704,2,2025-02-20T22:29:29+00:00,service,,,1,12605306296
1362895729,2,2025-03-02T15:53:32+00:00,track,,,3,12618640013 12618639953 12618639993
1363409007,1,2025-02-27T20:18:41+00:00,track,,,1,12519063443
1363790633,4,2026-09-18T14:38:35+00:00,cycleway,,,1,12627949565
1363957186,2,2025-03-02T04:37:17+00:00,track,,,1,12629683088
1364044625,1,2025-03-02T15:43:37+00:00,track,,,1,12630509933
1364044652,1,2025-03-02T15:43:37+00:00,track,,,1,12630513136
1364303613,1,2025-03-03T16:44:43+00:00,track,,,1,12633668120
1364304027,1,2025-03-03T16:48:58+00:00,track,,,1,12633669499
1364396782,2,2025-03-14T23:53:18+00:00,track,,,1,12152420045
1364815555,10,2026-06-21T02:13:08+00:00,cycleway,Tucker Lake Trail,,1,13679267977
1364875049,1,2025-03-05T22:10:05+00:00,footway,,,1,12639652138
1365034357,1,2025-03-06T16:41:31+00:00,track,,,1,12641143960
1365035443,1,2025-03-06T16:47:53+00:00,track,,,1,12641186835
1365075144,1,2025-03-06T20:41:12+00:00,track,,,1,12641490377
1365674085,4,2026-01-08T04:26:59+00:00,footway,,,1,12671119420
1366001827,2,2025-03-17T21:25:51+00:00,track,,,3,12674282942 12674282945 12674282946
1366010602,1,2025-03-10T15:43:02+00:00,track,,,1,12650211630
1366081150,1,2025-03-10T22:35:23+00:00,track,,,1,12650827410
1366081156,2,2025-03-12T18:32:26+00:00,track,,,1,12657107901
1366380578,1,2025-03-12T00:24:40+00:00,track,,,1,12654174592
1366380579,1,2025-03-12T00:24:40+00:00,track,,,1,12654174749
1366380580,1,2025-03-12T00:24:40+00:00,track,,,1,12654174689
1366662350,1,2025-03-12T18:40:36+00:00,track,,,2,12657122738 12657122775
1366721534,2,2026-04-26T13:42:32+00:00,track,,,1,13763604359
1367171956,5,2025-05-24T14:47:05+00:00,track,,,6,12860898966 12671107714 12671107713 12671107712 12671107710 12730285597
1367171957,4,2025-04-05T04:22:12+00:00,track,,,2,12730285596 12671107711
1367921505,5,2025-08-31T14:06:56+00:00,service,,,3,12690195404 12865642230 12690195405
1367998276,1,2025-03-15T23:36:37+00:00,residential,County Road 227,,1,12168536674
1368001603,1,2025-03-16T00:03:54+00:00,residential,County Road 260,,1,12476365924
1368490625,1,2025-03-17T20:39:57+00:00,track,,,1,12674217805
1368516393,1,2025-03-18T00:06:00+00:00,track,,,1,12674450103
1368516403,1,2025-03-18T00:06:00+00:00,track,,,1,11874316055
1368753705,2,2025-03-23T15:14:00+00:00,track,,,4,12694299058 12694299119 12694299120 12694299121
1368756299,1,2025-03-18T14:34:18+00:00,track,,,1,10642924415
1369186623,1,2025-03-19T15:23:20+00:00,track,,,1,12681273511
1369205510,1,2025-03-19T16:43:43+00:00,track,,,1,12681465436
1369205515,1,2025-03-19T16:43:43+00:00,track,,,1,12681465557
1369205517,1,2025-03-19T16:43:43+00:00,residential,,,1,12681465669
1369690779,2,2026-01-28T09:30:11+00:00,track,,,2,12684989753 12684989743
1369865663,1,2025-03-21T06:44:16+00:00,cycleway,,,1,12686396800
1369865664,1,2025-03-21T06:44:16+00:00,cycleway,,,1,11649966057
1369865665,1,2025-03-21T06:44:16+00:00,cycleway,,,1,12686407908
1369919710,2,2025-03-21T20:35:14+00:00,track,,,4,12688621750 12688624337 12688624338 12688624339
1369919711,2,2025-03-21T20:35:14+00:00,track,,,3,12688623277 12688621784 12688623148
1370100251,1,2025-03-21T20:35:14+00:00,track,,,1,12688624110
1370106582,1,2025-03-21T21:19:22+00:00,track,,,1,12688685119
1370325085,2,2026-03-17T16:23:26+00:00,service,,,1,13655637610
1370414439,3,2026-02-17T14:07:30+00:00,path,,,2,13572985086 12692043238
1370437302,1,2025-03-23T03:15:49+00:00,residential,North Alamo Road,,1,9781437391
1370688594,2,2025-05-15T14:42:36+00:00,footway,,,1,12840215833
1370688595,1,2025-03-23T18:35:21+00:00,footway,,,2,12694927954 12694928297
1370688601,1,2025-03-23T18:35:21+00:00,service,,,1,12694928277
1371221885,1,2025-03-25T16:45:07+00:00,track,,,1,12699271527
1371385192,2,2025-05-05T20:18:05+00:00,path,,,1,12700848448
1372123961,3,2026-09-13T20:52:40+00:00,path,,,1,12923323908
1372123978,3,2026-09-13T22:25:07+00:00,path,,,1,14178616683
1372123980,3,2026-09-13T22:25:07+00:00,path,Whitetail Trail,,1,14178586192
1372128338,2,2025-04-05T04:22:12+00:00,track,,,1,12730242276
1372128339,1,2025-03-27T18:06:39+00:00,track,,,1,12705414539
1372433123,1,2025-03-28T14:59:16+00:00,track,,,1,12707818539
1372474417,1,2025-03-28T18:35:42+00:00,track,,,1,12708184797
1372657717,1,2025-03-29T13:36:14+00:00,track,,,1,12709799741
1372657730,1,2025-03-29T13:36:14+00:00,track,,,1,12709799748
1373084477,1,2025-03-30T14:00:01+00:00,track,,,1,12713778465
1373084480,1,2025-03-30T14:00:01+00:00,service,,,1,12713778482
1373458032,1,2025-03-31T16:52:51+00:00,track,,,1,11676966589
1374224940,4,2025-11-18T21:30:00+00:00,footway,East Trail,,7,13000094992 12999804738 11053424343 11053424341 4551028033 11053424342 13000094969
1374233252,1,2025-04-02T18:39:55+00:00,service,,,1,12723930544
1374659167,2,2025-04-10T23:18:28+00:00,track,,,1,12745735450
1375369929,1,2025-04-06T18:20:34+00:00,track,,,2,2976173629 12734642532
1375459746,2,2025-07-08T15:13:35+00:00,service,,,1,12735623801
1376729725,1,2025-04-11T13:15:34+00:00,track,,,1,12747850838
1376901502,2,2025-08-31T02:01:41+00:00,path,Spring Creek Nature Trail MC 2,,1,13109536372
1377335599,3,2026-05-16T04:11:21+00:00,path,,,1,10863924901
1377668596,2,2026-02-14T23:12:11+00:00,residential,King Road,,1,6967851968
1377911255,1,2025-04-15T22:00:16+00:00,track,,,1,12758521655
1378106681,1,2025-04-16T16:52:48+00:00,residential,,,1,222488618
1378106683,1,2025-04-16T16:52:48+00:00,service,,,1,12760140217
1378129724,1,2025-04-16T18:31:03+00:00,residential,,,1,12760322552
1378129737,1,2025-04-16T18:31:03+00:00,service,,,1,12760322176
1378129741,1,2025-04-16T18:31:03+00:00,track,,,1,11985881940
1378129761,1,2025-04-16T18:31:03+00:00,track,,,1,12760322469
1378345012,2,2025-05-08T20:58:17+00:00,path,,,1,12821144593
1378761097,5,2025-04-20T20:29:13+00:00,residential,County Road 317,,1,12727065437
1379176650,2,2025-04-20T20:11:47+00:00,residential,County Road 217,,1,12728901676
1379178378,2,2025-04-20T21:13:08+00:00,residential,County Road 227,,1,12728901587
1379200165,1,2025-04-20T22:52:10+00:00,residential,County Road 247,,1,12728901512
1379201731,1,2025-04-20T23:00:10+00:00,track,,,1,9208471700
1379330965,2,2025-05-06T17:43:27+00:00,track,,,1,12815055259
1379418422,1,2025-04-21T21:16:47+00:00,track,,,1,12773099260
1380049773,1,2025-04-22T16:54:49+00:00,track,,,3,152930934 152930964 11038000859
1380049775,1,2025-04-22T16:54:49+00:00,service,,,1,11038000861
1380054205,1,2025-04-22T17:08:55+00:00,unclassified,Brushy Creek Road,,2,12776735029 12776735027
1380149815,1,2025-04-23T00:51:04+00:00,track,,,2,11038000963 12777549117
1380912900,3,2025-06-10T19:19:09+00:00,track,,,1,12784065625
1380947626,1,2025-04-24T19:22:11+00:00,track,,,1,12784341843
1380947637,1,2025-04-24T19:22:11+00:00,track,,,2,12412629797 12412629786
1380982223,1,2025-04-24T21:09:06+00:00,track,,,1,12784622741
1380982226,1,2025-04-24T21:09:06+00:00,track,,,1,12784622775
1380982231,1,2025-04-24T21:09:06+00:00,track,,,2,228468798 228468816
1381575356,1,2025-04-27T02:42:14+00:00,track,,,1,9904996211
1381655866,1,2025-04-27T13:29:35+00:00,track,,,1,12791630858
1381655867,1,2025-04-27T13:29:35+00:00,track,,,1,12791630892
1381658418,1,2025-04-27T13:49:58+00:00,track,,,1,12791662601
1381667492,1,2025-04-27T14:47:37+00:00,track,,,1,12791739053
1382402734,1,2025-04-29T21:29:06+00:00,path,,,1,12798674087
1384130899,2,2025-05-06T19:09:44+00:00,track,,,1,12815151687
1384136678,1,2025-05-06T19:09:44+00:00,track,,,1,12815199252
1384392393,3,2026-01-30T23:13:39+00:00,path,,,2,13513437229 13513437226
1384392653,2,2026-01-30T23:13:39+00:00,path,,,3,13513437228 13513437227 13513437225
1384728842,1,2025-05-08T16:27:03+00:00,track,,,1,12820516458
1385189646,2,2025-12-10T21:24:46+00:00,service,,,1,6496426934
1385189654,2,2025-12-10T21:24:46+00:00,track,,,1,13368234126
1385917913,1,2025-05-12T19:26:25+00:00,path,,,1,12831810283
1385949337,1,2025-05-12T20:38:55+00:00,track,,,1,12832282696
1385967887,1,2025-05-12T21:15:13+00:00,residential,Rinard Road,,1,12832436898
1386689244,1,2025-05-14T20:25:31+00:00,track,,,1,12837650838
1386689247,1,2025-05-14T20:25:31+00:00,track,,,1,12837650899
1387334082,1,2025-05-16T16:44:12+00:00,residential,,,1,11988624561
1387841798,2,2025-11-13T16:51:11+00:00,footway,,,2,13302008109 13302008108
1387841799,2,2025-11-13T16:51:11+00:00,footway,,,1,13302008110
1387841805,2,2025-11-13T16:51:11+00:00,footway,,,1,13302008107
1387849009,2,2025-05-18T18:25:10+00:00,track,,,1,12847450663
1388187680,3,2026-04-02T23:05:54+00:00,service,,,1,12850534302
1388680539,1,2025-05-22T02:17:12+00:00,path,,,2,12854560301 12854560303
1389189347,4,2026-09-04T00:23:40+00:00,track,,,1,14145580382
1389216604,1,2025-05-24T03:03:59+00:00,track,,,1,12860026308
1390129863,1,2025-05-27T17:18:15+00:00,path,,,1,12868313737
1390130072,1,2025-05-27T17:20:02+00:00,path,,,1,12868322670
1390481470,1,2025-05-28T15:29:02+00:00,footway,,,1,12871324755
1391069545,2,2026-02-15T17:50:00+00:00,track,,,1,12876249862
1391638988,2,2025-12-25T05:14:57+00:00,path,Sandy Slough Trail,,1,12881371505
1391908296,3,2026-05-19T15:24:02+00:00,footway,Rinard Creek Greenbelt Trail,,3,12884519329 12884519478 12884519479
1393104173,1,2025-06-07T19:02:31+00:00,track,,,1,12895530233
1393663152,1,2025-06-09T21:35:45+00:00,path,Bobcat Trail,,1,12900452574
1393663153,1,2025-06-09T21:35:45+00:00,track,,,1,12900452577
1393665928,2,2025-06-25T15:03:24+00:00,track,Pennsylvania Avenue,,3,12299738900 12299738898 12299738897
1393665929,1,2025-06-09T21:50:34+00:00,path,Bahia Grande Trail,,2,12299738899 12299738896
1393665931,1,2025-06-09T21:50:34+00:00,path,Bahia Grande Trail,,2,12299738902 12299738901
1393668672,1,2025-06-09T22:09:04+00:00,footway,,,1,12900491435
1393722430,1,2025-06-10T03:37:35+00:00,track,,,2,12901010324 12901010323
1393944888,2,2025-06-12T14:12:24+00:00,track,,,2,12909613790 12909613843
1393944889,2,2025-06-12T14:12:24+00:00,track,,,1,12909613842
1393944891,2,2025-06-12T14:12:24+00:00,track,,,1,12909613765
1394002674,1,2025-06-10T19:19:09+00:00,track,,,1,12784065753
1394399249,1,2025-06-11T20:28:09+00:00,track,,,1,12271347208
1394423346,2,2025-06-11T23:31:13+00:00,track,,,1,12908510431
1394490481,2,2026-03-25T18:37:44+00:00,residential,,,1,13679900271
1394833576,1,2025-06-12T20:46:47+00:00,track,,,1,12911366307
1394844693,1,2025-06-12T21:57:31+00:00,path,East Lake Trail,,1,12911499811
1394995381,3,2025-07-01T15:05:30+00:00,track,,,2,12966526873 12912726037
1395288737,1,2025-06-14T16:06:32+00:00,path,,,1,12915123709
1395332813,1,2025-06-14T20:53:43+00:00,service,,,1,12915555578
1395332821,1,2025-06-14T20:53:43+00:00,footway,,,1,12915556844
1395522175,2,2025-07-09T20:25:13+00:00,track,,,1,12990402921
1395522176,2,2025-07-07T15:34:16+00:00,track,,,1,12783812650
1396230648,2,2026-09-13T20:52:40+00:00,path,,,1,12923323724
1396230660,2,2026-09-13T20:52:40+00:00,path,,,1,12923323908
1396230661,2,2026-09-13T20:52:40+00:00,path,,,1,14178616553
1408948304,1,2025-06-24T01:20:54+00:00,track,,,1,12947767412
1408948314,1,2025-06-24T01:20:54+00:00,track,,,1,12947767497
1409573766,1,2025-06-25T19:36:30+00:00,track,,,2,9984260403 9984260402
1409755218,2,2026-01-30T15:02:55+00:00,service,,,1,13512352538
1409755219,2,2026-01-30T15:02:55+00:00,service,,,1,13512352537
1409910081,1,2025-06-26T23:58:30+00:00,track,,,1,12955293637
1410137709,1,2025-06-27T18:20:40+00:00,track,,,1,12957071190
1410250802,1,2025-06-28T03:22:15+00:00,track,,,1,12958369649
1410478544,1,2025-06-29T03:59:04+00:00,track,,,1,12960472977
1410480362,5,2025-07-29T03:51:27+00:00,path,,,1,13033166755
1410956970,1,2025-06-30T16:58:35+00:00,track,,,1,12964795853
1410963935,1,2025-06-30T17:36:21+00:00,track,,,4,12903090144 12964856871 12964856855 12964856853
1411185144,1,2025-07-01T14:18:32+00:00,track,,,1,12966528416
1411215390,3,2025-07-29T03:51:27+00:00,path,,,3,13033166756 13033166578 13033166757
1411366491,2,2025-09-02T19:25:53+00:00,path,,,1,12968699215
1411382647,3,2025-11-28T16:43:45+00:00,track,,,1,13338809952
1411600492,16,2026-09-12T23:50:40+00:00,path,,,1,12971270618
1412108536,1,2025-07-04T03:57:09+00:00,residential,,,1,12523527358
1412108539,2,2025-08-09T19:24:50+00:00,unclassified,,,2,12526654057 12526654063
1412346069,2,2025-07-12T15:38:57+00:00,service,,,1,12996010888
1412346071,2,2025-07-12T15:38:57+00:00,service,,,1,12996010756
1412346186,1,2025-07-04T23:03:16+00:00,cycleway,Escondido Trail,,1,12464831651
1412346197,1,2025-07-04T23:03:16+00:00,cycleway,Cactus Trail,,1,12978851835
1412749875,1,2025-07-06T14:37:44+00:00,track,,,1,12633668105
1412749876,1,2025-07-06T14:37:44+00:00,track,,,1,12633668104
1412895942,2,2025-07-07T00:52:01+00:00,service,,,1,12984400491
1412921773,1,2025-07-07T00:52:01+00:00,track,,,1,12784622744
1413054793,2,2025-07-09T20:25:13+00:00,track,,,1,12990402576
1413056420,7,2025-07-13T15:36:26+00:00,track,,,2,12994959368 12994959371
1413090870,1,2025-07-07T18:55:13+00:00,track,,,1,9382868921
1413117114,1,2025-07-07T19:53:53+00:00,track,,,1,8920110840
1413117423,4,2025-07-15T15:47:01+00:00,service,,,1,12986433471
1413128982,1,2025-07-07T21:15:19+00:00,track,,,1,12986515611
1413128983,1,2025-07-07T21:15:19+00:00,track,,,1,12986515611
1413204063,2,2025-07-08T12:51:53+00:00,service,,,1,12987666250
1413209945,3,2025-07-11T21:16:46+00:00,track,,,3,12994959388 12994959383 12994959372
1413267458,6,2025-07-13T15:36:26+00:00,track,,,1,12987763385
1413288331,3,2025-07-12T18:58:56+00:00,track,,,1,12996233204
1413288335,3,2025-07-12T18:41:15+00:00,track,,,1,12996212548
1413288337,5,2025-07-12T18:41:15+00:00,track,,,2,12996212493 12987960985
1413288353,3,2025-07-11T21:16:46+00:00,track,,,1,12994959442
1413299426,1,2025-07-08T16:46:08+00:00,track,,,1,12988068234
1413299427,1,2025-07-08T16:46:08+00:00,track,,,1,12988068241
1413379835,4,2025-07-12T18:41:15+00:00,service,,,3,12996212609 12996212688 12988706755
1413379837,2,2025-07-10T11:29:04+00:00,service,,,1,12987763391
1413408733,1,2025-07-09T04:43:28+00:00,path,,,1,12988984600
1413408734,1,2025-07-09T04:43:28+00:00,path,,,1,12988984600
1413411890,2,2025-07-09T05:24:38+00:00,path,,,3,12989011220 12989027254 12989011219
1413412383,1,2025-07-09T05:24:38+00:00,path,Boggy Creek Trail,,1,12989011251
1413415049,4,2025-09-02T20:00:00+00:00,path,Meridian High Line,,2,12989064615 12989064614
1413438951,3,2025-07-12T14:57:06+00:00,track,,,1,12995048576
1413438960,4,2025-07-11T22:15:25+00:00,track,,,3,12995048573 12995047674 12995047675
1413469158,3,2025-07-12T14:00:21+00:00,track,,,1,12995888852
1413480838,3,2025-08-26T01:08:07+00:00,track,,,4,13097382301 13097382314 13097382302 13097382303
1413480841,3,2025-07-13T14:47:58+00:00,track,,,6,12995048457 12995048465 12995048466 12995048471 12995048472 12995048473
1413480844,3,2025-07-12T16:23:28+00:00,track,,,1,12995048468
1413503240,2,2025-07-12T18:41:15+00:00,track,,,1,12996212571
1413503243,6,2025-07-18T13:43:20+00:00,track,,,1,12996212606
1413512816,2,2025-07-12T16:23:28+00:00,track,,,6,12989938669 12989938666 12989938471 12989938468 12996057040 12996057042
1413512824,3,2025-07-17T16:58:14+00:00,track,,,1,13007029735
1413520874,3,2026-05-26T17:12:10+00:00,path,Pikachu,,1,12990004913
1413521211,1,2025-07-09T16:13:46+00:00,path,,,3,7383218433 7383218434 4160503270
1413522955,1,2025-07-09T16:27:34+00:00,path,,,1,12990011373
1413525053,2,2025-12-22T00:32:07+00:00,path,,,1,13394129621
1413575044,1,2025-07-09T21:01:26+00:00,track,,,1,12990479588
1413789690,3,2025-07-18T13:43:20+00:00,track,,,1,12996212552
1413797472,2,2025-07-11T22:15:25+00:00,track,,,2,12995048559 12995048558
1413810844,2,2025-07-11T20:52:36+00:00,track,,,2,12994940547 12994940548
1413820708,3,2025-07-13T15:36:26+00:00,track,,,2,12994959365 12997633553
1413824097,4,2025-07-17T07:15:28+00:00,track,,,1,12995889014
1413829164,2,2025-07-10T15:27:11+00:00,track,,,1,12992591147
1413831411,2,2025-07-11T22:15:25+00:00,service,,,1,12995048408
1413834375,2,2025-07-11T22:15:25+00:00,track,,,1,12995048620
1413849300,2,2025-07-12T18:41:15+00:00,track,,,1,12996212607
1413849302,3,2025-07-13T15:36:26+00:00,track,McCraw Road South,,2,12997633654 12997633653
1413855172,2,2025-07-11T21:16:46+00:00,track,,,2,12994959423 12994959431
1413856703,1,2025-07-10T15:50:10+00:00,track,,,1,12992631112
1413866415,1,2025-07-10T16:44:23+00:00,bridleway,,,1,12992811229
1414039474,3,2025-07-13T13:16:56+00:00,track,,,1,12995065721
1414061871,4,2025-07-18T13:09:04+00:00,track,,,1,12996212678
1414082319,2,2025-07-11T13:48:43+00:00,path,,,2,12994311520 12994311521
1414089984,6,2025-07-17T10:06:53+00:00,track,,,5,12995888808 12995888962 12997446842 12995888829 12995888836
1414089990,4,2025-07-13T20:26:39+00:00,track,Ox Hollow Road South,,3,12998003353 12997447190 12997447256
1414094240,3,2025-07-17T10:06:53+00:00,track,,,1,12995888839
1414102928,1,2025-07-11T15:34:57+00:00,track,,,1,12994474585
1414264028,1,2025-07-12T14:00:21+00:00,track,,,1,12995888781
1414264051,2,2025-07-13T13:42:34+00:00,unclassified,Tegner Creek Road South,,1,12991616476
1414295015,2,2025-07-17T16:58:14+00:00,residential,Lower Bee Cave Road,,2,13007029267 12996138265
1414295044,1,2025-07-12T17:34:40+00:00,service,,,1,12996138717
1414296025,1,2025-07-12T17:42:30+00:00,track,,,1,12996147623
1414296030,1,2025-07-12T17:42:30+00:00,track,,,1,12996147784
1414296033,1,2025-07-12T17:42:30+00:00,track,,,1,11117008411
1414304412,2,2025-07-18T13:20:25+00:00,track,,,1,12996212419
1414329637,2,2025-07-13T20:03:06+00:00,track,,,1,12996446336
1414329642,1,2025-07-12T21:49:08+00:00,service,,,1,12996446384
1414329650,1,2025-07-12T21:49:08+00:00,track,,,1,12996446515
1414341684,3,2025-07-15T18:25:52+00:00,track,,,4,13002418490 12996542416 12997677476 12997677475
1414454710,1,2025-07-13T15:11:45+00:00,track,,,2,12997588789 12997588721
1414454731,2,2025-07-14T16:09:37+00:00,residential,,,1,12999510389
1414463798,1,2025-07-13T16:11:41+00:00,track,,,2,12997677539 12997677545
1414469991,1,2025-07-13T16:53:04+00:00,service,,,2,12997744563 12997744561
1414500896,2,2025-07-14T14:04:25+00:00,track,,,1,12999319325
1414652428,1,2025-07-14T13:42:36+00:00,track,,,1,12999271940
1414659012,1,2025-07-14T14:04:25+00:00,service,,,2,12999319543 12999319544
1414678977,1,2025-07-14T16:09:37+00:00,unclassified,Brewington Creek Road,,1,12999510400
1414699715,2,2025-07-15T17:13:02+00:00,track,,,1,13002272948
1414743016,1,2025-07-14T22:24:03+00:00,footway,East-West Trail,,1,13000095329
1414743025,1,2025-07-14T22:24:03+00:00,footway,East-West Trail,,1,10979952879
1414755380,1,2025-07-15T00:22:43+00:00,service,,,1,12997818807
1414755384,2,2026-04-01T15:13:13+00:00,service,,,2,13698920405 13698920404
1414760353,1,2025-07-15T01:12:13+00:00,residential,,,2,13000303092 13000303090
1414951202,1,2025-07-15T17:13:02+00:00,track,,,2,13002272871 13002272870
1415174790,1,2025-07-16T13:49:23+00:00,track,,,1,13004386775
1415193907,2,2025-07-17T18:05:38+00:00,track,,,1,13007138417
1415193923,2,2025-07-16T15:48:06+00:00,track,,,1,13004608693
1415198886,1,2025-07-16T15:48:06+00:00,track,,,1,13004608481
1415221417,1,2025-07-16T17:54:42+00:00,track,,,1,13004813442
1415262871,1,2025-07-16T20:43:39+00:00,track,,,2,13005215795 13005215796
1415262872,1,2025-07-16T20:43:39+00:00,track,,,2,13005215829 13005215828
1415268773,3,2025-07-16T21:57:29+00:00,track,,,2,12999696534 13005239379
1415287169,1,2025-07-16T23:47:55+00:00,service,,,1,13000303137
1415416496,1,2025-07-17T14:22:04+00:00,track,,,1,11987784393
1415416499,1,2025-07-17T14:22:04+00:00,residential,,,1,13006706867
1415428809,2,2025-07-21T22:40:57+00:00,residential,Camino Real Road,,1,13006833924
1415432611,2,2025-07-17T15:53:13+00:00,path,,,1,13006870959
1415435336,1,2025-07-17T15:53:13+00:00,path,Gaines Creek Neighborhood Park Trail 1,,1,13006885166
1415604216,1,2025-07-18T07:50:20+00:00,track,Buffalo Creek Road,,2,12994940470 12994940471
1415737479,2,2026-05-23T20:04:02+00:00,track,,,1,13868855099
1416099988,1,2025-07-20T13:52:45+00:00,track,,,1,13013634719
1416411923,1,2025-07-21T22:40:57+00:00,track,,,1,13006833874
1416527764,2,2025-11-12T18:56:03+00:00,footway,,,1,13300203148
1416550384,2,2026-03-16T21:21:49+00:00,track,,,1,13653457753
1416655726,1,2025-07-23T03:47:21+00:00,track,,,2,13018368296 13018368297
1416655727,1,2025-07-23T03:47:21+00:00,track,,,7,13018368343 13018368346 13018368345 13018368344 13018368342 13018368341 13018368340
1416655728,1,2025-07-23T03:47:21+00:00,track,,,1,6654183017
1416760412,2,2025-07-29T03:51:27+00:00,path,,,1,13033166780
1417948480,2,2025-12-30T17:34:24+00:00,path,,,1,13030488653
1418230970,1,2025-07-29T04:15:40+00:00,track,,,1,8023358514
1418497515,1,2025-07-29T21:46:15+00:00,residential,Fuente Street,,1,13035734139
1418710906,1,2025-07-30T16:39:43+00:00,track,,,1,13037697872
1418991714,1,2025-07-31T18:59:16+00:00,track,,,1,10563411219
1419058251,1,2025-08-01T02:48:07+00:00,track,,,1,13040500932
1419060068,2,2025-12-11T14:21:23+00:00,track,,,4,13369688782 13369688593 13369688592 13369688506
1419060100,1,2025-08-01T03:08:26+00:00,track,,,1,13040513993
1419381093,2,2025-12-11T14:50:27+00:00,track,,,2,13369760250 13369760226
1420633584,2,2026-05-23T20:04:02+00:00,service,,,1,13868855172
1420633585,2,2026-05-23T20:04:02+00:00,track,,,1,13868855101
1420723556,1,2025-08-07T11:19:30+00:00,footway,,,1,13056029942
1420984576,2,2026-08-08T20:12:29+00:00,track,,,1,13058327299
1420984580,1,2025-08-08T16:26:10+00:00,track,,,1,13058327299
1420984585,1,2025-08-08T16:26:10+00:00,cycleway,,,1,13058327811
1420993244,1,2025-08-08T17:10:12+00:00,track,,,1,13058392728
1420993249,1,2025-08-08T17:10:12+00:00,track,,,1,13058392822
1421501726,2,2026-02-09T21:00:18+00:00,track,,,2,13538791159 13538832413
1422127025,2,2026-05-23T20:04:02+00:00,track,,,1,13868854892
1422127027,2,2026-05-23T20:04:02+00:00,track,,,1,13868854894
1422331614,1,2025-08-14T17:07:56+00:00,service,,,1,151284072
1422381487,1,2025-08-14T22:23:51+00:00,track,,,1,13071650515
1422381488,1,2025-08-14T22:23:51+00:00,track,,,1,13071650587
1422511642,3,2025-08-19T03:12:23+00:00,residential,,,1,324242255
1422682343,1,2025-08-16T16:08:50+00:00,path,,,1,13074548221
1422682374,1,2025-08-16T16:08:50+00:00,path,,,1,10700298508
1422750858,1,2025-08-16T22:27:02+00:00,path,,,1,13075135433
1422750859,1,2025-08-16T22:27:02+00:00,path,,,3,13075135432 13075135431 13075135430
1422750864,1,2025-08-16T22:27:02+00:00,path,,,1,13075135845
1422750867,1,2025-08-16T22:27:02+00:00,path,,,1,13075135606
1422750878,1,2025-08-16T22:27:02+00:00,path,,,1,13075135846
1422750881,1,2025-08-16T22:27:02+00:00,path,,,1,13075136585
1422750884,1,2025-08-16T22:27:02+00:00,path,,,2,13075135996 13075135995
1422750886,1,2025-08-16T22:27:02+00:00,path,,,2,13075136088 13075136089
1422750895,1,2025-08-16T22:27:02+00:00,path,,,4,13075136220 13075136221 13075136219 13075136218
1422750902,1,2025-08-16T22:27:02+00:00,path,,,1,13075136469
1422750903,1,2025-08-16T22:27:02+00:00,path,,,1,13075136477
1422750904,1,2025-08-16T22:27:02+00:00,path,,,1,13075136486
1422750912,1,2025-08-16T22:27:02+00:00,path,,,1,12812519325
1423129170,1,2025-08-18T23:33:28+00:00,path,,,1,13078881914
1423129171,1,2025-08-18T23:33:28+00:00,path,,,1,13078881991
1423130444,1,2025-08-18T23:41:43+00:00,path,,,1,13078872932
1423610593,3,2025-11-13T16:24:54+00:00,path,,,1,13301961477
1423793164,2,2026-04-15T20:10:23+00:00,residential,Spring Creek Road,,1,13733350149
1424119951,2,2026-04-09T20:23:23+00:00,footway,Dog Canyon Trail / Nine Point Draw,,1,10649481874
1424860496,1,2025-08-25T18:59:51+00:00,track,,,2,13071331221 13071331227
1425011929,1,2025-08-26T13:42:49+00:00,track,,,1,13098428674
1426130983,2,2025-08-31T02:24:47+00:00,path,Low Water Crossing #4 Boardwalk,,1,13109562316
1426704853,2,2025-10-07T19:01:54+00:00,path,,,1,13201368123
1426707392,1,2025-09-02T19:09:03+00:00,path,,,1,13078895165
1426712705,1,2025-09-02T19:43:21+00:00,path,,,1,13115227928
1426714271,1,2025-09-02T19:52:51+00:00,path,,,1,13115244443
1427118290,2,2025-09-04T14:54:08+00:00,track,,,3,13119541541 13119541534 13119541555
1427208762,1,2025-09-04T21:35:36+00:00,track,,,1,13120280851
1427208764,1,2025-09-04T21:35:36+00:00,track,,,1,13120280869
1427226711,1,2025-09-05T00:07:25+00:00,track,,,1,13120414832
1427244838,2,2025-09-18T04:28:27+00:00,footway,,,1,13120598026
1432107149,1,2025-09-22T20:09:04+00:00,track,,,1,13163293198
1432345372,1,2025-09-23T17:31:05+00:00,track,,,1,13165681521
1432345374,1,2025-09-23T17:31:05+00:00,track,,,2,13165681733 13165681734
1432345376,1,2025-09-23T17:31:05+00:00,track,,,1,13165681743
1432403653,2,2026-04-14T16:42:40+00:00,residential,,,1,13730471222
1432556094,2,2025-11-13T17:14:27+00:00,footway,,,1,13302014698
1434285081,1,2025-09-30T04:11:42+00:00,path,Surf's Up,,1,13183273494
1434285082,1,2025-09-30T04:11:42+00:00,path,,,1,13183294621
1434285085,1,2025-09-30T04:11:42+00:00,path,,,2,13183273487 9697646148
1434285088,1,2025-09-30T04:11:42+00:00,path,,,2,13183294651 13183294639
1434386772,1,2025-09-30T14:35:50+00:00,footway,,,1,12690187053
1434788785,2,2026-02-28T23:12:53+00:00,track,,,1,13188142455
1435418930,1,2025-10-04T17:24:38+00:00,track,,,1,13193822769
1436259163,2,2025-12-15T14:38:01+00:00,path,,,1,13378345584
1436259164,2,2025-12-15T14:38:01+00:00,path,,,3,13378346113 13378346114 13378346115
1436259165,2,2025-12-15T14:38:01+00:00,path,,,1,13378346116
1436264768,2,2026-02-12T01:36:48+00:00,path,,,1,13544990939
1436292675,2,2025-12-15T14:38:01+00:00,path,TP Sweet Skull,,4,13378346109 13378346108 13378346107 13201649145
1436293431,2,2025-12-15T14:38:01+00:00,path,,,1,13378345681
1436293434,2,2025-12-15T14:38:01+00:00,path,Race Loop,,1,13378345756
1436606190,1,2025-10-09T04:57:28+00:00,track,,,1,13204193137
1437019240,3,2026-02-22T18:26:58+00:00,service,,,1,13591106438
1442241613,2,2026-03-22T00:49:29+00:00,residential,County Road 2200,,1,13668118403
1443971283,1,2025-10-22T15:56:06+00:00,track,,,1,13250161921
1445286122,1,2025-10-26T20:36:54+00:00,track,,,6,13115057739 13115036081 228762843 13115036078 13115036077 13115036049
1445454256,1,2025-10-27T16:15:02+00:00,track,,,3,13261808246 13261808247 13261808275
1445635182,2,2025-10-27T22:09:05+00:00,footway,,,1,12214357636
1446386365,3,2026-02-14T05:11:10+00:00,path,,,1,13192046686
1446585570,1,2025-10-31T19:22:56+00:00,track,,,1,13272896583
1447251348,1,2025-11-03T22:34:32+00:00,footway,,,1,13278637415
1447777920,1,2025-11-05T18:58:44+00:00,path,,,1,13283715831
1448231672,1,2025-11-07T15:52:45+00:00,footway,Bell Trail,,2,13287528436 13287528437
1448231678,1,2025-11-07T15:52:45+00:00,footway,Taylor Creek Trail,,1,13287528429
1448231679,1,2025-11-07T15:52:45+00:00,footway,,,1,13287528428
1448231685,1,2025-11-07T15:52:45+00:00,footway,,,1,13287528456
1448273903,2,2026-04-12T13:04:34+00:00,construction,,,1,12460973683
1448503644,2,2026-04-15T04:03:11+00:00,footway,,,1,12472278992
1448688362,1,2025-11-09T17:54:38+00:00,path,,,1,12453348686
1449563942,2,2025-11-29T04:39:52+00:00,unclassified,County Road 408N,CR 408,1,13339760076
1449655058,1,2025-11-11T13:46:26+00:00,service,,,1,11958250504
1450413944,1,2025-11-14T00:23:51+00:00,track,,,1,13302726084
1450424871,1,2025-11-14T02:32:26+00:00,track,,,1,13302846636
1450773169,2,2026-02-15T17:50:00+00:00,track,,,1,13567265820
1451002648,2,2026-02-14T03:58:14+00:00,path,Ike's Hike and Bike Trail,,1,13563370774
1454177416,2,2026-02-15T17:50:00+00:00,track,,,1,13567266074
1454177417,2,2026-02-15T17:50:00+00:00,track,,,1,13336277454
1454177422,2,2026-02-15T17:50:00+00:00,track,,,1,13336277532
1454669149,2,2026-05-06T22:59:54+00:00,service,,,1,13804982670
1454669152,1,2025-11-29T14:37:28+00:00,track,,,1,13340524068
1454711905,2,2026-04-24T14:42:45+00:00,service,,,1,13758839159
1454917265,1,2025-11-30T14:35:47+00:00,service,,,1,13342624327
1455042151,1,2025-12-01T01:51:26+00:00,track,,,1,13343683836
1455042152,1,2025-12-01T01:51:26+00:00,track,,,3,13343683894 13343683893 13343683880
1455213451,1,2025-12-01T16:04:21+00:00,track,Private Road 4003,,1,13345308916
1455591605,2,2026-06-14T13:37:49+00:00,unclassified,Bethany State Line Road,,1,13938417243
1455778890,2,2025-12-30T17:23:55+00:00,path,Stroller Roller,,1,8840237761
1455865300,1,2025-12-03T21:51:59+00:00,track,,,1,13352165645
1456055306,1,2025-12-04T16:40:26+00:00,service,,,1,7271001356
1456558175,2,2026-01-18T18:46:02+00:00,track,,,1,13358197030
1457015476,2,2026-05-28T15:42:52+00:00,path,,,4,12453337188 12453337189 12453337190 12453337191
1457646059,3,2026-05-07T16:28:50+00:00,path,,,1,9469240914
1458401757,2,2026-06-03T02:26:36+00:00,footway,,,1,13906061935
1458425325,1,2025-12-14T06:51:13+00:00,track,,,1,10573333632
1459060269,1,2025-12-16T14:20:38+00:00,track,,,1,13381345737
1459136832,1,2025-12-16T20:48:07+00:00,track,,,1,13382139359
1459222647,2,2026-06-30T15:20:03+00:00,unclassified,Eastex Ridge Road,,1,12313138794
1459372829,1,2025-12-17T19:05:31+00:00,service,,,1,13384080831
1459427097,6,2026-08-25T22:29:25+00:00,track,,,1,13384627820
1459427098,2,2025-12-18T03:06:50+00:00,track,,,1,13384627759
1459445098,3,2026-02-26T03:23:16+00:00,residential,Village Grove Pkwy,,1,13384707054
1459844490,1,2025-12-19T15:28:06+00:00,track,,,1,13388923947
1459844491,1,2025-12-19T15:28:06+00:00,track,,,1,13388923973
1459885914,1,2025-12-19T17:55:45+00:00,track,,,1,13389262140
1459905512,2,2025-12-19T21:59:05+00:00,track,,,1,13389425654
1459931790,1,2025-12-19T21:59:05+00:00,track,,,1,13389595239
1459931792,1,2025-12-19T21:59:05+00:00,track,,,1,13389617914
1459931801,1,2025-12-19T21:59:05+00:00,track,,,1,13389617981
1460140384,3,2025-12-29T05:17:20+00:00,service,,,1,13389791626
1461311994,1,2025-12-24T16:41:15+00:00,track,,,2,13401713024 13401713025
1461365909,1,2025-12-24T23:58:09+00:00,residential,Paseo Rio,,1,149498555
1461546169,1,2025-12-25T16:16:28+00:00,service,,,1,13404665797
1462037410,3,2025-12-28T19:31:28+00:00,path,,,1,12453337188
1462110051,2,2026-01-01T17:19:02+00:00,path,West Creek Greenway,,1,9381190774
1462112150,3,2025-12-28T04:26:20+00:00,cycleway,,,1,13411127238
1462112153,1,2025-12-27T18:58:11+00:00,cycleway,,,1,13411134395
1462191053,1,2025-12-28T02:54:56+00:00,track,,,1,13411799904
1462193760,1,2025-12-28T03:21:40+00:00,cycleway,,,1,8325634937
1462476044,1,2025-12-29T03:40:36+00:00,track,,,2,13414873046 13414873045
1462732388,2,2025-12-30T04:17:24+00:00,footway,,,1,13417220849
1462740142,1,2025-12-30T04:17:24+00:00,footway,,,1,13417220851
1462953652,1,2025-12-30T21:55:28+00:00,track,,,1,13419125046
1462972167,1,2025-12-30T23:53:04+00:00,service,,,1,13419292298
1463426038,1,2026-01-01T12:20:44+00:00,path,,,3,13423549503 3487381624 12472142809
1463599372,2,2026-01-02T02:58:20+00:00,residential,Minnow Drive,,1,13424866154
1464270605,1,2026-01-05T05:28:06+00:00,track,,,1,13431684779
1464481956,2,2026-03-15T22:03:44+00:00,service,,,1,13650922421
1465007373,1,2026-01-07T05:39:50+00:00,track,,,1,12481625482
1466470641,1,2026-01-12T13:35:14+00:00,path,,,1,12458781833
1466926186,1,2026-01-14T03:04:14+00:00,track,,,1,13454795605
1469649363,1,2026-01-23T01:08:51+00:00,unclassified,,,1,12733817219
1469652956,2,2026-02-25T19:30:30+00:00,unclassified,,,4,13598987017 13598987016 13598987015 13598987014
1469800735,1,2026-01-23T14:22:27+00:00,service,,,1,13479236863
1469928791,1,2026-01-23T23:17:52+00:00,service,Phillip Road,,1,13480724034
1471081335,1,2026-01-26T15:47:06+00:00,track,,,1,12688685126
1471904024,1,2026-01-28T09:16:39+00:00,track,,,1,13506146559
1473259033,1,2026-02-01T02:30:29+00:00,track,,,1,13516013407
1473259038,1,2026-02-01T02:30:29+00:00,track,,,1,13516013510
1473526458,1,2026-02-02T07:07:14+00:00,path,,,1,13518731399
1473551257,2,2026-02-02T09:40:59+00:00,service,,,2,13518958905 13518958904
1473551320,1,2026-02-02T09:02:10+00:00,service,,,1,13518959858
1473559603,1,2026-02-02T09:40:59+00:00,service,,,2,13519026385 13519026386
1473627859,2,2026-03-23T16:56:37+00:00,unclassified,Toe Nail Trail,,1,13519530795
1473667828,1,2026-02-02T17:11:46+00:00,residential,,,1,13519982585
1473676498,1,2026-02-02T18:02:58+00:00,track,,,1,13520057239
1474011343,1,2026-02-03T23:06:54+00:00,residential,,,1,13523014889
1474509618,3,2026-05-02T15:21:55+00:00,footway,,,1,13527062214
1474544004,1,2026-02-05T21:00:25+00:00,residential,,,2,11935137693 11935132220
1474610467,2,2026-08-19T12:56:51+00:00,cycleway,19th St Bikeway,,1,13528158057
1475983687,1,2026-02-09T22:41:15+00:00,service,,,1,13539052612
1476265460,1,2026-02-10T18:44:19+00:00,track,,,1,12073707014
1478463498,3,2026-03-15T22:03:44+00:00,service,,,1,13650922422
1478463500,2,2026-03-15T22:03:44+00:00,service,,,1,13650922423
1478473542,1,2026-02-14T03:58:14+00:00,path,Ike's Hike and Bike Trail,,1,13563433162
1478665869,1,2026-02-14T20:12:51+00:00,service,,,1,13565053174
1479486070,3,2026-05-29T12:02:16+00:00,service,,,1,13672041323
1479486075,2,2026-03-23T15:28:54+00:00,service,,,1,13672041324
1479933060,3,2026-06-18T22:11:31+00:00,service,,,1,13936731234
1479933449,4,2026-06-20T05:06:58+00:00,service,,,1,13936731233
1480849718,1,2026-02-19T18:26:22+00:00,track,Williams,,1,13582368301
1481102391,1,2026-02-20T12:36:45+00:00,track,,,1,13584682313
1481253080,2,2026-08-09T20:00:26+00:00,service,,,1,14084293727
1481254898,3,2026-08-09T20:00:26+00:00,service,,,1,13676562664
1481265845,1,2026-02-21T03:32:02+00:00,track,,,1,227657321
1481265846,1,2026-02-21T03:32:02+00:00,track,,,1,11308067497
1481272550,1,2026-02-21T04:20:38+00:00,track,,,1,4626592083
1481293731,1,2026-02-21T07:57:38+00:00,service,,,1,13586310750
1481293732,1,2026-02-21T07:57:38+00:00,service,,,1,13586310751
1481435232,1,2026-02-21T15:16:42+00:00,service,,,1,9662189104
1481547954,3,2026-08-02T01:40:42+00:00,track,,,2,13655637660 14067349857
1481619400,1,2026-02-21T22:26:20+00:00,service,,,1,13588488970
1481953196,2,2026-02-22T16:54:33+00:00,service,,,1,13134412420
1481965074,1,2026-02-22T16:54:33+00:00,service,,,1,13134392590
1481965081,1,2026-02-22T16:54:33+00:00,service,,,1,13590848979
1482079730,1,2026-02-23T01:49:14+00:00,service,,,1,13591782192
1482951432,1,2026-02-25T17:19:29+00:00,service,,,1,13598591541
1482957279,1,2026-02-25T17:49:52+00:00,track,,,1,13598640123
1483125156,1,2026-02-26T01:47:59+00:00,track,,,1,13599840436
1483877957,1,2026-02-27T16:00:33+00:00,track,,,1,13606001231
1483881388,1,2026-02-27T16:22:38+00:00,track,,,1,13606031110
1484156451,2,2026-04-09T01:13:12+00:00,cycleway,,,2,13717546357 13717546356
1484710297,1,2026-03-02T19:22:05+00:00,track,,,1,13612790283
1485140953,2,2026-03-23T13:28:35+00:00,track,,,1,13671784538
1485155564,1,2026-03-04T01:25:39+00:00,path,,,1,13616079136
1485270963,1,2026-03-04T07:02:19+00:00,path,,,1,13617020564
1485270965,1,2026-03-04T07:02:19+00:00,path,,,1,13617024207
1485435716,2,2026-03-15T02:27:30+00:00,track,,,1,13618323365
1485747929,1,2026-03-05T16:41:39+00:00,track,,,1,13620766114
1486339319,3,2026-09-14T00:52:27+00:00,track,,,1,9377871393
1486339320,3,2026-03-19T14:19:24+00:00,track,,,2,10983218475 10983218450
1486747966,1,2026-03-09T02:02:32+00:00,track,,,1,12437014876
1488484825,3,2026-03-29T06:59:57+00:00,service,,,1,13681631967
1488601179,1,2026-03-13T14:19:46+00:00,track,,,1,11802922114
1488601180,1,2026-03-13T14:19:46+00:00,unclassified,,,1,13168108652
1488601181,1,2026-03-13T14:19:46+00:00,unclassified,,,1,13168108653
1488601182,1,2026-03-13T14:19:46+00:00,unclassified,,,1,11802922111
1488601189,1,2026-03-13T14:19:46+00:00,unclassified,,,1,11802922108
1488601199,1,2026-03-13T14:19:46+00:00,track,,,1,11961064542
1488995903,1,2026-03-15T01:12:44+00:00,service,,,1,13168281377
1489002487,1,2026-03-15T02:27:30+00:00,track,,,1,10983218391
1489311442,2,2026-03-22T08:00:12+00:00,service,,,1,13668402267
1489863936,1,2026-03-17T17:06:26+00:00,footway,,,1,13655973273
1489979590,1,2026-03-17T22:53:52+00:00,track,,,1,10983241926
1489979593,1,2026-03-17T22:53:52+00:00,track,,,2,10983242323 10983242270
1490466992,3,2026-03-19T10:19:18+00:00,service,,,1,11954615627
1490484075,2,2026-03-19T10:19:18+00:00,service,,,1,11954615626
1490579853,1,2026-03-19T14:19:24+00:00,track,,,1,9382884408
1490579856,1,2026-03-19T14:19:24+00:00,track,,,1,10983218449
1490589831,1,2026-03-19T14:32:22+00:00,track,,,1,9382968640
1490589837,1,2026-03-19T14:32:22+00:00,track,,,1,9382968767
1490937717,1,2026-03-20T08:29:15+00:00,service,,,1,8957488093
1491689315,3,2026-04-07T09:56:36+00:00,service,,,1,13670583271
1491870639,1,2026-03-23T15:22:39+00:00,track,,,1,13672031035
1492029441,2,2026-04-10T19:43:49+00:00,service,,,1,13673232414
1492744483,1,2026-03-25T16:20:03+00:00,path,Palo Pinto Creek Loop,,6,13679272918 13679272874 13679272860 13679272775 13679272776 13679272777
1492744485,1,2026-03-25T16:20:03+00:00,path,Texas and Pacific Trail,,2,13679273022 6872287102
1492771834,1,2026-03-25T16:50:16+00:00,residential,,,1,13679528244
1492871241,1,2026-03-25T19:42:32+00:00,residential,,,1,13680132403
1493138162,1,2026-03-26T16:23:35+00:00,path,Los Negros Creek Trail,,1,13682250009
1493152801,1,2026-03-26T17:06:35+00:00,residential,,,1,13682368875
1493152810,1,2026-03-26T17:06:35+00:00,residential,,,1,13682375573
1493152815,1,2026-03-26T17:06:35+00:00,residential,,,1,13682375596
1493152819,1,2026-03-26T17:06:35+00:00,residential,,,1,13682375622
1493340918,9,2026-04-19T02:30:08+00:00,service,,,1,13689403719
1493461362,1,2026-03-27T16:34:48+00:00,track,,,1,13685096086
1493996500,3,2026-04-06T07:26:52+00:00,service,,,1,13689404152
1494107056,1,2026-03-30T01:20:22+00:00,residential,Huffman Road,,1,13690062640
1494112896,1,2026-03-30T02:44:47+00:00,service,,,1,13690147254
1494112936,1,2026-03-30T02:44:47+00:00,service,,,1,13690147699
1494408842,1,2026-03-30T18:59:18+00:00,track,,,1,13692248526
1494483987,1,2026-03-31T01:48:45+00:00,track,,,1,13694322398
1495180668,1,2026-04-01T17:50:05+00:00,cycleway,,,1,13699193774
1495322788,1,2026-04-02T01:23:12+00:00,service,,,1,13700189431
1495385457,1,2026-04-02T06:57:03+00:00,service,,,1,13700588942
1495696150,2,2026-05-19T09:32:05+00:00,track,,,1,13702309401
1495704874,1,2026-04-02T19:58:57+00:00,footway,,,1,13702385870
1495737389,1,2026-04-02T23:05:54+00:00,service,,,1,13702671519
1495737391,1,2026-04-02T23:05:54+00:00,service,,,1,12441844314
1495755330,1,2026-04-03T02:37:19+00:00,track,,,2,13702837868 13702837870
1495904096,2,2026-04-03T20:01:16+00:00,cycleway,Loop 7,,1,13242193657
1495925167,1,2026-04-03T20:01:16+00:00,cycleway,Loop 14,,2,13242193658 13242193659
1495925184,1,2026-04-03T20:01:16+00:00,cycleway,Loop 1a,,1,12056271312
1496900761,1,2026-04-06T07:26:52+00:00,service,,,1,13574268337
1497288096,1,2026-04-07T08:29:25+00:00,track,,,1,9184317495
1497548884,1,2026-04-08T01:27:43+00:00,unclassified,Presidio Ridge Drive,,1,13715209733
1497604671,1,2026-04-08T08:10:20+00:00,service,,,1,13715653791
1497604688,1,2026-04-08T08:10:20+00:00,service,,,1,13715654193
1497632958,1,2026-04-08T10:12:45+00:00,service,,,1,13716000263
1498061290,1,2026-04-09T20:23:23+00:00,track,,,1,13719505619
1498071399,2,2026-04-17T15:24:00+00:00,path,Rancherias Loop,,1,13737978792
1498071401,2,2026-04-17T15:24:00+00:00,path,Rancherias Loop,,6,13737978793 13737978766 13737978767 13737978768 13737978769 13665801004
1498134467,1,2026-04-10T07:42:03+00:00,service,,,1,13720205692
1498157054,3,2026-04-11T03:49:07+00:00,service,,,1,13720389585
1498212529,1,2026-04-10T13:41:55+00:00,track,,,1,13720837294
1498289549,1,2026-04-10T18:45:26+00:00,service,,,1,13721585525
1498289608,1,2026-04-10T18:45:26+00:00,service,,,1,13721586631
1498374035,1,2026-04-11T03:49:07+00:00,service,,,1,13722403150
1498447876,1,2026-04-11T13:49:55+00:00,service,,,1,13723114123
1498733932,2,2026-06-24T15:57:32+00:00,service,,,1,13962713745
1498795654,1,2026-04-12T14:22:14+00:00,residential,,,1,13725356422
1498795659,1,2026-04-12T14:22:14+00:00,residential,,,1,13725356499
1498916513,1,2026-04-12T23:56:11+00:00,footway,,,2,13726533886 13726533901
1498916514,1,2026-04-12T23:56:11+00:00,footway,,,1,13726533886
1498916515,1,2026-04-12T23:56:11+00:00,footway,,,1,13726533992
1498916516,1,2026-04-12T23:56:11+00:00,footway,,,1,13726533992
1498916518,1,2026-04-12T23:56:11+00:00,footway,,,1,13726534076
1499178605,1,2026-04-14T01:57:59+00:00,cycleway,,,1,13728770878
1499356556,1,2026-04-14T15:03:50+00:00,track,,,1,13730280699
1499408863,1,2026-04-14T18:36:38+00:00,residential,,,1,13730713152
1499637554,1,2026-04-15T15:21:28+00:00,track,,,3,13732573511 13732573512 13732573513
1499659445,1,2026-04-15T16:38:30+00:00,track,,,1,13732793448
1499659446,1,2026-04-15T16:38:30+00:00,track,,,2,13732793438 13732793478
1499735193,1,2026-04-15T20:24:12+00:00,service,,,1,13733375652
1499924843,1,2026-04-16T15:31:30+00:00,footway,,,2,13734978984 13734978996
1500255362,1,2026-04-17T14:22:26+00:00,track,,,1,13737625330
1500255376,1,2026-04-17T14:22:26+00:00,track,Ranch Road 1051,,3,13737625577 13737625579 13737625581
1500743788,1,2026-04-18T13:25:44+00:00,service,,,1,13739986570
1500875774,1,2026-04-18T20:35:11+00:00,track,,,3,13741029360 13741029377 13741029403
1500932607,1,2026-04-19T00:33:55+00:00,service,,,2,12530344762 12530344739
1501338633,1,2026-04-20T09:57:20+00:00,service,,,1,12444801858
1501338653,1,2026-04-20T09:57:20+00:00,service,,,1,13744790068
1501828713,2,2026-04-21T14:16:26+00:00,footway,,,1,13749139660
1501977833,1,2026-04-21T15:50:20+00:00,track,,,1,13749533343
1503529013,2,2026-04-28T00:46:24+00:00,path,,,1,13760194221
1504021013,2,2026-04-26T14:55:58+00:00,path,Ghost Camp Trail,,1,13763652803
1504026332,1,2026-04-26T14:08:06+00:00,path,Dinosaur Trail,,2,13763693569 13763693578
1504026347,2,2026-04-26T16:00:24+00:00,path,River Bend Trail,,2,13764132807 13764132808
1504026348,2,2026-04-26T16:00:24+00:00,path,River Bend Trail,,1,13764132806
1504051830,2,2026-04-26T15:32:33+00:00,bridleway,River Bend Horse Trail,,1,13764051142
1504051831,2,2026-04-26T15:32:33+00:00,path,River Bend Trail,,1,13764051182
1504051832,2,2026-04-26T15:32:33+00:00,path,Flintstone Village Trail,,1,13764050999
1504051836,2,2026-04-26T16:00:24+00:00,path,Trailhead Route,,1,13764132805
1504051859,2,2026-04-26T15:32:33+00:00,path,Playground Trail,,1,13764050754
1504067741,1,2026-04-26T15:32:33+00:00,path,Playground Trail,,1,13764051326
1504220240,1,2026-04-26T21:40:51+00:00,residential,,,1,13765079621
1504624098,4,2026-05-04T16:41:41+00:00,footway,,,1,13775863568
1504735577,1,2026-04-27T23:31:52+00:00,service,,,1,12463436759
1505408072,1,2026-04-29T00:18:53+00:00,service,,,1,9208554111
1505410821,2,2026-06-30T13:15:51+00:00,service,,,2,13977888595 13977888594
1506962801,1,2026-04-30T15:54:31+00:00,footway,,,1,13781543373
1507522473,1,2026-05-01T18:41:38+00:00,cycleway,,,1,13785327261
1508770424,1,2026-05-04T06:51:40+00:00,service,,,1,13793423049
1509359614,1,2026-05-05T00:40:48+00:00,footway,,,1,13797332050
1509809462,1,2026-05-06T15:20:14+00:00,service,,,1,13796917355
1510157677,1,2026-05-07T01:05:44+00:00,track,,,3,13805105389 13805105371 13805105367
1510697123,1,2026-05-08T19:06:47+00:00,path,Central Bark Path,,2,13809494695 13809494696
1510816238,2,2026-07-10T13:26:48+00:00,track,,,1,13810277667
1511163603,1,2026-05-10T01:12:09+00:00,unclassified,,,1,13812562510
1512143301,1,2026-05-11T15:19:46+00:00,residential,,,1,10942871333
1512143313,1,2026-05-11T15:19:46+00:00,track,,,1,13818519094
1512143314,1,2026-05-11T15:19:46+00:00,track,,,1,13818519104
1512163752,1,2026-05-11T16:42:49+00:00,track,,,1,13818698508
1513454666,1,2026-05-14T10:51:18+00:00,service,,,3,13827391919 13827391917 13827391918
1513891880,1,2026-05-15T04:47:07+00:00,service,,,2,13830129702 13830129703
1515463506,1,2026-05-17T15:55:30+00:00,track,,,1,13840524546
1516648942,1,2026-05-18T21:48:09+00:00,track,,,1,12329159176
1517107228,1,2026-05-19T15:24:02+00:00,footway,Rinard Creek Greenbelt Trail,,1,13849788520
1517107230,1,2026-05-19T15:24:02+00:00,footway,Rinard Creeek Greenbelt Trail,,1,13849788699
1517107232,1,2026-05-19T15:24:02+00:00,footway,Rinard Creek Greenbelt Trail,,1,13849788742
1517167969,1,2026-05-19T17:07:17+00:00,footway,Southeast Metro Primitive Trail,,2,13850126340 13850126339
1517255855,3,2026-05-20T23:06:14+00:00,track,,,1,13850834516
1517255856,2,2026-05-20T23:06:14+00:00,track,,,1,13854657798
1517255860,2,2026-06-30T00:32:39+00:00,track,,,1,13976376032
1517255887,3,2026-05-20T13:07:15+00:00,track,,,1,13850740562
1517255891,2,2026-05-20T23:06:14+00:00,track,,,1,13850835390
1517255897,2,2026-05-20T23:06:14+00:00,track,,,1,13854658734
1517255898,3,2026-08-04T19:37:32+00:00,track,,,1,13854658556
1517260584,2,2026-06-03T17:28:43+00:00,track,,,1,13850835900
1517260592,3,2026-06-30T13:13:02+00:00,track,,,1,13850771319
1517260605,2,2026-05-20T23:06:14+00:00,track,,,1,13854658733
1517260609,2,2026-05-20T13:07:15+00:00,track,,,1,13852793115
1517270608,1,2026-05-20T01:43:39+00:00,service,,,1,13850995361
1517279429,1,2026-05-20T02:36:45+00:00,unclassified,Duval Road,,2,12441866127 13063946299
1517279430,1,2026-05-20T02:36:45+00:00,service,,,1,13851056530
1517279435,1,2026-05-20T02:36:45+00:00,service,,,1,13851056687
1517279487,1,2026-05-20T02:36:45+00:00,service,,,2,12441866135 12441866136
1517279493,2,2026-05-20T03:22:45+00:00,service,,,1,13148777779
1517556793,2,2026-06-30T00:32:39+00:00,track,,,1,13976375853
1517556803,3,2026-06-30T00:32:39+00:00,track,,,1,13976376062
1517772453,1,2026-05-20T18:54:24+00:00,track,,,1,13854068210
1517772463,1,2026-05-20T18:54:24+00:00,track,,,1,13854068233
1517790812,1,2026-05-20T19:35:40+00:00,residential,,,1,13854182699
1517799394,1,2026-05-20T20:05:35+00:00,residential,,,1,13854243599
1517799395,1,2026-05-20T20:05:35+00:00,residential,,,2,13854243613 13854243584
1518660442,2,2026-05-22T11:10:37+00:00,service,,,1,11608793308
1518683811,1,2026-05-22T11:10:37+00:00,track,,,1,10922294112
1518754904,1,2026-05-22T16:26:53+00:00,service,,,1,13860982902
1520883992,1,2026-05-24T18:10:06+00:00,service,,,1,13873473863
1521116318,1,2026-05-25T03:27:14+00:00,service,,,1,13874998887
1521189343,2,2026-05-27T05:40:13+00:00,service,,,1,13875323195
1523249674,3,2026-06-04T10:21:59+00:00,service,,,2,13909292964 13886684710
1523249675,2,2026-06-04T10:21:59+00:00,service,,,2,13886684709 13909292963
1523249709,4,2026-06-04T10:21:59+00:00,service,,,2,13909292965 13909292966
1523282122,2,2026-06-04T10:21:59+00:00,service,,,3,1740651871 13886815833 13886815834
1523547990,4,2026-05-27T20:13:05+00:00,footway,Dogwood Canyon Primitive Hiking Trail,,1,13889351371
1523548000,4,2026-05-27T20:13:05+00:00,footway,Dogwood Canyon Primitive Hiking Trail,,3,13889571996 13889571608 13889352041
1523748340,1,2026-05-27T19:04:40+00:00,cycleway,DORBA Trail Blue Loop,,2,13889351369 13889351370
1523748341,1,2026-05-27T19:04:40+00:00,cycleway,DORPA Trail Orange Loop,,2,13889351196 13889351696
1523748351,1,2026-05-27T19:04:40+00:00,service,,,1,13889352039
1523748378,1,2026-05-27T19:04:40+00:00,cycleway,DORBA Trail Pink Loop,,2,13889352106 13889352105
1523776644,1,2026-05-27T20:13:05+00:00,cycleway,DORBA Trail Red Loop,,1,13889571607
1523776645,1,2026-05-27T20:13:05+00:00,cycleway,DORBA Trail Yellow Loop,,2,13889571997 13889571609
1524355080,1,2026-05-29T13:55:53+00:00,track,,,1,13893904546
1524521993,1,2026-05-30T08:00:33+00:00,service,,,2,13605347260 13895337384
1524521994,1,2026-05-30T08:00:33+00:00,service,,,1,13895337384
1524560741,1,2026-05-30T12:17:42+00:00,footway,,,2,13895696727 13895696728
1524794772,1,2026-05-31T03:12:30+00:00,path,,,1,13898011843
1524794776,1,2026-05-31T03:12:30+00:00,path,,,2,13898012460 13898012461
1524794779,2,2026-05-31T04:04:31+00:00,path,,,1,13898012835
1524794782,2,2026-06-01T01:57:05+00:00,path,,,1,13900291353
1524794784,2,2026-05-31T04:04:31+00:00,path,,,1,13898012660
1524794787,2,2026-05-31T04:04:31+00:00,path,,,1,13898064340
1524797894,1,2026-05-31T04:04:31+00:00,service,,,1,13898065332
1524808054,2,2026-05-31T07:06:45+00:00,service,,,1,13898127476
1526060525,1,2026-06-04T10:21:59+00:00,service,,,1,13909292963
1526401936,1,2026-06-05T11:57:30+00:00,service,,,1,13912161565
1526649114,1,2026-06-06T03:52:11+00:00,track,,,1,13913672469
1527796913,2,2026-06-10T00:13:16+00:00,service,,,1,12438805971
1527807832,2,2026-06-10T00:51:56+00:00,service,,,1,13922558100
1527998394,3,2026-06-10T22:20:11+00:00,service,,,1,13924508596
1528001525,2,2026-06-11T22:23:54+00:00,service,,,1,13924544395
1528001589,1,2026-06-10T00:51:56+00:00,service,,,1,13924545032
1528001615,1,2026-06-10T00:52:39+00:00,residential,,,1,13924543129
1528309073,1,2026-06-10T23:04:24+00:00,service,,,1,13927402619
1528451926,1,2026-06-11T10:38:45+00:00,service,,,1,13928588132
1528464781,1,2026-06-11T11:40:07+00:00,service,,,1,13928676538
1528855670,1,2026-06-12T18:13:43+00:00,track,,,2,13931847590 13931847591
1528855674,1,2026-06-12T18:13:43+00:00,track,,,2,13931847661 13931847662
1529291688,2,2026-09-11T07:41:05+00:00,service,,,1,13937671584
1529291689,1,2026-06-14T03:48:07+00:00,service,,,1,13937671583
1529465780,1,2026-06-14T20:39:10+00:00,service,,,1,12456319740
1529516518,1,2026-06-15T02:26:33+00:00,track,,,1,13939583719
1529516541,1,2026-06-15T02:26:33+00:00,track,,,1,13939583856
1530219082,1,2026-06-16T23:31:09+00:00,residential,Blue Heron Drive,,1,13946505298
1530490957,3,2026-06-18T19:05:29+00:00,track,,,2,13948906570 13948906569
1530490958,1,2026-06-18T02:44:58+00:00,track,,,1,2958123998
1530490959,1,2026-06-18T02:44:58+00:00,track,,,1,13948907053
1530490964,1,2026-06-18T02:44:58+00:00,track,,,1,13948907055
1530490967,1,2026-06-18T02:44:58+00:00,track,,,1,13948907054
1530490970,1,2026-06-18T02:44:58+00:00,track,,,1,13948906838
1530495143,1,2026-06-18T03:25:02+00:00,track,,,1,2958124168
1530495144,1,2026-06-18T03:25:02+00:00,track,,,1,13948942494
1530495148,1,2026-06-18T03:25:02+00:00,track,,,1,13948942565
1530495167,2,2026-06-18T19:05:29+00:00,track,,,1,13948942934
1530597382,1,2026-06-18T13:47:31+00:00,track,,,1,13950024846
1530680636,1,2026-06-18T19:05:29+00:00,track,,,1,13950682859
1530680637,1,2026-06-18T19:05:29+00:00,track,,,2,13950682886 13950682887
1530680644,1,2026-06-18T19:05:29+00:00,track,,,2,13950693030 12863500622
1530712746,3,2026-07-12T02:26:27+00:00,service,,,1,13950954430
1530928235,1,2026-06-19T22:30:14+00:00,footway,,,1,13953049940
1531055718,1,2026-06-20T17:07:17+00:00,track,,,1,13954234437
1531127214,2,2026-06-21T02:20:48+00:00,cycleway,Tucker Lake Trail,,1,13679267976
1531135588,3,2026-06-24T14:55:40+00:00,path,,,1,13958318222
1531227334,3,2026-06-23T22:56:47+00:00,service,,,1,12456283984
1531227343,4,2026-06-23T22:14:23+00:00,service,,,1,12456283983
1531235179,3,2026-06-23T08:55:36+00:00,service,,,1,13955976372
1531235183,1,2026-06-21T17:06:02+00:00,service,,,1,13955976371
1531235185,1,2026-06-21T17:06:02+00:00,service,,,1,13955976399
1531269758,1,2026-06-21T21:05:51+00:00,footway,,,1,4779342260
1531595120,1,2026-06-23T09:38:13+00:00,service,,,1,13959558403
1531606203,2,2026-06-23T12:13:54+00:00,service,,,1,13959647861
1531606209,1,2026-06-23T10:36:45+00:00,service,,,1,13959647929
1531764685,1,2026-06-23T22:56:47+00:00,service,,,1,13960993921
1531795071,1,2026-06-24T01:37:33+00:00,footway,,,1,13961212880
1531814397,1,2026-06-24T03:15:49+00:00,track,,,1,13961343572
1531814402,1,2026-06-24T03:15:49+00:00,track,,,1,13404370312
1532427589,1,2026-06-25T21:36:10+00:00,unclassified,,,2,13966176137 13966176136
1533394101,2,2026-06-29T16:14:18+00:00,path,,,2,13973581678 13973581677
1533394102,1,2026-06-29T02:27:33+00:00,path,,,1,13973581684
1533394107,2,2026-06-29T02:53:29+00:00,path,,,1,13973582046
1534268089,1,2026-07-01T13:28:54+00:00,track,,,1,13980459439
1534391501,1,2026-07-01T20:44:55+00:00,path,Serrulata,,1,13981531280
1534391502,1,2026-07-01T20:44:55+00:00,path,Serrulata,,1,13981531279
1535132310,1,2026-07-04T06:12:20+00:00,track,,,1,12441802925
1535241551,2,2026-09-16T08:43:15+00:00,cycleway,,,1,13988435538
1535241555,1,2026-07-04T16:46:53+00:00,cycleway,,,1,13988435574
1535243846,3,2026-07-04T17:26:52+00:00,cycleway,,,4,13988484019 13988484020 13988401593 8322640383
1536073644,2,2026-07-08T02:44:04+00:00,service,,,1,13994122175
1536643922,1,2026-07-08T21:13:19+00:00,track,,,1,12423615549
1537098933,1,2026-07-10T06:24:42+00:00,service,,,1,12427161029
1537298668,1,2026-07-10T19:49:02+00:00,footway,,,2,14003375816 14003375817
1537298669,1,2026-07-10T19:49:02+00:00,footway,,,2,14003376043 14003376044
1537614084,1,2026-07-12T03:44:09+00:00,service,,,1,12427161039
1537791519,2,2026-07-18T16:04:11+00:00,service,,,1,14024428605
1538505556,5,2026-08-18T18:54:28+00:00,service,,,2,14004090891 14004090892
1539100443,2,2026-08-20T07:27:35+00:00,track,,,1,14106951985
1539100444,2,2026-08-20T07:27:35+00:00,track,,,1,14014982096
1539100455,1,2026-07-14T16:15:45+00:00,track,,,1,14014982219
1539100481,2,2026-08-20T07:27:35+00:00,track,,,1,14106951987
1539100484,2,2026-08-20T07:27:35+00:00,track,,,1,14106963839
1539100491,2,2026-08-20T07:27:35+00:00,track,,,1,14106947877
1539100514,2,2026-08-20T07:27:35+00:00,track,,,2,14106951981 14014983190
1539100516,2,2026-08-20T07:27:35+00:00,track,,,1,14106960525
1539534520,3,2026-07-15T21:11:33+00:00,track,,,1,14018289668
1539534522,2,2026-07-15T21:11:33+00:00,track,,,2,14018289667 14018610865
1539534524,2,2026-07-15T21:11:33+00:00,track,,,1,14018610866
1539534535,1,2026-07-15T18:20:34+00:00,track,,,1,14018289791
1539534539,2,2026-07-15T21:11:33+00:00,track,,,2,14018289792 14018610861
1539535204,1,2026-07-15T18:23:33+00:00,track,,,1,14018294006
1539663237,1,2026-07-16T06:28:09+00:00,path,,,1,14019290522
1543105149,1,2026-07-22T23:53:11+00:00,service,,,1,14040509253
1543830457,1,2026-07-23T23:49:50+00:00,service,,,1,12436961109
1544542488,1,2026-07-25T11:58:46+00:00,service,,,1,14048991164
1544542495,1,2026-07-25T11:58:46+00:00,service,,,1,14048991186
1545534005,1,2026-07-28T23:02:47+00:00,track,,,2,14057302602 14057302603
1545608663,1,2026-07-29T06:25:55+00:00,service,,,1,14057917110
1546790607,1,2026-08-02T18:25:35+00:00,footway,,,1,14068917666
1547244158,1,2026-08-04T14:48:47+00:00,track,,,1,14072940926
1547244174,1,2026-08-04T14:48:47+00:00,track,,,1,14072941218
1547244176,2,2026-08-04T16:06:59+00:00,track,,,1,14072941235
1547258308,1,2026-08-04T16:06:59+00:00,track,,,1,14073083158
1547258310,1,2026-08-04T16:06:59+00:00,track,,,1,14073083222
1547258311,1,2026-08-04T16:06:59+00:00,track,,,3,14073083256 14073083257 14073083258
1547258313,1,2026-08-04T16:06:59+00:00,track,,,1,14073083315
1547258318,1,2026-08-04T16:06:59+00:00,track,,,1,14073084007
1547314971,2,2026-08-05T13:24:16+00:00,service,,,1,14073477739
1547314974,1,2026-08-04T19:37:32+00:00,track,,,1,13850835900
1547314975,2,2026-08-05T13:24:16+00:00,service,,,1,14073477764
1547314994,1,2026-08-04T19:37:32+00:00,residential,,,2,14073477900 14073477901
1547314995,1,2026-08-04T19:37:32+00:00,residential,,,1,14073477918
1547315000,1,2026-08-04T19:37:32+00:00,residential,,,1,14073478150
1547315009,1,2026-08-04T19:37:32+00:00,residential,,,1,14073478375
1547315012,1,2026-08-04T19:37:32+00:00,residential,,,1,14073478526
1547636057,1,2026-08-06T09:03:16+00:00,service,,,1,14076346509
1547829410,1,2026-08-07T04:28:30+00:00,service,,,3,14078017356 14078017355 14078017354
1547851878,3,2026-08-09T13:36:38+00:00,service,,,1,14078218532
1547979079,1,2026-08-07T19:49:03+00:00,track,,,4,14079227948 14079227953 14079227963 14079227902
1547979080,1,2026-08-07T19:49:03+00:00,track,,,3,14079227996 14079228004 14079228029
1547994208,1,2026-08-07T21:35:14+00:00,track,,,1,14079373904
1547994259,1,2026-08-07T21:35:14+00:00,track,,,2,14079374554 14079374555
1548185949,1,2026-08-08T19:50:57+00:00,track,,,1,14080911127
1548189335,1,2026-08-08T20:14:56+00:00,path,,,1,14080945071
1548189337,1,2026-08-08T20:14:56+00:00,path,,,1,14080945080
1548192205,1,2026-08-08T20:38:08+00:00,service,,,1,14080975340
1548317755,1,2026-08-09T13:36:38+00:00,service,,,1,14082118450
1548789992,1,2026-08-11T09:00:26+00:00,service,,,1,14087169274
1548796775,1,2026-08-11T09:44:50+00:00,service,,,1,12535046036
1548814625,1,2026-08-11T11:15:51+00:00,service,,,1,14087397907
1550044218,1,2026-08-16T01:23:12+00:00,service,,,1,14098053879
1550163299,1,2026-08-16T15:07:37+00:00,service,,,1,14099220615
1550276430,2,2026-08-19T07:58:48+00:00,footway,,,1,14104768333
1550277471,2,2026-08-25T06:48:46+00:00,footway,Dominon Trail At Leon Creek,,2,14121781254 14121781253
1550307498,2,2026-08-23T00:09:49+00:00,path,,,1,14113847475
1550748957,1,2026-08-19T07:46:25+00:00,service,,,1,14104760487
1550852906,1,2026-08-19T16:35:59+00:00,track,,,2,14105715093 14105714614
1550852921,1,2026-08-19T16:35:59+00:00,service,,,1,14105714690
1550852938,1,2026-08-19T16:35:59+00:00,track,,,1,14105715092
1550994050,1,2026-08-20T07:27:35+00:00,service,,,2,14106951979 14106951938
1551515778,1,2026-08-22T13:15:47+00:00,track,,,1,227433567
1551632160,1,2026-08-23T00:09:49+00:00,service,,,2,14113847473 14113847470
1551632162,1,2026-08-23T00:09:49+00:00,service,,,1,14100461993
1553228106,1,2026-08-28T15:51:21+00:00,footway,,,1,14131407800
1553254060,3,2026-08-30T11:24:46+00:00,unclassified,County Road 307,,1,14133944187
1553486346,2,2026-08-30T12:01:56+00:00,track,,,1,14133736413
1553486350,1,2026-08-29T18:49:47+00:00,track,,,1,14133736573
1553486355,1,2026-08-29T18:49:47+00:00,track,,,1,14133736715
1553486360,1,2026-08-29T18:49:47+00:00,track,,,1,14133736855
1553491820,2,2026-08-29T21:34:41+00:00,track,,,1,14133791361
1553517828,2,2026-08-30T10:24:38+00:00,track,,,1,10943500310
1553517831,1,2026-08-29T22:33:17+00:00,track,,,1,10943500355
1553601825,1,2026-08-30T12:01:56+00:00,track,,,1,14134799618
1553626566,1,2026-08-30T14:28:10+00:00,residential,,,1,14135040056
1553677730,1,2026-08-30T18:41:29+00:00,service,,,1,14135588605
1554331896,1,2026-09-01T20:09:11+00:00,track,,,2,10805637687 10680265112
1555355775,1,2026-09-05T01:11:58+00:00,service,,,1,14152650376
1555355805,1,2026-09-05T01:11:58+00:00,service,,,1,14152650628
1555423512,1,2026-09-05T04:52:18+00:00,service,,,1,12439995644
1555499421,1,2026-09-05T05:03:25+00:00,track,,,1,14152809011
1556928368,1,2026-09-07T20:19:06+00:00,service,,,1,14160590371
1557707827,2,2026-09-10T11:43:03+00:00,track,,,1,14167542550
1557753526,1,2026-09-10T02:26:46+00:00,service,,,3,14168233623 14168233622 14168233621
1557924992,2,2026-09-12T09:30:30+00:00,track,,,1,14174931634
1558167976,1,2026-09-11T17:11:20+00:00,track,,,1,14173940009
1558193876,4,2026-09-12T11:23:57+00:00,track,,,3,12676732065 14174185580 14174185545
1558193960,1,2026-09-11T19:54:31+00:00,track,,,1,12673346872
1558217769,1,2026-09-11T23:37:45+00:00,service,,,1,14174425770
1558391008,1,2026-09-12T22:16:54+00:00,service,,,1,14175996892
1559110104,1,2026-09-15T14:10:46+00:00,track,,,1,14183129090
1559992996,1,2026-09-17T18:55:39+00:00,service,,,1,8064305753
1559993002,1,2026-09-17T18:55:39+00:00,unclassified,County Road 308,CR 308,1,8064293081
1560206107,1,2026-09-18T16:37:34+00:00,track,,,1,14106964682
1560206115,1,2026-09-18T16:37:34+00:00,track,,,1,14192129931
1560477510,1,2026-09-19T11:09:34+00:00,service,,,1,12423612644
