area_id,buildings,residents_block,homes_block,n_cross,n_to_main,road_nodes,single_crossing,tract,county,crossings,lon,lat,nearmiss_10m,nearmiss_20m,nearmiss_40m,tiger_verdict,tiger_share_reaching_main,careful_set
979,1865,1226.323580556706,379.1370471540701,3,2,265,False,48029141800,Bexar,txgio:3448 txgio:7382 txgio:7383,-98.407726,29.280677,False,False,False,agrees_isolated,0.0,True
369,1055,1576.289390282476,579.2568500456127,6,2,701,False,48453035900,Travis,txgio:4490 txgio:4492 txgio:8252 txgio:8253 txgio:8254 txgio:8255,-97.97165,30.586921,False,True,True,agrees_isolated,0.0,False
505,835,2410.3903239969136,863.5166198501877,7,3,85,False,48027022103,Bell,txgio:1858 txgio:1859 txgio:1862 txgio:1870 txgio:1871 txgio:1874 txgio:1875,-97.692008,31.135577,False,True,True,agrees_isolated,0.0,False
135,727,811.7542014706892,413.9852906879891,9,8,137,False,48105950100,Crockett,twdb:140003782 twdb:140003788 twdb:140003830 txgio:6820 txgio:6834 txgio:6835 txgio:6836 txgio:6837 txgio:6838,-101.209932,30.714468,False,False,False,tiger_has_other_way,1.0,False
286,548,187.16671353787714,138.2605404733707,6,5,328,False,48259970101,Kendall,txgio:1612 txgio:1613 txgio:2539 txgio:884 txgio:888 txgio:890,-98.783609,29.98481,False,False,False,tiger_has_other_way,1.0,False
623,475,909.9580500497619,295.5319694532588,5,2,288,False,48251130212,Johnson,twdb:030864863 twdb:030864881 twdb:030864882 twdb:030864883 twdb:030864888 twdb:030864890,-97.467674,32.519846,False,False,False,agrees_isolated,0.0,True
355,474,299.117647058824,350.3529411764716,1,1,67,True,48299970401,Llano,txgio:3908,-98.412573,30.565655,False,False,True,agrees_isolated,0.0,True
567,473,561.0508665382913,353.3802399644483,2,1,1218,False,48097000701,Cooke,txgio:5799 txgio:5815,-97.017933,33.572833,True,True,True,agrees_isolated,0.0,False
272,470,592.000937554758,278.7851877168427,4,2,147,False,48265960101,Kerr,txgio:2562 txgio:2618 txgio:2619 txgio:6693,-99.199799,30.099336,True,True,True,tiger_has_other_way,1.0,False
389,460,485.56474494340546,191.50771271059438,7,2,443,False,48209010817,Hays,txgio:3377 txgio:3385 txgio:3386 txgio:3387 txgio:3394 txgio:3395 txgio:3396,-98.166046,30.259243,False,False,False,agrees_isolated,0.0,True
681,458,796.0499347446969,289.9213644710852,7,5,62,False,48251130405,Johnson,twdb:030864550 twdb:030864551 twdb:030864552 twdb:030864553 twdb:030864555 twdb:030864556 twdb:030864557 twdb:030864558 twdb:030864562 twdb:030864566 txgio:5894,-97.232917,32.534522,False,False,False,tiger_has_other_way,1.0,False
80,452,199.30890333261937,138.35016817028543,3,3,104,False,48385950100,Real,txgio:2937 txgio:4775 txgio:8317,-99.738174,29.723692,False,False,False,tiger_has_other_way,1.0,False
340,452,149.52255400722635,187.74117820541125,3,1,143,False,48299970600,Llano,txgio:3942 txgio:3943 txgio:3944,-98.389136,30.732669,False,False,False,agrees_isolated,0.0,True
382,434,861.2960401002553,361.8524979114448,3,3,54,False,48453035200,Travis,txgio:6744 txgio:6745 txgio:6746,-98.04171,30.409775,False,False,True,agrees_isolated,0.0,True
60,429,275.3833085724719,190.64420813025083,5,1,107,False,48265960301,Kerr,txgio:2565 txgio:2566 txgio:2567 txgio:2660 txgio:6701,-99.24985,29.998435,False,False,False,tiger_has_other_way,0.8048780487804879,False
437,415,698.9973918477737,274.9628928170586,3,2,118,False,48209010912,Hays,txgio:3272 txgio:3273 txgio:3274,-97.88634,30.13656,False,False,False,agrees_isolated,0.0,True
15,397,506.0499717000418,175.32758235817525,2,2,232,False,48325000101,Medina,txgio:4599 txgio:4600,-98.975745,29.339442,False,False,False,agrees_isolated,0.0,True
68,393,241.21193379291137,138.2018993070607,5,2,127,False,48019000200,Bandera,twdb:120179443 txgio:1569 txgio:1570 txgio:3846 txgio:3849,-99.272307,29.833287,False,False,False,agrees_isolated,0.0,True
410,383,400.49120305438817,181.61619359291288,5,3,330,False,48209010811,Hays,txgio:3324 txgio:3351 txgio:3352 txgio:6521 txgio:6528,-98.133295,30.060267,False,False,False,agrees_isolated,0.0,True
963,369,662.9488875807084,223.63660097739753,2,2,256,False,48029182103,Bexar,txgio:3464 txgio:6480,-98.706579,29.678928,False,False,True,agrees_isolated,0.0,True
891,332,559.1414385140289,200.0352098444318,2,1,375,False,48091310905,Comal,txgio:2134 txgio:6109,-98.135721,29.804742,False,False,False,tiger_has_other_way,1.0,False
381,326,344.8852425180578,146.59384244926034,1,1,308,True,48453036500,Travis,txgio:8173,-98.096857,30.3847,False,False,False,agrees_isolated,0.0,True
644,307,361.3331721357356,128.88878229505278,14,10,277,False,48251130501,Johnson,twdb:030863755 twdb:030863756 twdb:030863757 twdb:030863758 twdb:030863761 twdb:030863762 twdb:030863766 twdb:030863767 twdb:030863768 txgio:253 txgio:254 txgio:728 txgio:729 txgio:730 txgio:731,-97.107242,32.332767,False,False,False,agrees_isolated,0.0,True
371,291,443.2254464285704,161.53348214285722,1,0,189,False,48453035900,Travis,txgio:8255,-97.95572,30.567759,False,False,False,agrees_isolated,0.024390243902439025,True
300,262,55.647485011875716,57.194918476325945,11,5,206,False,48299970300,Llano,txgio:2323 txgio:2349 txgio:2352 txgio:2355 txgio:4002 txgio:4006 txgio:4007 txgio:4010 txgio:4011 txgio:4012 txgio:4014 txgio:4015 txgio:4016 txgio:4017 txgio:4018 txgio:7890,-98.805206,30.592019,False,False,False,mixed,0.6666666666666666,False
656,255,267.0592020365769,105.74852529539118,4,1,197,False,48251130414,Johnson,twdb:030863680 twdb:030863691 twdb:030863695 twdb:030863696 twdb:030863698,-97.294157,32.364046,False,False,False,crossing_road_not_in_tiger,,False
935,254,348.36632996632875,138.6852974186312,3,1,256,False,48091310801,Comal,txgio:2141 txgio:5620 txgio:5651,-98.29926,29.678348,False,False,False,agrees_isolated,0.0,True
506,250,637.9707751674058,254.48150749063674,6,4,35,False,48027022103,Bell,txgio:1859 txgio:1860 txgio:1861 txgio:1862 txgio:1863 txgio:1865,-97.68767,31.127204,False,False,False,agrees_isolated,0.0,True
946,241,252.7247774085766,124.33574590363024,3,2,138,False,48091310611,Comal,txgio:2130 txgio:2131 txgio:5644,-98.156694,29.83902,False,True,True,agrees_isolated,0.0,False
965,241,203.10319410319465,90.30098280098254,2,1,123,False,48019000302,Bandera,txgio:1793 txgio:3837,-98.930841,29.686098,False,False,False,agrees_isolated,0.0,True
968,220,369.2118698149339,118.39821314613953,2,2,19,False,48029172006,Bexar,txgio:3480 txgio:3483,-98.797368,29.4993,False,False,False,agrees_isolated,0.0,True
626,218,603.9595330809849,181.48272783965604,5,2,195,False,48251130212,Johnson,twdb:030864873 twdb:030864883 twdb:030864887 twdb:030864888 twdb:030864889,-97.449351,32.50949,False,False,False,agrees_isolated,0.05263157894736842,True
921,218,287.60583941605785,150.45255474452588,1,1,76,True,48187210606,Guadalupe,txgio:3530,-98.050532,29.628071,False,False,False,agrees_isolated,0.024390243902439025,True
429,217,216.79463899418863,94.61872838734051,2,2,153,False,48209010806,Hays,txgio:3279 txgio:3280,-98.032037,30.154418,False,False,False,agrees_isolated,0.0,True
445,217,367.5762181536389,119.49131389454028,3,3,30,False,48209010919,Hays,txgio:3179 txgio:3246 txgio:3247,-97.822622,30.027199,False,False,True,agrees_isolated,0.0,True
568,217,264.17567567567545,166.8851351351352,2,1,139,False,48097000701,Cooke,txgio:5799 txgio:5817,-97.016943,33.584577,False,False,False,agrees_isolated,0.0,True
929,217,221.80465307391503,97.78148542999313,5,5,133,False,48187210804,Guadalupe,twdb:120179336 txgio:3646 txgio:3648 txgio:3649 txgio:3650 txgio:3652,-98.150377,29.543664,False,False,False,agrees_isolated,0.0,True
943,215,125.65524009814256,125.45748335085852,2,1,98,False,48091310901,Comal,txgio:5641 txgio:5642,-98.154033,29.798472,False,False,False,tiger_has_other_way,1.0,False
619,206,317.83955223880486,118.75746268656681,2,1,119,False,48251130212,Johnson,twdb:030864901 twdb:030864902 twdb:030864903,-97.458005,32.547865,False,True,True,agrees_isolated,0.0,False
374,203,342.9226245336843,156.67875795479495,2,2,22,False,48453031500,Travis,txgio:4483 txgio:7215,-97.918483,30.382845,False,False,False,agrees_isolated,0.025,True
659,203,172.5816432612503,74.11920073774142,3,1,150,False,48251130414,Johnson,twdb:030863692 twdb:030863697 twdb:030863699,-97.265425,32.372557,False,False,False,agrees_isolated,0.0,True
288,201,161.8690987124468,67.27038626609425,2,2,69,False,48171950402,Gillespie,txgio:2309 txgio:2310,-98.788891,30.249456,False,False,False,agrees_isolated,0.0,True
721,196,393.12500000000006,157.58333333333326,1,1,100,True,48397040511,Rockwall,txgio:4062,-96.50064,32.838311,False,False,False,agrees_isolated,0.04878048780487805,True
49,192,175.33584905660356,91.45638179800228,2,2,121,False,48019000104,Bandera,txgio:6595 txgio:6596,-98.946468,29.771641,False,False,False,agrees_isolated,0.0,True
940,187,201.6458200685503,80.49955809012413,2,1,130,False,48091310901,Comal,txgio:1435 txgio:2139,-98.183018,29.756327,False,False,False,agrees_isolated,0.15384615384615385,True
945,186,189.17891373801868,140.22683706070305,1,1,48,True,48091310614,Comal,txgio:6467,-98.169795,29.82542,False,False,False,agrees_isolated,0.0,True
61,184,118.12552800734636,72.4012549739822,3,0,35,False,48265960301,Kerr,txgio:2565 txgio:2594 txgio:2595 txgio:6701,-99.243466,29.977567,False,False,False,agrees_isolated,0.0,True
566,184,112.33522727272717,86.33522727272747,2,2,58,False,48097000200,Cooke,twdb:010000090 twdb:010000091,-97.224195,33.778821,False,False,False,agrees_isolated,0.0,True
664,182,363.577777777778,148.21728395061766,1,1,91,True,48251130414,Johnson,twdb:030863693,-97.240055,32.369408,False,False,False,agrees_isolated,0.0,True
589,181,642.4324324324318,201.64864864864896,1,1,23,True,48439113115,Tarrant,txgio:5503,-97.07186,32.770633,True,True,True,agrees_isolated,0.0,False
274,179,191.26328477479532,82.65766425142763,5,1,84,False,48265960301,Kerr,txgio:2555 txgio:2556 txgio:2557 txgio:2558 txgio:6696,-99.221755,30.04639,False,False,False,agrees_isolated,0.0,True
270,177,170.60896282973576,106.11353417266172,2,1,87,False,48265960301,Kerr,txgio:2555 txgio:894,-99.241431,30.065022,False,False,False,agrees_isolated,0.07142857142857142,True
47,173,127.17861975642799,51.7284618854308,1,1,45,True,48019000103,Bandera,txgio:3858,-99.033251,29.787494,False,False,False,agrees_isolated,0.0,True
603,171,610.2352941176466,203.3137254901959,2,2,96,False,48439114108,Tarrant,twdb:030861452 twdb:030861482,-97.441644,32.89714,False,False,False,agrees_isolated,0.024390243902439025,True
620,158,255.60820895522306,96.77985074626851,3,1,99,False,48251130212,Johnson,twdb:030864896 twdb:030864898 twdb:030864901,-97.450139,32.534578,False,False,False,agrees_isolated,0.025,True
534,155,89.33901808785515,53.63927648578803,1,1,193,True,48363000300,Palo Pinto,txgio:8081,-98.222706,32.747586,False,False,False,agrees_isolated,0.0,True
947,155,219.9171597633137,92.93491124260338,2,0,94,False,48091310905,Comal,txgio:2129 txgio:2130,-98.140516,29.840118,False,False,False,agrees_isolated,0.0,True
316,152,103.4725274725277,57.07692307692299,1,1,21,True,48299970100,Llano,txgio:3974,-98.743323,30.750728,False,False,False,agrees_isolated,0.0,True
414,150,131.13077735976685,56.72088599568856,2,1,111,False,48209010810,Hays,txgio:3231 txgio:3232,-98.155225,29.994379,False,False,False,agrees_isolated,0.05263157894736842,True
391,147,155.1917954312411,69.7457805779412,3,1,149,False,48031950102,Hays,txgio:1982 txgio:3370 txgio:3377,-98.191598,30.30706,False,False,False,agrees_isolated,0.08108108108108109,True
58,145,111.77041140677495,61.26001271455816,2,1,48,False,48265960700,Kerr,txgio:1623 txgio:2596,-99.215688,29.954472,False,False,False,tiger_has_other_way,1.0,False
658,145,162.2600385614887,64.55277055914165,2,1,165,False,48251130303,Johnson,twdb:030863698 twdb:030863700,-97.302305,32.374876,False,False,False,agrees_isolated,0.0,True
621,139,214.4645522388053,80.13246268656717,2,0,99,False,48251130212,Johnson,twdb:030864898 twdb:030864899,-97.464226,32.537625,False,False,False,agrees_isolated,0.0,True
661,137,137.49341708318397,63.191989620548206,3,2,111,False,48251130414,Johnson,twdb:030863699 twdb:030863708 twdb:030863713,-97.278603,32.387171,False,False,False,tiger_has_other_way,1.0,False
52,135,50.357860231896844,28.393027418518876,2,1,109,False,48265960800,Kerr,txgio:2572 txgio:6845,-98.956704,29.905434,False,False,False,agrees_isolated,0.0,True
281,135,64.66829268292672,41.02926829268286,2,2,73,False,48171950500,Gillespie,txgio:2299 txgio:2302,-98.961121,30.190864,False,False,False,agrees_isolated,0.0,True
966,135,108.36890645586287,51.76548089591568,3,2,142,False,48325000104,Medina,txgio:4540 txgio:4541 txgio:4542,-98.912495,29.513207,False,False,False,agrees_isolated,0.0,True
67,134,91.83044982698978,39.29089014346717,5,1,87,False,48019000200,Bandera,txgio:1382 txgio:1568 txgio:1569 txgio:3847 txgio:3848,-99.27452,29.878033,False,False,False,agrees_isolated,0.0,True
169,132,9.999999999999998,45.0000000000001,1,1,128,True,48009020200,Archer,twdb:010001434 twdb:010001436,-98.94987,33.820871,False,False,False,agrees_isolated,0.0,True
238,131,25.134119013546535,36.61783847915013,8,3,85,False,48299970300,Llano,txgio:1549 txgio:1550 txgio:1551 txgio:1552 txgio:1553 txgio:17 txgio:2348 txgio:2743 txgio:3994 txgio:7089 txgio:7090 txgio:7091,-98.973663,30.68584,False,False,False,agrees_isolated,0.0,True
411,127,290.639389736477,118.47815533980567,2,1,86,False,48209010813,Hays,txgio:3344 txgio:6523,-98.146017,30.046149,False,False,False,agrees_isolated,0.0,True
261,126,42.051355432918214,24.35577286399683,2,0,69,False,48265960304,Kerr,txgio:1627 txgio:1629 txgio:2645 txgio:2646,-99.426526,30.06891,False,True,True,agrees_isolated,0.0,False
39,125,78.16776656355792,36.69324627315977,2,1,126,False,48325000302,Medina,txgio:4533 txgio:4534,-99.149049,29.527434,False,False,False,agrees_isolated,0.0,True
19,123,138.22074037721848,48.31504496379028,5,4,85,False,48325000101,Medina,txgio:4590 txgio:4594 txgio:4595 txgio:4597 txgio:4598,-98.954483,29.367819,False,False,False,agrees_isolated,0.0625,True
363,123,132.43949044585966,66.95541401273881,1,1,45,True,48053960401,Burnet,txgio:2031,-98.320737,30.757467,False,False,False,agrees_isolated,0.0,True
648,122,108.22809396094253,46.002506335966146,3,2,92,False,48251130501,Johnson,twdb:030863780 twdb:030863812 twdb:030863818,-97.218217,32.32754,False,False,False,tiger_has_other_way,1.0,False
797,116,176.6768054492576,53.527823613449705,1,1,57,True,48339692603,Montgomery,txgio:1034,-95.286676,30.188414,False,False,False,agrees_isolated,0.029411764705882353,True
920,116,185.8922686945495,54.87790452049015,2,2,54,False,48187210608,Guadalupe,txgio:3514 txgio:3621,-98.076855,29.635136,False,False,False,agrees_isolated,0.025,True
400,115,103.49519905059897,50.64532312007779,4,0,99,False,48209010817,Hays,txgio:3145 txgio:3303 txgio:3397 txgio:3398,-98.200974,30.245888,False,False,False,agrees_isolated,0.0,True
949,115,92.46770276499052,46.44889449236964,4,2,57,False,48209010810,Hays,txgio:3232 txgio:3233 txgio:3234 txgio:3235,-98.159407,29.979591,False,False,False,agrees_isolated,0.06060606060606061,True
427,114,167.07387730553347,60.50240577385729,1,1,121,True,48209010806,Hays,txgio:3192,-98.05341,30.176603,False,False,False,agrees_isolated,0.07692307692307693,True
622,113,142.2603991874943,54.548573699549515,1,0,53,False,48251130212,Johnson,twdb:030864890,-97.453787,32.528646,False,False,False,agrees_isolated,0.025,True
71,107,38.10135971277976,37.973610368446494,3,2,26,False,48019000200,Bandera,txgio:3863 txgio:3864 txgio:6584,-99.517665,29.768157,False,False,False,mixed,0.775,False
65,105,34.99999999999997,30.08771929824565,2,0,61,False,48019000200,Bandera,txgio:1568 txgio:3847,-99.298858,29.892032,False,False,False,agrees_isolated,0.0,True
931,105,154.14734183828966,57.604969448919555,2,2,70,False,48187210718,Guadalupe,txgio:3639 txgio:3640,-98.206847,29.57474,False,False,False,tiger_has_other_way,1.0,False
862,104,84.98701084394139,33.88437529467226,4,3,75,False,48187210506,Guadalupe,txgio:3529 txgio:3549 txgio:3570 txgio:3608,-97.799202,29.688969,False,False,False,tiger_has_other_way,1.0,False
944,103,112.81868709628979,56.74823494066403,1,1,86,True,48091310901,Comal,txgio:1434,-98.188433,29.774523,False,False,False,tiger_has_other_way,1.0,False
952,103,82.68965517241392,49.913793103448306,1,1,80,True,48209010811,Hays,txgio:3362,-98.201807,29.980428,False,False,False,agrees_isolated,0.0,True
376,102,204.5024630541867,73.86206896551724,1,1,69,True,48453033900,Travis,txgio:8244,-97.86584,30.32658,False,False,False,agrees_isolated,0.16666666666666666,True
37,101,45.08282828282834,45.264408793820465,3,1,66,False,48019000200,Bandera,txgio:3862 txgio:3868 txgio:6702,-99.316106,29.657374,False,False,False,agrees_isolated,0.0,True
869,101,89.94210827883066,38.56159977267226,2,2,60,False,48055960600,Caldwell,txgio:1538 txgio:7228 txgio:7230,-97.518315,29.818437,False,False,False,tiger_has_other_way,1.0,False
638,98,106.38323965252931,57.70771589167096,1,1,132,True,48221160302,Hood,txgio:7739,-97.84679,32.450074,True,True,True,agrees_isolated,0.0,False
992,97,84.47727272727272,34.5909090909091,1,0,95,False,48325000103,Medina,txgio:4614,-98.856027,29.395553,False,False,False,agrees_isolated,0.05128205128205128,True
205,92,80.58733205374284,39.245681381957866,1,1,26,True,48451001710,Tom Green,txgio:3080,-100.51304,31.203121,False,False,False,agrees_isolated,0.0,True
1030,92,123.613793103448,51.07586206896552,1,1,25,True,48025950600,Bee,txgio:1824,-97.57755,28.199803,False,False,False,agrees_isolated,0.0,True
420,89,132.20373514431245,52.955857385399035,1,1,64,True,48209010812,Hays,txgio:3267,-98.004659,30.060942,False,False,False,agrees_isolated,0.025,True
925,89,83.50617283950608,33.69547325102884,1,0,83,False,48091310803,Comal,txgio:2143,-98.260241,29.676335,False,False,False,agrees_isolated,0.0,True
428,87,103.73062558356665,39.301587301587325,2,2,69,False,48209010809,Hays,txgio:6103 txgio:6104,-98.031895,30.246019,False,False,False,agrees_isolated,0.0,True
434,87,128.0611764705881,49.34117647058821,2,2,81,False,48453031100,Travis,txgio:8236 txgio:8237,-97.925178,30.220242,False,False,False,agrees_isolated,0.047619047619047616,True
951,87,44.995821161960436,26.32039110678351,2,2,62,False,48209010811,Comal,txgio:1429 txgio:3237,-98.198005,29.969457,False,False,False,agrees_isolated,0.0,True
50,84,81.47924528301883,32.56981132075469,1,1,50,True,48265960800,Kerr,txgio:2579,-99.007517,29.896697,False,False,False,agrees_isolated,0.0,True
418,84,111.14290049574613,44.514701902020114,1,1,69,True,48209010812,Hays,txgio:3268,-98.027596,30.072785,False,False,False,agrees_isolated,0.025,True
932,84,228.32503824579243,80.35201427842951,2,2,14,False,48187210712,Guadalupe,txgio:5678 txgio:5684,-98.256196,29.583121,False,False,False,agrees_isolated,0.0,True
859,83,69.63142559195198,26.48257882468406,1,0,61,False,48187210902,Guadalupe,txgio:3675,-97.854317,29.549919,False,False,False,agrees_isolated,0.0,True
34,81,52.87373737373741,32.33838383838379,2,1,45,False,48019000200,Bandera,txgio:6705 txgio:6706,-99.477811,29.634092,False,False,False,agrees_isolated,0.0,True
358,80,49.49026386890467,24.239989215717372,2,2,41,False,48053960600,Burnet,txgio:6227 txgio:6722,-98.299407,30.639513,False,False,False,tiger_has_other_way,1.0,False
614,80,227.72222222222234,91.11111111111117,2,2,20,False,48439100700,Tarrant,twdb:030861460 txgio:5528,-97.377632,32.780551,False,False,True,agrees_isolated,0.024390243902439025,True
627,80,228.9363057324843,77.04458598726121,1,1,23,True,48251130213,Johnson,twdb:030864872,-97.426991,32.480139,False,False,False,agrees_isolated,0.024390243902439025,True
325,78,26.213509933774862,20.751059602649008,2,1,19,False,48299970100,Llano,txgio:3966 txgio:3967,-98.823606,30.816345,False,False,False,crossing_road_not_in_tiger,,False
684,78,104.53333333333326,37.438888888888904,1,1,65,True,48251130405,Johnson,twdb:030864561,-97.209077,32.526538,False,False,False,agrees_isolated,0.175,True
793,77,138.9080000000001,40.04000000000003,1,1,13,True,48201555600,Harris,txgio:4314,-95.752771,30.054872,False,False,False,agrees_isolated,0.0,True
848,77,86.45891748003547,27.591304347826075,2,2,45,False,48473680201,Waller,txgio:4116 txgio:4117,-95.977645,29.889726,False,False,False,agrees_isolated,0.024390243902439025,True
967,77,82.66791889627561,27.353037878740967,2,2,33,False,48029172004,Bexar,txgio:3481 txgio:584,-98.784975,29.491231,False,False,False,tiger_has_other_way,1.0,False
266,76,12.235023041474648,12.778801843317956,1,1,44,True,48265960301,Kerr,txgio:6708,-99.353729,30.040384,False,False,False,agrees_isolated,0.0,True
642,76,142.4077669902912,59.76699029126221,1,1,32,True,48425000102,Somervell,txgio:7642,-97.756438,32.224131,False,False,False,agrees_isolated,0.0,True
262,75,22.980541816775542,23.744804705786574,3,0,40,False,48265960304,Kerr,txgio:1627 txgio:2646 txgio:2647 txgio:2648,-99.435177,30.057966,False,False,False,agrees_isolated,0.0,True
936,75,68.63634740984146,25.865349613943977,2,0,58,False,48091310803,Comal,txgio:2141 txgio:2142,-98.2746,29.679185,False,False,False,agrees_isolated,0.04878048780487805,True
64,74,27.016400875696235,22.114585934843877,3,0,47,False,48265960700,Kerr,txgio:2599 txgio:2600 txgio:2601 txgio:3848,-99.250152,29.90824,False,False,False,agrees_isolated,0.11627906976744186,True
492,73,56.687150837988796,23.653631284916173,1,0,104,False,48491021603,Williamson,txgio:3755,-97.676859,30.753602,False,False,False,tiger_has_other_way,1.0,False
524,73,99.80526377217556,38.54245448179272,2,2,12,False,48099010802,Coryell,txgio:4262 txgio:4263,-97.902903,31.087018,False,False,False,agrees_isolated,0.0,True
643,73,52.66974974974977,24.795835835835838,3,1,65,False,48251130501,Johnson,twdb:030863788 twdb:030863789 twdb:030863795,-97.109091,32.270265,False,False,False,tiger_has_other_way,1.0,False
893,71,88.82228116710868,37.6007957559682,3,2,83,False,48091310905,Comal,txgio:2132 txgio:2133 txgio:2134,-98.127145,29.793225,False,False,False,agrees_isolated,0.10256410256410256,True
913,70,62.12550607287455,23.444331983805625,1,1,48,True,48187210902,Guadalupe,txgio:3672,-97.867286,29.55141,False,False,False,agrees_isolated,0.0,True
59,69,30.74954742227468,16.40527351436443,3,1,31,False,48265960301,Kerr,txgio:2566 txgio:2594 txgio:2595 txgio:6700,-99.226944,29.975635,False,False,False,agrees_isolated,0.0,True
62,69,50.99994954540411,27.431548249730046,3,0,23,False,48265960301,Kerr,txgio:2597 txgio:2598 txgio:2599,-99.234491,29.940059,False,False,False,tiger_has_other_way,1.0,False
343,69,17.941841848086007,14.438088703137657,5,1,35,False,48299970300,Llano,txgio:3872 txgio:3875 txgio:3876 txgio:3886 txgio:3888 txgio:7007,-98.567173,30.61978,False,False,False,agrees_isolated,0.0,True
402,69,52.761953059662964,21.586339021453544,3,2,56,False,48209010807,Hays,txgio:3270 txgio:3284 txgio:3289,-98.177111,30.127991,False,False,False,agrees_isolated,0.0,True
430,69,96.07594936708847,34.06329113924053,1,1,76,True,48209010806,Hays,txgio:3142,-98.006679,30.145772,False,False,False,tiger_has_other_way,1.0,False
636,69,116.23489932885897,52.328859060402685,1,1,35,True,48221160217,Hood,txgio:7737,-97.731226,32.475221,False,False,False,agrees_isolated,0.0,True
845,69,75.76561771561762,31.140831390831362,2,2,91,False,48481740100,Wharton,txgio:6047 txgio:6053,-96.145021,29.383724,False,False,False,agrees_isolated,0.15384615384615385,True
282,68,24.663578770157724,16.487943026758796,3,2,30,False,48265960102,Kerr,txgio:2612 txgio:2613 txgio:6578,-99.028434,30.050513,True,True,True,tiger_has_other_way,1.0,False
388,68,65.03657352465208,29.847987916711638,4,0,54,False,48209010817,Hays,txgio:3145 txgio:3305 txgio:3386 txgio:3397,-98.19969,30.257027,False,False,False,agrees_isolated,0.0,True
38,67,54.993965916958246,24.321940561106214,2,0,52,False,48325000302,Medina,txgio:4533 txgio:4550,-99.127934,29.520398,False,False,False,agrees_isolated,0.02564102564102564,True
497,67,80.63716814159307,30.831858407079693,1,1,127,True,48491020122,Williamson,txgio:486,-97.757932,30.649542,False,False,True,agrees_isolated,0.023809523809523808,True
149,66,29.000000000000025,9.0,1,1,58,True,48329010128,Midland,txgio:6577,-102.041805,32.007939,False,False,False,tiger_has_other_way,1.0,False
676,66,91.03448275862074,39.60000000000005,1,1,14,True,48251130406,Johnson,twdb:030864604,-97.256225,32.489132,False,False,False,agrees_isolated,0.024390243902439025,True
432,65,89.57674943566593,31.179458239277654,1,0,67,False,48209010816,Hays,txgio:3277,-97.97533,30.171842,False,False,False,agrees_isolated,0.14634146341463414,True
959,65,43.59943925233649,21.82554517133955,1,1,35,True,48259970302,Kendall,txgio:6261,-98.810855,29.822828,False,False,False,agrees_isolated,0.0,True
730,64,198.2100840336133,82.10084033613438,1,1,3,True,48113017008,Dallas,txgio:5016,-96.525205,32.650325,False,False,False,agrees_isolated,0.0,True
148,63,69.44117647058829,28.600113122171933,1,1,71,True,48329010129,Midland,txgio:7474,-101.849051,31.977243,False,True,True,agrees_isolated,0.0,False
654,63,65.58329823276254,27.63159051368925,2,2,53,False,48251130502,Johnson,twdb:030863774 twdb:030863782,-97.222457,32.277076,False,False,False,agrees_isolated,0.0,True
277,62,120.80000000000004,42.300000000000026,2,2,14,False,48265960500,Kerr,txgio:2563 txgio:2564,-99.148506,30.079738,False,False,False,agrees_isolated,0.0,True
459,61,116.24857622093947,39.72601029801837,1,1,28,True,48453001918,Travis,txgio:4471,-97.821257,30.286164,False,False,False,agrees_isolated,0.15789473684210525,True
683,60,101.12393887945676,38.84210526315791,3,2,58,False,48251130405,Johnson,twdb:030864563 twdb:030864564 twdb:030864565,-97.197581,32.535071,False,False,False,agrees_isolated,0.05714285714285714,True
954,59,91.63556851311955,30.84256559766763,1,1,17,True,48091310609,Comal,txgio:1414,-98.356485,29.916114,False,False,False,tiger_has_other_way,1.0,False
956,59,75.93750000000003,27.714285714285726,2,2,54,False,48091310706,Comal,twdb:120179767 txgio:1421 txgio:1422,-98.539151,29.763099,False,False,False,agrees_isolated,0.0,True
307,58,20.77715617715617,15.834906759906772,3,2,22,False,48171950302,Gillespie,txgio:6989 txgio:6990 txgio:6991,-98.874358,30.473593,False,False,False,agrees_isolated,0.0,True
326,58,25.472542883040074,17.40263027380158,4,3,20,False,48299970100,Llano,txgio:3955 txgio:3956 txgio:3960 txgio:3961,-98.758789,30.903051,False,False,False,agrees_isolated,0.0,True
284,57,23.268071965628355,15.535808270676704,3,1,24,False,48265960102,Kerr,txgio:2609 txgio:2610 txgio:2611,-98.988251,30.043202,True,True,True,tiger_has_other_way,0.9032258064516129,False
40,56,32.438354328598265,16.32484588582149,2,2,20,False,48325000301,Medina,txgio:2837 txgio:4535,-99.086243,29.532547,False,False,False,agrees_isolated,0.13333333333333333,True
41,56,45.48899573803182,22.05553897064896,2,1,42,False,48325000302,Medina,txgio:2815 txgio:4550,-99.123621,29.507862,False,False,False,agrees_isolated,0.0,True
510,56,136.7399339933994,52.33069306930693,2,2,19,False,48027020301,Bell,txgio:558 txgio:560,-97.406878,31.099182,False,False,False,agrees_isolated,0.0,True
866,56,35.057521006888116,18.901104521357677,4,4,45,False,48187210903,Guadalupe,txgio:3516 txgio:3527 txgio:3612 txgio:3614 txgio:3615,-97.716175,29.646748,False,False,True,agrees_isolated,0.0,True
919,56,61.85760407816488,23.388275276125736,2,2,35,False,48187210804,Guadalupe,txgio:3574 txgio:3630,-98.116639,29.55671,False,False,False,agrees_isolated,0.0,True
202,55,56.85582822085894,21.59509202453989,1,1,13,True,48451001709,Tom Green,txgio:3077,-100.680094,31.611134,False,False,False,agrees_isolated,0.125,True
295,55,30.242596695049794,14.865060254004906,5,3,23,False,48171950100,Gillespie,txgio:6993 txgio:6995 txgio:6998 txgio:7000 txgio:787,-98.666368,30.33645,False,False,False,agrees_isolated,0.0,True
849,55,27.511407523761008,17.215996106186427,3,3,21,False,48015760302,Austin,txgio:1361 txgio:1362 txgio:1363,-96.389173,29.835079,False,False,False,agrees_isolated,0.11428571428571428,True
941,55,73.75286825840745,28.36406904414173,1,0,59,False,48091310901,Comal,txgio:1435,-98.170236,29.769772,False,False,False,tiger_has_other_way,1.0,False
955,55,74.06329113924046,23.455696202531662,2,1,31,False,48091310610,Comal,txgio:1415 txgio:1416,-98.34983,29.895297,False,False,False,agrees_isolated,0.0,True
36,54,26.301926831338577,33.57683376380857,4,2,31,False,48019000200,Bandera,txgio:3867 txgio:3868 txgio:6702 txgio:6703,-99.37161,29.680175,False,False,False,agrees_isolated,0.0,True
260,54,24.93337249535221,16.74385586655649,2,1,43,False,48265960301,Kerr,txgio:1628 txgio:1629 txgio:2644 txgio:2645,-99.416689,30.047931,False,True,True,agrees_isolated,0.02631578947368421,False
625,54,84.64530301072497,26.139895335314655,1,1,22,True,48251130215,Johnson,twdb:030864962,-97.397747,32.53531,False,False,False,agrees_isolated,0.0,True
716,54,83.06640088593576,24.70274640088595,4,2,34,False,48397040409,Rockwall,txgio:7656 txgio:7657 txgio:7666 txgio:7674,-96.355492,32.9219,False,False,False,agrees_isolated,0.12195121951219512,True
756,54,103.33333333333344,52.888888888888864,1,1,8,True,48423001000,Smith,txgio:4197,-95.306456,32.312535,False,False,False,agrees_isolated,0.0,True
993,54,47.86363636363632,19.14545454545457,2,1,38,False,48325000103,Medina,txgio:4614 txgio:4616,-98.881091,29.398158,False,False,False,agrees_isolated,0.0975609756097561,True
32,53,9.958494721652613,7.051986025670233,5,2,43,False,48325000200,Medina,txgio:1380 txgio:2829 txgio:2830 txgio:2831 txgio:3866,-99.4065,29.616934,False,False,False,crossing_road_not_in_tiger,,False
512,53,51.05873015873009,26.057407407407425,3,3,17,False,48145000500,Falls,txgio:745 txgio:753 txgio:754 txgio:765,-97.027812,31.230136,False,False,False,agrees_isolated,0.0,True
87,52,19.85547785547785,13.10936285936286,2,2,6,False,48385950100,Real,txgio:3813 txgio:3814,-99.998403,29.681083,False,False,False,agrees_isolated,0.0,True
139,52,74.59069767441864,43.69767441860467,2,2,16,False,48371950100,Pecos,txgio:6581 txgio:6582,-101.899803,30.919029,False,False,False,agrees_isolated,0.0,True
795,52,146.3394833948339,49.92080613113823,1,0,12,False,48201554804,Harris,txgio:4306,-95.552186,30.046109,False,False,False,tiger_has_other_way,1.0,False
876,51,117.33331826401434,39.7014918625678,3,3,30,False,48209010306,Hays,txgio:3167 txgio:3168 txgio:3202,-97.89437,29.90082,False,False,False,agrees_isolated,0.0,True
440,50,81.23869047619044,22.44357142857144,1,1,31,True,48209010912,Hays,txgio:3266,-97.909376,30.122061,False,False,False,agrees_isolated,0.0,True
460,50,74.83410698496901,27.582670203359882,1,1,30,True,48453001918,Travis,txgio:4470,-97.816439,30.283395,False,False,False,agrees_isolated,0.0,True
287,49,28.41962504986039,18.19066613482251,3,3,39,False,48171950100,Gillespie,txgio:2313 txgio:6494 txgio:6496,-98.743024,30.16747,False,True,True,agrees_isolated,0.0,False
608,49,98.25433526011565,45.6127167630058,2,2,69,False,48439114207,Tarrant,twdb:030861195 txgio:5425,-97.502272,32.793575,False,False,True,agrees_isolated,0.05405405405405406,True
46,48,34.035182679296334,15.653585926928285,1,1,10,True,48019000103,Bandera,txgio:3859,-99.035351,29.773689,False,False,False,agrees_isolated,0.025,True
114,48,4.2518518518518515,2.6740740740740763,2,2,173,False,48465950802,Val Verde,twdb:140000642 twdb:140000648,-101.317681,29.695826,False,False,False,mixed,0.6,False
407,48,39.03006189213084,19.931034482758623,3,2,43,False,48209010807,Hays,txgio:3136 txgio:3191 txgio:3271,-98.236478,30.113166,False,False,False,agrees_isolated,0.0,True
425,48,42.959620776550246,16.119825653091294,2,1,32,False,48209010817,Hays,txgio:3299 txgio:3300,-98.126479,30.240241,False,False,False,agrees_isolated,0.1346153846153846,True
436,48,117.83150953984297,29.658389450056127,1,0,24,False,48209010912,Hays,txgio:3274,-97.896921,30.136483,False,False,False,agrees_isolated,0.0,True
301,47,17.2710843373494,14.156626506024104,2,1,27,False,48171950100,Gillespie,txgio:2316 txgio:2317,-98.704822,30.384155,False,False,False,agrees_isolated,0.0,True
892,47,94.31321839080465,36.83908045977013,2,2,29,False,48091310903,Comal,txgio:6473 txgio:6474,-98.094907,29.829497,False,False,False,mixed,0.5227272727272727,False
942,47,38.884255930984914,15.0395122490737,2,1,33,False,48091310905,Comal,txgio:5640 txgio:5641,-98.153786,29.772055,False,False,False,agrees_isolated,0.0,True
334,46,25.20689655172411,29.65517241379312,1,1,3,True,48299970100,Llano,txgio:3938,-98.462807,30.88862,False,False,False,crossing_road_not_in_tiger,,False
606,46,94.18785907859075,43.60140921409213,2,2,6,False,48439110901,Tarrant,txgio:5397 txgio:5398,-97.467637,32.709816,False,False,True,tiger_has_other_way,1.0,False
685,46,65.91111111111111,16.593518518518522,2,2,37,False,48251130405,Johnson,twdb:030864545 twdb:030864546 twdb:030864554,-97.202372,32.523515,False,False,False,agrees_isolated,0.0,True
791,46,38.8256880733945,16.036697247706424,1,1,19,True,48473680301,Waller,txgio:4095,-95.921557,30.036999,False,False,False,tiger_has_other_way,1.0,False
926,46,43.160493827160515,17.415637860082313,2,0,29,False,48091310803,Comal,txgio:2142 txgio:2143,-98.266938,29.674222,False,False,False,agrees_isolated,0.0,True
227,45,17.30929866036249,10.82781717888101,3,2,74,False,48267950100,Kimble,txgio:996 txgio:997 txgio:998,-99.669843,30.438235,False,True,True,agrees_isolated,0.16666666666666666,False
535,45,30.06666666666667,14.016666666666666,1,1,24,True,48363000402,Palo Pinto,txgio:8086,-98.132199,32.716259,False,False,False,tiger_has_other_way,1.0,False
801,45,70.45454545454551,25.227272727272755,1,1,17,True,48339694002,Montgomery,txgio:5998,-95.31612,30.384762,False,False,False,tiger_has_other_way,1.0,False
426,44,71.33190286923649,24.625292070590373,2,1,26,False,48209010817,Hays,txgio:3389 txgio:3390,-98.069609,30.249368,False,False,False,agrees_isolated,0.0,True
468,44,90.8135135135135,32.881081081081085,2,2,12,False,48453030500,Travis,txgio:6216 txgio:6217,-97.779451,30.394052,False,False,False,agrees_isolated,0.0,True
602,44,47.884315906562875,16.01779755283648,1,1,29,True,48121020315,Denton,txgio:252,-97.183515,33.081175,False,False,False,agrees_isolated,0.14634146341463414,True
341,43,18.24859550561798,12.01685393258427,1,1,7,True,48299970100,Llano,txgio:3931,-98.624432,30.765715,False,False,False,agrees_isolated,0.0,True
409,43,30.737400530503958,16.20424403183025,1,0,61,False,48209010807,Hays,txgio:3191,-98.231006,30.120684,False,False,False,agrees_isolated,0.0,True
691,43,71.94062909567496,24.61454783748362,2,2,20,False,48251130411,Johnson,twdb:030864507 twdb:030864599,-97.162376,32.483747,False,False,False,tiger_has_other_way,1.0,False
880,42,37.35690235690236,15.885521885521891,3,1,39,False,48209010603,Hays,txgio:3212 txgio:3213 txgio:3214,-98.118386,29.920603,False,False,False,agrees_isolated,0.1111111111111111,True
1011,42,58.192771084337316,19.481927710843372,2,2,20,False,48029161901,Bexar,txgio:3411 txgio:3441,-98.718409,29.285027,False,False,False,tiger_has_other_way,1.0,False
790,41,117.6413793103448,33.40000000000001,1,1,3,True,48201556000,Harris,txgio:4099,-95.917125,30.061671,False,False,False,agrees_isolated,0.0,True
305,40,38.73214285714283,22.64880952380952,1,1,67,True,48171950302,Gillespie,txgio:7235,-98.880281,30.342334,False,False,False,agrees_isolated,0.0,True
317,40,15.627295634425334,10.22854957366454,6,3,16,False,48299970100,Llano,txgio:3967 txgio:3968 txgio:3969 txgio:3970 txgio:3972 txgio:3973 txgio:3986,-98.820924,30.79067,False,False,False,crossing_road_not_in_tiger,,False
399,40,45.55831265508686,17.369727047146394,1,0,31,False,48209010817,Hays,txgio:3396,-98.16361,30.250245,False,False,False,agrees_isolated,0.16666666666666666,True
401,40,34.81118881118882,15.270396270396278,2,1,27,False,48209010807,Hays,txgio:3284 txgio:3285,-98.149734,30.141996,False,False,False,agrees_isolated,0.13333333333333333,True
417,40,51.00276052449965,24.712215320910996,1,1,66,True,48209010812,Hays,txgio:3358,-98.043152,30.084461,False,False,False,agrees_isolated,0.0,True
953,40,27.625090733690193,15.585535527800795,2,2,23,False,48091310603,Comal,txgio:1426 txgio:1427,-98.22564,29.973566,False,False,False,tiger_has_other_way,1.0,False
12,39,30.169811320754743,11.773584905660377,1,1,18,True,48325000801,Medina,txgio:4667,-98.983628,29.150265,False,False,False,agrees_isolated,0.05128205128205128,True
89,39,17.102841136454586,10.584033613445383,2,2,12,False,48385950100,Real,txgio:8315 txgio:8316,-99.798717,29.743613,False,False,False,agrees_isolated,0.08571428571428572,True
379,39,37.198976119049505,14.897261082737264,3,1,30,False,48209010817,Hays,txgio:3300 txgio:3338 txgio:3394,-98.133497,30.255735,False,False,False,agrees_isolated,0.07692307692307693,True
563,39,14.612287028976493,11.4609211126311,3,1,17,False,48337950100,Montague,twdb:010000094 twdb:010000095 twdb:010000097,-97.510251,33.884996,False,False,False,crossing_road_not_in_tiger,,False
649,39,24.315226230744745,13.880420050208025,3,2,33,False,48251130501,Johnson,twdb:030863779 twdb:030863780 twdb:030863815,-97.233937,32.332278,False,False,False,agrees_isolated,0.0,True
668,39,40.719378953421504,16.405692926969518,2,1,23,False,48251130415,Johnson,twdb:030863741 twdb:030863745,-97.263243,32.433451,False,False,False,agrees_isolated,0.0,True
1001,39,46.42857142857141,17.875000000000004,1,1,32,True,48325000101,Medina,txgio:4711,-98.893999,29.309575,False,False,False,tiger_has_other_way,1.0,False
1005,39,55.603773584905696,17.509433962264158,2,2,22,False,48325000402,Medina,txgio:4660 txgio:4661,-98.845043,29.249265,False,False,False,agrees_isolated,0.0,True
1013,39,50.16346826198429,14.233859063009856,2,2,26,False,48029141900,Bexar,txgio:3452 txgio:3453,-98.340646,29.335444,False,False,False,mixed,,False
190,38,10.350735294117648,6.330147058823529,3,3,28,False,48081950100,Coke,twdb:091168206 txgio:1391 txgio:1392 txgio:1393,-100.272945,31.812414,False,False,False,tiger_has_other_way,1.0,False
431,38,52.367945823927776,18.227990970654627,1,1,39,True,48209010816,Hays,txgio:3276,-97.968204,30.167381,False,False,False,agrees_isolated,0.02631578947368421,True
634,38,39.873239436619734,17.661971830985916,1,1,45,True,48221160217,Hood,txgio:7731,-97.761589,32.537213,False,False,True,agrees_isolated,0.15789473684210525,True
294,37,18.669175269175263,12.826107226107235,2,2,37,False,48031950202,Blanco,txgio:8305 txgio:8306,-98.573583,30.148379,False,False,False,agrees_isolated,0.0,True
610,37,59.55882352941177,25.294117647058833,2,2,11,False,48439100602,Tarrant,twdb:030861201 twdb:030861202,-97.433525,32.794042,False,False,False,agrees_isolated,0.0,True
787,37,32.592057761732825,16.42960288808663,1,1,25,True,48185180102,Grimes,txgio:2332,-95.938823,30.296706,False,False,False,agrees_isolated,0.0967741935483871,True
805,37,143.49999999999997,69.0,1,1,15,True,48339693703,Montgomery,txgio:6003,-95.51058,30.321805,False,False,False,agrees_isolated,0.0,True
908,37,23.02222222222223,9.86666666666667,2,2,20,False,48187210511,Guadalupe,txgio:3505 txgio:3598,-97.937924,29.626792,False,False,False,agrees_isolated,0.03773584905660377,True
922,36,28.33766233766233,12.818181818181817,2,2,20,False,48187210508,Guadalupe,txgio:3500 txgio:3590,-98.015139,29.715776,False,False,False,agrees_isolated,0.0,True
1035,36,66.02843601895735,30.881516587677705,2,2,9,False,48273020301,Kleberg,txgio:5906 txgio:5907,-97.874558,27.533981,False,False,False,agrees_isolated,0.05555555555555555,True
94,35,8.731182795698924,6.627656914228559,5,4,18,False,48137950300,Edwards,twdb:140001153 twdb:140001154 twdb:140001162 twdb:140001169 twdb:140001172 twdb:140001184,-100.530167,30.024506,False,False,False,agrees_isolated,0.0,True
280,35,31.512318764755292,15.539581833165432,1,1,18,True,48171950200,Kerr,txgio:2617,-99.207286,30.138298,False,False,False,agrees_isolated,0.0,True
365,35,20.119047619047624,11.659233449477359,2,2,19,False,48053960200,Burnet,txgio:6709 txgio:6712,-98.182016,30.885181,False,False,False,agrees_isolated,0.0,True
498,35,28.997770345596447,8.59903381642512,2,2,32,False,48491020201,Williamson,txgio:3751 txgio:3753,-97.708657,30.846105,False,False,False,tiger_has_other_way,1.0,False
653,35,37.63398392652123,14.322158438576349,2,1,23,False,48251130502,Johnson,twdb:030863777 twdb:030863778,-97.250417,32.276852,False,False,False,tiger_has_other_way,1.0,False
882,35,27.71043771043772,12.205387205387206,2,1,24,False,48209010603,Hays,txgio:3215 txgio:3216,-98.129534,29.928402,False,False,False,agrees_isolated,0.11538461538461539,True
911,35,40.326086956521706,18.586956521739125,1,1,31,True,48187210902,Guadalupe,txgio:3673,-97.865602,29.580092,False,False,False,agrees_isolated,0.0,True
405,34,29.804771315640888,12.983578016186707,2,1,24,False,48209010807,Hays,txgio:3135 txgio:3292,-98.171478,30.183722,False,False,False,agrees_isolated,0.0,True
398,33,25.627659574468076,11.936170212765962,1,1,27,True,48209010817,Hays,txgio:3353,-98.164582,30.221425,False,False,False,tiger_has_other_way,1.0,False
717,33,57.55813953488375,16.883720930232574,1,0,18,False,48397040409,Rockwall,txgio:7674,-96.349956,32.92684,False,False,False,tiger_has_other_way,1.0,False
1010,33,46.53333333333333,20.9548076923077,2,2,6,False,48013960203,Atascosa,txgio:4252 txgio:4253,-98.794987,29.240688,False,False,False,tiger_has_other_way,1.0,False
698,32,29.859234234234243,13.597972972972965,2,2,32,False,48251130412,Johnson,twdb:030863670 twdb:030863671,-97.102409,32.50852,False,False,False,agrees_isolated,0.0,True
718,32,49.690852713178295,18.28496124031009,1,0,25,False,48397040409,Rockwall,txgio:7666,-96.349593,32.924396,False,False,False,tiger_has_other_way,1.0,False
265,31,13.523404255319148,13.580851063829783,2,2,82,False,48265960301,Kerr,txgio:1618 txgio:2633,-99.383584,30.004599,False,False,True,agrees_isolated,0.0,True
449,31,34.60465116279068,12.976744186046519,1,1,27,True,48209010923,Hays,txgio:3165,-97.773443,30.06487,False,False,False,mixed,,False
1029,31,17.876712328767127,8.41780821917808,1,1,47,True,48025950600,Bee,txgio:1825,-97.533758,28.185828,False,False,False,tiger_has_other_way,1.0,False
314,30,13.961403508771928,9.396388028895771,3,2,19,False,48299970300,Llano,txgio:2356 txgio:2357 txgio:4008,-98.750575,30.652704,False,False,False,tiger_has_other_way,1.0,False
500,30,20.885750962772793,9.87676508344031,2,1,17,False,48027023301,Bell,txgio:1838 txgio:1839,-97.785738,30.909158,False,False,False,agrees_isolated,0.0,True
897,30,48.07692307692309,23.48520710059171,2,1,20,False,48091310905,Comal,txgio:2137 txgio:2138,-98.131148,29.755032,False,False,False,tiger_has_other_way,1.0,False
1004,30,32.68085106382979,10.816247582205024,2,2,14,False,48325000402,Medina,txgio:4695 txgio:4696,-98.848982,29.256315,False,False,False,agrees_isolated,0.0,True
48,29,29.75783385072568,9.062635428551213,2,2,19,False,48019000103,Bandera,txgio:1789 txgio:1791,-98.985167,29.758549,False,False,False,,,False
54,29,13.886870444903725,10.289785706515826,2,0,18,False,48265960800,Kerr,txgio:2572 txgio:2573,-98.974583,29.902763,False,False,False,,,False
175,29,24.965391621129314,8.817850637522767,2,2,21,False,48441013404,Taylor,txgio:3063 txgio:3064,-99.651951,32.411587,False,False,False,,,False
179,29,21.261702127659586,20.48297872340427,1,1,6,True,48049950201,Brown,txgio:7678,-99.01431,31.832532,False,True,True,tiger_has_other_way,1.0,False
657,29,30.332113175331525,13.881897871712797,2,1,24,False,48251130303,Johnson,twdb:030863691 twdb:030863827,-97.309711,32.361157,False,False,False,,,False
912,29,31.550359712230197,14.113566289825274,2,2,16,False,48187210902,Guadalupe,txgio:3669 txgio:3670 txgio:3671,-97.887953,29.574662,False,False,False,,,False
126,28,0.7222222222222223,3.2004830917874396,4,0,13,False,48465950802,Val Verde,twdb:140000995 twdb:140001002 twdb:140001016 twdb:140001021 twdb:140001026 txgio:1166 txgio:3105,-101.559568,30.127202,False,False,False,,,False
439,28,44.80000000000002,16.09999999999999,1,1,28,True,48209010912,Hays,txgio:3189,-97.894146,30.105281,False,False,False,agrees_isolated,0.07142857142857142,True
457,28,57.75,20.805555555555564,1,1,8,True,48453032100,Travis,txgio:4378,-97.812715,30.223478,False,False,False,tiger_has_other_way,1.0,False
511,28,27.2,12.000000000000004,1,1,7,True,48027020102,Bell,txgio:5598,-97.29101,31.180441,False,False,False,agrees_isolated,0.0,True
583,28,106.66666666666664,30.333333333333343,1,1,5,True,48113015002,Dallas,txgio:4855,-96.93077,32.791548,False,False,False,agrees_isolated,0.0,True
630,28,32.74936708860758,12.901265822784815,1,1,13,True,48251130303,Johnson,twdb:030863702,-97.319141,32.381192,False,False,False,agrees_isolated,0.0,True
902,28,11.384404924760602,3.222469220246238,2,2,35,False,48187210505,Guadalupe,txgio:3581 txgio:3661,-97.883877,29.84083,False,False,False,,,False
51,27,9.709779179810718,5.45110410094637,3,2,45,False,48265960800,Kerr,txgio:2575 txgio:2576 txgio:2577 txgio:2578,-98.971602,29.879619,False,False,False,,,False
416,27,24.703937007874032,14.116535433070876,1,1,28,True,48209010812,Hays,txgio:3365,-98.048177,30.018811,False,False,False,agrees_isolated,0.1,True
419,27,25.4,11.333333333333334,1,1,23,True,48209010812,Hays,txgio:3361,-98.044953,30.06355,False,False,False,agrees_isolated,0.03571428571428571,True
593,27,83.80923344947738,26.21210801393729,1,1,19,True,48439111534,Tarrant,txgio:1146 txgio:5353,-97.189935,32.658335,False,True,True,mixed,0.5185185185185185,False
632,27,41.65858208955224,15.565298507462687,1,0,12,False,48251130212,Johnson,twdb:030864899,-97.470242,32.538146,False,False,False,,,False
939,27,26.39097744360903,11.266917293233076,1,1,24,True,48091310901,Comal,txgio:2150,-98.203805,29.759817,False,False,False,mixed,0.6923076923076923,False
247,26,16.524480214621054,6.581488933601614,2,1,20,False,48171950301,Gillespie,txgio:2303 txgio:6287,-98.956908,30.315119,False,False,False,,,False
438,26,34.868217054263575,12.697674418604642,1,1,4,True,48209010912,Hays,txgio:3265,-97.882098,30.105492,False,False,False,agrees_isolated,0.0,True
562,26,6.766757865937075,7.00683994528044,2,0,11,False,48337950100,Montague,twdb:010000096 twdb:010000097,-97.540469,33.894306,False,False,False,,,False
607,26,26.382352941176485,9.94117647058824,1,1,13,True,48439110808,Tarrant,txgio:5392,-97.513675,32.712363,False,False,False,mixed,0.7692307692307693,False
672,26,21.230042016806717,7.709033613445379,2,2,22,False,48251130303,Johnson,twdb:030863722 twdb:030863725,-97.297039,32.408126,False,False,False,,,False
700,26,55.289156626506035,17.54216867469879,1,1,8,True,48251130417,Johnson,twdb:030863709,-97.179169,32.390268,False,False,False,tiger_has_other_way,1.0,False
857,26,18.83714130286958,8.791649666802662,4,2,25,False,48187210903,Guadalupe,txgio:3551 txgio:3676 txgio:3677 txgio:3682,-97.737045,29.565551,False,False,False,,,False
875,26,20.75,5.5,1,1,11,True,48209010905,Hays,txgio:3183,-97.914314,29.984801,False,False,False,tiger_has_other_way,1.0,False
909,26,23.039473684210527,8.819298245614037,2,2,30,False,48187210506,Guadalupe,txgio:3541 txgio:3604,-97.864371,29.646096,False,False,False,,,False
17,25,13.037037037037038,5.753086419753085,3,2,23,False,48325000500,Medina,txgio:2810 txgio:2811 txgio:4642 txgio:4643,-99.068064,29.288065,False,False,False,,,False
28,25,12.624254473161042,6.660039761431412,1,1,16,True,48325000302,Medina,txgio:2814,-99.179081,29.455607,False,False,False,agrees_isolated,0.0,True
275,25,15.507194244604323,8.554676258992808,1,0,18,False,48265960301,Kerr,txgio:2556,-99.256325,30.036465,False,False,False,,,False
452,25,38.65979381443301,9.278350515463924,1,1,11,True,48453002450,Travis,txgio:8203,-97.616712,30.124371,False,False,False,tiger_has_other_way,1.0,False
491,25,19.269030847704638,8.148166140393494,2,2,77,False,48491021603,Williamson,txgio:3757 txgio:3758,-97.665129,30.749355,False,False,False,,,False
579,25,55.20833333333335,17.36111111111111,2,2,9,False,48113010701,Dallas,txgio:4820 txgio:4821,-96.902892,32.745707,False,False,False,,,False
674,25,31.87710084033615,11.204831932773104,2,1,15,False,48251130303,Johnson,twdb:030863742 twdb:030864932,-97.303438,32.42346,False,False,False,,,False
754,25,3.205128205128205,2.564102564102565,1,1,3,True,48459950101,Upshur,twdb:020000122,-94.750088,32.743931,False,False,False,agrees_isolated,0.0,True
328,24,6.720000000000004,6.479999999999997,2,1,7,False,48299970100,Llano,txgio:3971 txgio:3972,-98.797101,30.803498,False,False,False,,,False
392,24,14.0594439117929,6.181208053691275,2,1,19,False,48209010818,Hays,txgio:3369 txgio:3370,-98.180418,30.318614,False,False,False,,,False
476,24,53.10638297872338,14.042553191489366,1,1,13,True,48453002453,Travis,txgio:8207,-97.593438,30.165452,False,False,False,mixed,,False
667,24,24.445945945945933,10.641891891891888,2,1,19,False,48251130415,Johnson,twdb:030863741 twdb:030863746,-97.254266,32.430387,False,False,False,,,False
798,24,30.71775211557342,12.55173219879377,1,1,18,True,48339692501,Montgomery,txgio:5942,-95.202542,30.140948,False,False,False,agrees_isolated,0.0,True
863,24,15.526199048476272,8.641892760704641,2,2,16,False,48187210506,Guadalupe,txgio:3571 txgio:3572,-97.820518,29.694577,False,False,False,,,False
867,24,15.111111111111112,8.444444444444446,2,2,17,False,48187210903,Guadalupe,txgio:3679 txgio:3680,-97.713145,29.588961,False,False,False,,,False
874,24,40.2608695652174,11.463768115942031,2,2,16,False,48209010916,Hays,txgio:3177 txgio:3217,-97.800745,29.956487,False,False,False,,,False
894,24,33.577729589189246,12.808217307471716,2,2,21,False,48091310905,Comal,txgio:2151 txgio:2152,-98.131697,29.783185,False,False,False,,,False
86,23,6.53001508295626,3.8573152337858234,1,1,28,True,48385950100,Real,txgio:2938,-99.790769,29.636372,False,False,False,agrees_isolated,0.0,True
90,23,4.742268041237115,4.979381443298971,1,1,3,True,48385950100,Real,txgio:2935 txgio:8112,-99.767263,29.878002,False,False,False,crossing_road_not_in_tiger,,False
444,23,54.643790849673174,14.13071895424836,1,1,9,True,48209010921,Hays,txgio:3240,-97.800494,30.015705,False,False,False,mixed,0.21739130434782608,False
786,23,14.707872622733305,7.993144626271558,1,1,5,True,48477170602,Washington,twdb:080003109,-96.226598,30.273306,False,False,False,agrees_isolated,0.0,True
837,23,49.33333333333332,23.416666666666664,1,1,6,True,48167723403,Galveston,txgio:7821,-95.098639,29.38063,False,True,True,agrees_isolated,0.17391304347826086,False
197,22,8.096654275092938,7.769516728624539,2,1,20,False,48081950200,Coke,txgio:2112 txgio:2113,-100.587513,31.920815,False,False,False,,,False
242,22,10.781704781704782,7.682605682605681,2,1,18,False,48319950200,Mason,txgio:2742 txgio:2743,-98.985186,30.617319,False,False,False,,,False
322,22,5.808949929133272,4.706014969042428,3,1,17,False,48299970100,Llano,txgio:2344 txgio:3987 txgio:3988 txgio:3989,-98.863998,30.777351,False,False,False,,,False
342,22,7.360497558707278,5.660524684181974,3,1,43,False,48299970300,Llano,txgio:3894 txgio:3896 txgio:3897,-98.623097,30.647101,False,False,False,,,False
359,22,8.125,3.75,1,1,24,True,48053960803,Burnet,txgio:2043,-98.197974,30.566106,False,False,False,tiger_has_other_way,1.0,False
651,22,20.489552238805977,8.602985074626869,1,1,22,True,48251130502,Johnson,twdb:030863791,-97.232288,32.283092,False,False,False,tiger_has_other_way,1.0,False
709,22,49.17272727272729,20.663636363636357,2,2,3,False,48349970200,Navarro,txgio:340 txgio:343,-96.488198,32.117834,False,False,False,,,False
789,22,28.962025316455694,10.303797468354432,1,1,17,True,48473680602,Waller,txgio:4111,-95.904942,30.18345,False,False,False,agrees_isolated,0.0,True
79,21,3.907692307692309,3.038461538461539,2,2,4,False,48385950100,Real,txgio:8116 txgio:8117,-99.674342,29.808489,False,False,False,,,False
504,21,47.59146341463414,18.695121951219516,1,1,10,True,48027023117,Bell,txgio:5592,-97.771618,31.060641,False,False,False,mixed,0.2608695652173913,False
976,21,21.0,7.939024390243901,1,1,21,True,48029191701,Bexar,txgio:7275,-98.479166,29.583922,False,False,True,agrees_isolated,0.0,True
994,21,17.545454545454554,7.0909090909090935,1,1,29,True,48325000103,Medina,txgio:4622,-98.816779,29.378125,False,False,False,mixed,0.4230769230769231,False
26,20,10.713461538461543,6.957692307692305,2,2,13,False,48325000301,Medina,txgio:2818 txgio:4578,-99.083707,29.392522,False,False,False,,,False
645,20,23.299325900959293,8.766528389940365,3,1,21,False,48251130501,Johnson,twdb:030863750 twdb:030863757 twdb:030863758,-97.132071,32.330662,False,False,False,,,False
647,20,22.467741935483875,7.8505376344085995,2,2,16,False,48251130501,Johnson,twdb:030863809 twdb:030863811,-97.212577,32.308503,False,False,False,,,False
662,20,19.5,7.5,1,1,7,True,48251130417,Johnson,twdb:030863701,-97.188614,32.38036,False,False,False,tiger_has_other_way,1.0,False
665,20,28.453608247422668,10.103092783505154,3,2,25,False,48251130415,Johnson,twdb:030863723 twdb:030863726 twdb:030863736 twdb:030863834,-97.237651,32.406244,False,False,False,,,False
675,20,27.205882352941167,11.323529411764708,1,1,14,True,48251130210,Johnson,twdb:030864934,-97.304449,32.436538,False,False,False,tiger_has_other_way,1.0,False
803,20,24.47058823529411,10.980392156862743,1,1,6,True,48339694107,Montgomery,txgio:5940,-95.392626,30.419841,False,False,False,tiger_has_other_way,1.0,False
879,20,15.169811320754718,6.943396226415094,1,1,12,True,48209010810,Hays,txgio:3363,-98.103284,29.961633,False,False,False,agrees_isolated,0.0,True
903,20,29.11627906976744,8.995419309372798,2,2,16,False,48187210506,Guadalupe,txgio:3506 txgio:3584,-97.89152,29.741038,False,False,False,,,False
122,19,4.222222222222221,6.22222222222222,3,0,30,False,48465950802,Val Verde,twdb:140001235 twdb:140001244 twdb:140001245 txgio:3104,-101.558646,30.194288,False,False,False,,,False
285,19,5.829545454545453,5.073863636363635,1,0,13,False,48265960102,Kerr,txgio:2611,-98.996921,30.054389,False,False,False,,,False
378,19,27.070851341963245,8.625686482592165,2,1,19,False,48209010817,Hays,txgio:3304 txgio:3389,-98.078012,30.252353,False,False,False,,,False
442,19,45.14052287581698,11.67320261437908,1,1,7,True,48209010921,Hays,txgio:3239,-97.79823,30.012394,False,False,False,tiger_has_other_way,1.0,False
526,19,5.371052631578946,3.673684210526315,2,2,8,False,48093950200,Comanche,txgio:1342 txgio:1343,-98.524206,31.748729,False,False,False,,,False
702,19,12.919999999999996,4.560000000000002,1,0,15,False,48251130413,Johnson,twdb:030863766,-97.115929,32.350486,False,False,False,,,False
785,19,8.541284403669724,6.100917431192661,1,1,13,True,48477170501,Washington,twdb:080002900 twdb:080002907,-96.504394,30.137602,False,False,False,agrees_isolated,0.0,True
907,19,25.67567567567567,10.270270270270268,3,3,12,False,48187210508,Guadalupe,txgio:3593 txgio:3594 txgio:3595,-97.988806,29.643292,False,False,True,,,False
969,19,38.10314247156352,11.191954244585826,2,2,10,False,48029181726,Bexar,txgio:7385 txgio:7386,-98.689286,29.529889,False,False,False,,,False
996,19,28.56592292089249,10.002028397565924,2,2,12,False,48325000101,Medina,txgio:4686 txgio:4687,-98.813742,29.2965,False,False,False,,,False
1009,19,31.521568627450968,12.121568627450982,1,1,11,True,48325000402,Medina,txgio:4651,-98.823135,29.234925,False,False,False,tiger_has_other_way,1.0,False
25,18,10.372670807453414,4.632411067193674,2,1,13,False,48325000301,Medina,txgio:4556 txgio:4558,-99.026786,29.476111,False,False,False,,,False
209,18,22.436619718309853,12.295774647887326,1,1,5,True,48451000700,Tom Green,txgio:6136,-100.406054,31.463611,False,False,False,agrees_isolated,0.0,True
385,18,6.191975381701976,3.518522902118594,2,1,10,False,48031950102,Blanco,txgio:6176 txgio:6177,-98.358291,30.338329,False,False,False,,,False
396,18,19.840909090909086,8.65909090909091,1,0,15,False,48209010818,Hays,txgio:3373,-98.144614,30.275869,False,False,False,,,False
501,18,12.395378690629013,6.127599486521182,2,1,19,False,48027023301,Bell,txgio:1837 txgio:1838,-97.783055,30.916816,False,False,False,,,False
559,18,14.582278481012665,7.0632911392405076,1,1,7,True,48337950200,Montague,twdb:010000320,-97.719706,33.801339,False,False,False,tiger_has_other_way,1.0,False
561,18,4.7202462380300965,5.5184678522571815,2,1,6,False,48337950100,Montague,twdb:010000096 twdb:010000329,-97.568799,33.894217,False,False,False,,,False
682,18,31.937587657784,11.011220196353442,1,0,11,False,48251130405,Johnson,twdb:030864550 twdb:030864551,-97.237295,32.52892,False,False,False,,,False
906,18,13.034482758620689,5.999999999999998,2,2,6,False,48187210508,Guadalupe,txgio:3503 txgio:3504,-97.993015,29.675679,False,False,False,,,False
916,18,12.67455621301775,5.5384615384615365,2,2,13,False,48187210805,Guadalupe,txgio:3539 txgio:3540,-97.974648,29.493519,False,False,False,,,False
22,17,20.2034632034632,7.2424242424242395,3,1,17,False,48325000103,Medina,txgio:4596 txgio:4601 txgio:4602 txgio:4603,-98.96173,29.383113,False,False,False,,,False
57,17,18.767999999999994,7.208000000000003,1,1,6,True,48265960800,Kerr,txgio:6842,-99.085103,29.949342,True,True,True,agrees_isolated,0.058823529411764705,False
99,17,0.0,1.0625,2,2,6,False,48137950300,Edwards,txgio:2248 txgio:2249,-100.598672,29.679614,False,False,False,,,False
248,17,17.542291587362012,6.228968405024742,2,0,8,False,48171950301,Gillespie,txgio:6287 txgio:6288,-98.967092,30.320933,False,False,False,,,False
293,17,11.62014976174268,7.259360108917629,2,2,26,False,48031950101,Blanco,txgio:8186 txgio:8187 txgio:8188,-98.511264,30.201087,False,False,False,,,False
387,17,6.002347417840378,4.057511737089203,2,1,14,False,48031950102,Blanco,txgio:6178 txgio:8184,-98.33993,30.336216,False,False,False,,,False
509,17,71.87341772151898,30.34177215189874,1,1,6,True,48027021501,Bell,txgio:553,-97.448601,31.050723,False,False,False,agrees_isolated,0.0,True
569,17,11.671641791044774,5.582089552238805,1,1,9,True,48097000900,Cooke,txgio:5806,-97.136336,33.476326,False,False,False,mixed,,False
635,17,15.728287841191067,13.305210918114147,1,1,6,True,48221160216,Hood,txgio:7725,-97.828454,32.534978,False,False,False,agrees_isolated,0.0,True
753,17,35.1764705882353,12.830781627719581,2,2,4,False,48449950600,Titus,txgio:8025 txgio:8026,-94.980514,33.160376,False,False,False,,,False
855,17,1.0602409638554218,0.7710843373493975,1,1,27,True,48123970202,Dewitt,txgio:712 txgio:713,-97.421285,29.199472,False,False,False,agrees_isolated,0.0,True
873,17,41.03130744435563,10.889972325708236,3,3,20,False,48209010916,Hays,txgio:3222 txgio:3223 txgio:3224,-97.822988,29.975163,False,False,False,,,False
887,17,6.690909090909089,2.2181818181818174,2,2,34,False,48209010500,Hays,txgio:3307 txgio:3308,-98.001459,29.822278,False,False,True,,,False
948,17,24.64497041420119,10.863905325443788,1,0,12,False,48091310905,Comal,txgio:2129,-98.150804,29.832458,False,False,False,,,False
982,17,21.077835433654563,5.972325179145047,2,2,16,False,48029161902,Bexar,txgio:3485 txgio:3489,-98.71126,29.341349,False,False,False,,,False
983,17,15.168831168831172,5.337662337662339,2,2,8,False,48325000103,Medina,txgio:4620 txgio:4621,-98.807849,29.376148,False,False,False,,,False
1000,17,20.238095238095234,7.791666666666664,1,1,17,True,48325000101,Medina,txgio:4710,-98.890676,29.313186,False,False,False,agrees_isolated,0.0,True
1014,17,20.613240418118473,8.64808362369338,1,1,19,True,48029141900,Bexar,txgio:3450,-98.3544,29.303618,False,False,False,tiger_has_other_way,1.0,False
1019,17,20.74,9.18,1,1,4,True,48493000600,Wilson,txgio:4731,-98.082887,29.057152,False,False,False,agrees_isolated,0.0,True
43,16,8.783972125435541,3.7982261640798227,2,1,8,False,48325000301,Medina,txgio:4536 txgio:4537,-99.046897,29.537303,False,False,False,,,False
91,16,2.3246753246753245,1.5844155844155843,2,1,8,False,48385950100,Real,txgio:6897 txgio:6898 txgio:6899,-99.962311,29.91663,False,False,False,,,False
327,16,5.6923076923076925,3.8461538461538463,2,1,4,False,48299970100,Llano,txgio:3959 txgio:3960,-98.677667,30.848765,False,False,False,,,False
458,16,31.619047619047606,14.47619047619048,2,2,4,False,48453032100,Travis,txgio:4376 txgio:4377,-97.809231,30.222061,False,False,False,,,False
464,16,25.20621118012422,10.788405797101449,2,2,9,False,48453001912,Travis,txgio:8245 txgio:8246,-97.849435,30.340239,False,False,False,,,False
482,16,7.407407407407406,3.851851851851853,1,1,9,True,48287000100,Lee,txgio:4209,-97.019505,30.524153,False,False,False,agrees_isolated,0.0,True
652,16,17.105166475315727,6.534787600459246,2,1,14,False,48251130502,Johnson,twdb:030863776 twdb:030863777,-97.25636,32.273948,False,False,False,,,False
660,16,16.33104252571952,6.411429047440542,2,0,6,False,48251130415,Johnson,twdb:030863695 twdb:030863696 twdb:030863697,-97.282826,32.371287,False,False,False,,,False
673,16,20.12605042016807,6.789915966386556,2,1,14,False,48251130303,Johnson,twdb:030863742 txgio:2498,-97.313036,32.4228,False,False,False,,,False
686,16,31.36842105263157,12.42105263157895,1,0,7,False,48251130405,Johnson,twdb:030864564,-97.197017,32.53065,False,False,False,,,False
711,16,3.936507936507936,4.158730158730158,3,3,17,False,48349970600,Navarro,txgio:1755 txgio:1756 txgio:1757 txgio:1758 txgio:1759 txgio:1761,-96.208265,32.093871,False,False,False,,,False
858,16,11.789473684210522,2.9473684210526305,2,1,15,False,48187210903,Guadalupe,txgio:3677 txgio:3678,-97.730054,29.57822,False,False,False,,,False
870,16,37.00149031296572,10.190760059612519,2,2,11,False,48055960103,Caldwell,txgio:1526 txgio:1527,-97.610165,29.925189,False,False,False,,,False
989,16,15.866666666666672,7.066666666666664,1,1,11,True,48325000103,Medina,txgio:4605,-98.885175,29.382507,False,False,False,mixed,0.4666666666666667,False
24,15,8.248104008667388,3.607800650054172,2,1,10,False,48325000103,Medina,txgio:4561 txgio:4603,-98.956927,29.407619,False,False,False,,,False
45,15,14.032258064516128,9.435483870967742,1,1,3,True,48019000301,Bandera,txgio:6586,-98.969602,29.671295,False,False,False,tiger_has_other_way,0.9411764705882353,False
74,15,8.177777777777779,6.081481481481482,2,0,21,False,48265960301,Kerr,txgio:2630 txgio:2631,-99.404892,30.003272,False,False,False,,,False
83,15,2.7941176470588243,4.26470588235294,1,1,6,True,48019000200,Bandera,txgio:6718,-99.552909,29.706199,False,False,False,agrees_isolated,0.0,True
141,15,2.5999999999999996,5.236363636363635,4,3,23,False,48105950100,Crockett,twdb:140003731 twdb:140003733 twdb:140003735 twdb:140003739 twdb:140003828 txgio:2186,-101.730394,30.672872,False,False,False,,,False
204,15,4.999999999999999,4.411764705882352,2,2,6,False,48235950100,Irion,txgio:2460 txgio:2463,-100.795716,31.29975,False,True,True,,,False
309,15,6.8571428571428585,4.928571428571429,1,1,5,True,48299970300,Llano,txgio:3890,-98.693305,30.567358,False,False,False,agrees_isolated,0.0,True
315,15,5.142857142857142,4.714285714285713,1,1,4,True,48299970300,Llano,txgio:4001,-98.688663,30.707432,False,False,False,agrees_isolated,0.06666666666666667,True
344,15,4.92156862745098,6.441176470588236,1,0,25,False,48299970300,Llano,txgio:3892,-98.626251,30.610068,False,False,False,,,False
351,15,4.428571428571429,3.8571428571428577,3,2,21,False,48299970300,Llano,txgio:3869 txgio:3870 txgio:3871 txgio:7008 txgio:7010,-98.509882,30.541285,False,False,False,,,False
373,15,21.428571428571423,8.214285714285714,1,0,4,False,48453036300,Travis,txgio:8254,-97.967622,30.580554,False,False,False,,,False
383,15,4.090909090909089,2.727272727272727,1,1,9,True,48053960802,Burnet,txgio:6743,-98.14641,30.479039,False,False,False,tiger_has_other_way,1.0,False
595,15,103.18181818181814,103.18181818181814,1,1,8,True,48439104504,Tarrant,twdb:030864596,-97.305975,32.692438,False,False,False,agrees_isolated,0.0,True
694,15,17.62917443305375,7.068014134824479,2,2,11,False,48251130419,Johnson,twdb:030864601 txgio:1247,-97.114424,32.511822,False,False,False,,,False
796,15,40.73800738007379,15.304428044280442,2,1,8,False,48201554804,Harris,txgio:4305 txgio:4306,-95.548275,30.046819,False,False,False,,,False
872,15,5.999999999999998,4.166666666666667,2,2,17,False,48187210506,Guadalupe,txgio:3582 txgio:3583,-97.854097,29.764099,False,False,False,,,False
918,15,7.121931260229133,2.7833060556464813,2,2,10,False,48187210804,Guadalupe,txgio:3557 txgio:3623 txgio:3624,-98.056277,29.563733,False,False,False,,,False
937,15,17.667031763417306,7.338581599123767,2,1,13,False,48091310708,Comal,txgio:2147 txgio:5627,-98.335922,29.728233,False,False,False,,,False
85,14,1.0606060606060608,0.8484848484848482,2,2,2,False,48463950100,Uvalde,txgio:3091 txgio:3092,-99.711727,29.539443,False,False,False,,,False
109,14,1.0,3.1176470588235294,2,2,24,False,48465950802,Val Verde,twdb:140000949 txgio:6967 txgio:6968 txgio:6969,-101.1222,29.939092,False,False,False,,,False
222,14,4.166666666666666,2.041666666666667,3,3,5,False,48435950300,Sutton,twdb:140001383 twdb:140001384 twdb:140001387 twdb:140001397 txgio:8268,-100.952415,30.298367,False,False,False,,,False
240,14,2.5530145530145534,3.7061677061677067,2,1,6,False,48319950200,Mason,txgio:7091 txgio:7092,-99.04496,30.660855,False,False,False,,,False
259,14,6.480753240401074,3.742602103203718,2,2,15,False,48265960304,Kerr,txgio:1624 txgio:1625,-99.381678,30.068551,False,False,True,,,False
276,14,14.1021897810219,6.77858880778589,1,1,3,True,48265960101,Kerr,txgio:2620,-99.127115,30.102532,False,False,False,agrees_isolated,0.0,True
323,14,2.8521910666478796,2.730167676483021,2,0,4,False,48299970100,Llano,txgio:2344 txgio:3991,-98.896269,30.787661,False,False,False,,,False
361,14,5.052631578947368,1.8947368421052635,2,1,10,False,48053960600,Burnet,txgio:2041 txgio:2042,-98.240337,30.628477,False,False,False,,,False
527,14,3.0406504065040654,3.552845528455284,2,2,6,False,48093950200,Comanche,txgio:1344 txgio:1345,-98.627149,31.817216,False,False,False,,,False
788,14,7.719626168224298,3.859813084112149,1,1,3,True,48185180304,Grimes,txgio:2335,-95.966691,30.509125,False,False,False,agrees_isolated,0.07142857142857142,True
792,14,11.816513761467888,4.880733944954129,1,1,5,True,48473680301,Waller,txgio:4096,-95.920733,30.04613,False,False,False,agrees_isolated,0.0,True
861,14,13.940476190476188,4.3296536796536795,2,1,9,False,48187210511,Guadalupe,txgio:3525 txgio:3605,-97.861699,29.659332,False,False,False,,,False
889,14,21.266666666666666,7.933333333333331,2,1,17,False,48091310905,Comal,txgio:6470 txgio:6471,-98.112375,29.819933,False,False,False,,,False
980,14,14.254901960784318,3.794117647058823,1,1,29,True,48029161901,Bexar,txgio:3435,-98.675458,29.329495,False,False,False,agrees_isolated,0.0,True
1003,14,8.28169014084507,3.3521126760563384,2,2,5,False,48325000101,Medina,txgio:4698 txgio:4699,-98.847006,29.28109,False,False,False,,,False
147,13,5.846153846153846,2.4615384615384617,2,2,39,False,48173950100,Glasscock,txgio:2326 txgio:2327,-101.501038,31.828551,False,False,True,,,False
237,13,2.1838397247168926,2.4832175196339445,4,1,11,False,48299970100,Llano,txgio:2341 txgio:2342 txgio:3990 txgio:3991,-98.940131,30.778495,False,False,False,,,False
362,13,8.565867689357624,4.52464046021093,2,2,10,False,48053960402,Burnet,txgio:2027 txgio:6739,-98.189965,30.677431,False,False,False,,,False
451,13,15.765350877192986,5.473684210526315,2,2,4,False,48209010920,Hays,txgio:3149 txgio:3315,-97.732607,30.018441,False,False,False,,,False
735,13,44.76923076923077,16.461538461538463,1,1,7,True,48113012212,Dallas,txgio:5149,-96.714257,32.795892,False,False,False,tiger_has_other_way,1.0,False
794,13,11.731707317073171,3.8048780487804867,1,1,11,True,48201555600,Harris,txgio:4312,-95.748643,30.038595,False,False,False,agrees_isolated,0.0,True
868,13,8.185185185185185,4.574074074074075,1,0,13,False,48187210903,Guadalupe,txgio:3551,-97.719151,29.556063,False,False,False,,,False
972,13,3.19672131147541,0.8524590163934425,2,2,15,False,48029121112,Bexar,txgio:7283 txgio:7284,-98.409111,29.572486,False,False,False,,,False
1021,13,3.291428571428571,4.205714285714285,2,1,10,False,48025950100,Bee,txgio:1814 txgio:1828,-97.970353,28.686389,False,False,False,,,False
11,12,4.153846153846154,1.8461538461538458,1,1,11,True,48463950202,Uvalde,txgio:7040,-99.764493,29.228582,False,False,False,tiger_has_other_way,1.0,False
23,12,7.076923076923076,2.7692307692307696,2,0,8,False,48325000103,Medina,txgio:4593 txgio:4601 txgio:4602,-98.951093,29.386623,False,False,False,,,False
27,12,21.59311224489796,9.723214285714285,2,2,5,False,48325000302,Medina,txgio:7048 txgio:7049,-99.137936,29.355461,False,False,False,,,False
42,12,7.469512195121952,3.037139689578714,3,0,14,False,48325000301,Medina,txgio:4537 txgio:4538 txgio:4539,-99.035652,29.511177,False,False,False,,,False
98,12,2.7272727272727266,4.363636363636364,2,2,5,False,48271950100,Kinney,txgio:2677 txgio:2678,-100.461601,29.361414,False,False,False,,,False
271,12,5.798657718120807,5.718120805369128,1,1,9,True,48265960304,Kerr,txgio:6697,-99.269353,30.097887,False,False,False,agrees_isolated,0.0,True
290,12,27.17567567567567,6.554054054054053,2,2,16,False,48031950202,Blanco,txgio:6499 txgio:8183,-98.427059,30.089292,False,False,False,,,False
311,12,1.8009049773755654,1.5429864253393661,5,1,19,False,48299970300,Llano,txgio:3877 txgio:3878 txgio:3879 txgio:3880 txgio:3881 txgio:3882 txgio:3884,-98.645382,30.559469,False,False,False,,,False
408,12,8.95616211745244,4.658395368072787,2,2,10,False,48209010807,Hays,txgio:1541 txgio:7126,-98.251195,30.100834,False,False,False,,,False
494,12,25.6551724137931,10.13793103448276,1,1,16,True,48491021406,Williamson,txgio:3719,-97.670754,30.598267,False,False,False,tiger_has_other_way,1.0,False
528,12,6.857142857142855,2.571428571428571,2,2,2,False,48093950200,Comanche,txgio:611 txgio:613,-98.703799,31.945087,False,False,False,,,False
671,12,15.809523809523812,5.904761904761904,1,1,7,True,48251130415,Johnson,twdb:030863718,-97.267036,32.395852,False,False,False,tiger_has_other_way,1.0,False
687,12,11.851851851851855,4.7407407407407405,1,1,12,True,48251130419,Johnson,twdb:030864544,-97.184112,32.51274,False,False,False,agrees_isolated,0.16666666666666666,True
851,12,10.642857142857144,3.178571428571428,2,2,4,False,48149970500,Fayette,txgio:2270 txgio:777,-96.957244,29.662491,False,False,False,,,False
957,12,5.815126050420169,2.252100840336134,2,2,4,False,48259970301,Kendall,txgio:2535 txgio:2536,-98.791691,29.901561,False,False,False,,,False
958,12,5.61038961038961,3.896103896103897,2,1,7,False,48259970101,Kendall,txgio:889 txgio:890,-98.840281,29.974001,False,False,False,,,False
975,12,24.779220779220775,11.142857142857144,2,2,4,False,48029121117,Bexar,twdb:120179621 txgio:7281 txgio:7282,-98.465392,29.591857,False,False,False,,,False
1015,12,12.017866870029419,4.546246867850528,2,2,9,False,48029131801,Bexar,twdb:120179237 txgio:3455,-98.2341,29.390683,False,False,False,,,False
1033,12,5.0,3.0,1,1,9,True,48273020101,Kleberg,txgio:2686,-97.80831,27.34815,False,False,False,agrees_isolated,0.0,True
16,11,5.035639412997902,2.4996505939902165,2,1,6,False,48325000500,Medina,txgio:2811 txgio:4644,-99.056664,29.289372,False,False,False,,,False
244,11,6.8590983484600505,3.6606159797649154,2,2,4,False,48171950302,Gillespie,txgio:2304 txgio:2305,-98.973136,30.465852,False,False,False,,,False
249,11,6.964864864864865,3.6621621621621614,2,1,4,False,48171950301,Gillespie,txgio:6288 txgio:6289,-98.973797,30.329362,False,False,False,,,False
289,11,4.713028169014084,3.151408450704225,2,2,9,False,48259970102,Kendall,txgio:2542 txgio:8314,-98.509634,30.020564,False,False,False,,,False
333,11,3.4642857142857144,3.6785714285714284,2,1,3,False,48299970100,Llano,txgio:3912 txgio:3915 txgio:3916 txgio:3917 txgio:3918,-98.603849,30.903336,False,False,False,,,False
353,11,7.714285714285713,1.9285714285714282,2,1,8,False,48299970300,Llano,txgio:3873 txgio:3874,-98.551601,30.516487,False,False,False,,,False
367,11,8.82051282051282,3.2179487179487176,2,2,10,False,48053960200,Burnet,txgio:2033 txgio:7895,-98.20417,30.809021,False,False,False,,,False
380,11,12.124999999999998,5.291666666666667,1,1,13,True,48209010818,Hays,txgio:3367 txgio:3368,-98.138441,30.296776,False,False,False,mixed,,False
386,11,5.31924882629108,3.8215962441314564,2,0,6,False,48031950102,Blanco,txgio:6177 txgio:8184,-98.345861,30.332426,False,False,False,,,False
415,11,9.72270363951473,4.136915077989602,1,1,10,True,48209010810,Hays,txgio:3230,-98.128632,29.997479,False,False,False,tiger_has_other_way,1.0,False
455,11,8.25,0.9166666666666667,1,1,13,True,48453002448,Travis,txgio:4364,-97.732798,30.186871,False,False,False,tiger_has_other_way,1.0,False
462,11,184.95959595959593,2.8383838383838373,1,1,19,True,48453000601,Travis,txgio:4389,-97.735491,30.286357,False,False,False,tiger_has_other_way,1.0,False
515,11,13.940453296703296,5.774107142857143,2,2,5,False,48145000200,Falls,txgio:325 txgio:737,-97.242356,31.296809,False,False,False,,,False
577,11,60.95667870036101,27.44043321299639,1,1,3,True,48121021649,Denton,txgio:527,-96.927002,33.014013,False,False,False,agrees_isolated,0.0,True
615,11,0.0,0.0,2,2,4,False,48439106005,Tarrant,twdb:030864942 twdb:030864945,-97.326172,32.658162,False,False,False,,,False
737,11,33.667857142857144,10.528571428571428,2,2,10,False,48113018144,Dallas,txgio:5022 txgio:5023,-96.523054,32.941312,False,True,True,,,False
755,11,20.258064516129032,5.096774193548388,1,1,9,True,48459950102,Upshur,twdb:020000121,-94.724057,32.724376,False,False,False,tiger_has_other_way,1.0,False
799,11,21.780730897009974,7.528239202657806,1,1,9,True,48339693901,Montgomery,txgio:5947,-95.398109,30.348792,False,False,False,tiger_has_other_way,1.0,False
838,11,4.85294117647059,1.2941176470588236,1,1,5,True,48167723402,Galveston,txgio:7829,-95.098193,29.429435,False,False,False,tiger_has_other_way,1.0,False
886,11,14.07169811320755,5.9358490566037725,2,2,12,False,48209010603,Hays,txgio:3205 txgio:3206 txgio:3207,-98.071361,29.908786,False,False,False,,,False
895,11,11.0,4.7611940298507465,1,1,9,True,48091310905,Comal,txgio:2135,-98.120477,29.768115,False,False,False,tiger_has_other_way,1.0,False
950,11,8.760479041916168,4.610778443113772,1,0,8,False,48209010810,Hays,txgio:3234,-98.163171,29.975165,False,False,False,,,False
1027,11,0.5,0.6666666666666666,2,2,6,False,48311950100,Mcmullen,txgio:1630 txgio:1631,-98.491853,28.618319,False,False,False,,,False
84,10,4.696969696969697,2.4242424242424243,1,1,25,True,48019000200,Bandera,txgio:1369,-99.593085,29.639627,False,False,False,tiger_has_other_way,1.0,False
162,10,6.520833333333334,2.4166666666666665,3,2,14,False,48415950100,Scurry,txgio:2990 txgio:2991 txgio:2992 txgio:2993,-100.844266,32.82045,False,False,False,,,False
200,10,2.5,2.0454545454545454,3,1,44,False,48081950200,Coke,twdb:091188024 txgio:2108 txgio:2109 txgio:2110,-100.777898,31.776081,False,True,True,,,False
203,10,9.772727272727273,4.4318181818181825,1,1,3,True,48451001710,Tom Green,txgio:6011,-100.681455,31.346909,False,False,False,agrees_isolated,0.0,True
233,10,5.612244897959184,3.214285714285715,1,1,8,True,48319950200,Mason,txgio:2372,-99.340271,30.816539,False,False,True,agrees_isolated,0.0,True
263,10,2.193258838615131,1.821212676314343,2,1,8,False,48265960304,Kerr,txgio:1626 txgio:2648,-99.447182,30.059037,False,False,False,,,False
310,10,0.5128205128205128,1.0256410256410255,2,0,11,False,48299970300,Llano,txgio:3878 txgio:3879,-98.647341,30.544922,False,False,False,,,False
331,10,5.172413793103449,2.9310344827586206,2,0,2,False,48299970100,Llano,txgio:3913 txgio:3914,-98.64453,30.893936,False,False,False,,,False
339,10,6.903495966192854,5.746753745678064,1,1,4,True,48299970600,Llano,txgio:4038,-98.416282,30.712593,False,False,False,mixed,0.7,False
372,10,15.777777777777779,5.611111111111111,1,0,4,False,48453036300,Travis,txgio:8252,-97.972775,30.583004,False,False,False,,,False
377,10,27.307692307692303,9.615384615384615,1,1,3,True,48453033600,Travis,txgio:4372,-97.966959,30.353071,False,False,False,agrees_isolated,0.0,True
447,10,11.466052887735236,3.964511680726801,2,2,12,False,48209010923,Hays,txgio:3147 txgio:3250,-97.796532,30.061488,False,False,False,,,False
536,10,21.721815221815223,7.150590150590152,1,1,11,True,48367140603,Parker,txgio:2918,-97.949284,32.596433,False,False,False,tiger_has_other_way,1.0,False
549,10,1.7515954835542464,1.561119293078056,1,1,52,True,48237950100,Jack,txgio:7160,-98.166949,33.20589,False,False,False,tiger_has_other_way,1.0,False
639,10,9.876543209876544,4.938271604938272,1,1,9,True,48425000102,Somervell,txgio:3006,-97.670311,32.204828,False,False,False,agrees_isolated,0.0,True
696,10,18.947368421052634,5.48872180451128,1,1,6,True,48251130411,Johnson,twdb:030864517,-97.172456,32.496862,False,False,False,mixed,,False
738,10,30.209790209790203,9.86013986013986,1,1,4,True,48113018144,Dallas,txgio:5024,-96.518444,32.93787,False,False,False,tiger_has_other_way,1.0,False
890,10,15.19047619047619,5.666666666666665,1,0,11,False,48091310905,Comal,txgio:6471,-98.11658,29.817368,False,False,False,,,False
997,10,7.5706340378198,3.5639599555061183,2,2,11,False,48325000101,Medina,txgio:4684 txgio:4685,-98.813115,29.290551,False,False,False,,,False
35,9,3.113538748832866,2.907749766573296,2,1,6,False,48019000200,Bandera,txgio:1380 txgio:6704,-99.478484,29.648308,False,False,False,,,False
161,9,2.25,3.9375,2,2,10,False,48441013501,Taylor,txgio:3038 txgio:3039,-100.130464,32.169961,False,False,False,,,False
184,9,1.6001994017946162,1.8783649052841476,2,2,4,False,48307950500,Mcculloch,txgio:2761 txgio:2762,-99.512178,31.339933,False,False,False,,,False
215,9,0.0,0.9411764705882354,2,2,39,False,48435950300,Sutton,txgio:7987 txgio:7989,-100.563561,30.33081,False,False,False,,,False
225,9,2.454545454545454,1.227272727272727,2,2,4,False,48465950802,Val Verde,txgio:3113 txgio:6944,-101.117138,30.150901,False,False,False,,,False
239,9,1.4594594594594597,2.675675675675676,1,0,3,False,48319950200,Mason,txgio:17,-98.968686,30.704007,False,False,False,,,False
243,9,0.0,2.5714285714285707,2,2,6,False,48299970300,Llano,txgio:2351 txgio:3997,-98.943547,30.566864,False,False,False,,,False
299,9,1.376984126984127,1.1150793650793651,2,1,13,False,48299970300,Llano,txgio:2352 txgio:2353,-98.762254,30.495941,False,False,False,,,False
306,9,3.9230769230769234,3.740384615384616,2,1,4,False,48171950302,Gillespie,txgio:6987 txgio:6989,-98.86062,30.432268,False,False,False,,,False
308,9,3.0,3.375,1,1,3,True,48171950302,Gillespie,txgio:6988,-98.854793,30.445479,False,False,False,,,False
338,9,0.9473684210526315,1.7999999999999998,1,0,2,False,48299970100,Llano,txgio:3935,-98.510517,30.872104,False,False,False,,,False
390,9,10.250620347394543,3.9081885856079404,1,0,8,False,48209010817,Hays,txgio:3385,-98.201579,30.265393,False,False,False,,,False
395,9,9.920454545454545,4.329545454545454,2,1,9,False,48209010818,Hays,txgio:3373 txgio:3374,-98.139736,30.27445,False,False,False,,,False
446,9,3.9200000000000004,1.12,1,1,7,True,48209010913,Hays,txgio:3264,-97.838305,30.096764,False,False,False,,,False
474,9,10.75609756097561,3.4024390243902434,2,2,17,False,48453002217,Travis,txgio:8213 txgio:8214,-97.457032,30.324336,False,False,False,,,False
479,9,7.258064516129033,2.903225806451613,2,2,2,False,48287000100,Lee,txgio:4213 txgio:4214 txgio:919,-97.048309,30.375991,False,False,False,,,False
483,9,9.850746268656716,3.895522388059702,1,1,5,True,48027021400,Bell,txgio:5574,-97.308494,30.989676,False,False,False,,,False
522,9,3.7085650723025587,2.0100111234705227,2,2,6,False,48143950302,Erath,txgio:7709 txgio:7710,-98.342135,32.051995,False,False,False,,,False
693,9,13.166666666666664,3.0740740740740744,1,1,9,True,48251130412,Johnson,twdb:030863666,-97.135688,32.488115,False,False,False,,,False
751,9,19.870967741935484,9.096774193548388,1,1,4,True,48147950402,Fannin,twdb:020000185,-96.164026,33.59385,False,False,False,,,False
883,9,5.90625,2.25,2,1,9,False,48209010603,Hays,txgio:3209 txgio:3210,-98.097491,29.902546,False,False,False,,,False
901,9,13.852664576802509,4.957157784743992,2,2,5,False,48187210505,Guadalupe,txgio:3511 txgio:3512,-97.91606,29.813756,False,False,False,,,False
914,9,12.42857142857143,4.071428571428572,1,1,9,True,48187210905,Guadalupe,txgio:3683,-97.904297,29.518115,False,False,False,,,False
962,9,8.257799671592776,3.156814449917899,2,2,15,False,48029182103,Bexar,txgio:2544 txgio:3462,-98.735802,29.713963,False,False,False,,,False
964,9,7.37608889498594,3.528294121681871,2,1,7,False,48019000302,Bandera,txgio:1792 txgio:1793,-98.938544,29.697858,False,False,False,,,False
978,9,7.548387096774194,3.193548387096775,1,1,10,True,48029151900,Bexar,txgio:3421,-98.459789,29.279803,False,True,True,,,False
985,9,8.33108108108108,3.04054054054054,2,1,4,False,48325000104,Medina,txgio:4565 txgio:4566,-98.874911,29.473296,False,False,False,,,False
1002,9,5.447368421052632,2.3684210526315788,2,2,4,False,48325000402,Medina,txgio:4692 txgio:4693 txgio:4694,-98.88137,29.262053,False,False,False,,,False
1007,9,10.6875,3.375,2,2,9,False,48325000101,Medina,txgio:4679 txgio:4680,-98.808896,29.27997,False,False,False,,,False
55,8,7.501714285714287,3.067428571428571,1,1,5,True,48265960800,Kerr,txgio:6843,-99.061561,29.93961,False,False,False,,,False
82,8,1.5660377358490565,1.3962264150943395,1,0,4,False,48019000200,Bandera,txgio:6584,-99.491986,29.760037,False,False,False,,,False
95,8,0.7999999999999999,1.5999999999999999,2,2,8,False,48137950300,Edwards,txgio:6892 txgio:6893,-100.438119,29.78587,False,False,False,,,False
245,8,2.464864864864865,2.162162162162162,2,1,4,False,48171950301,Gillespie,txgio:6290 txgio:6291 txgio:6292 txgio:6293 txgio:6294,-98.986751,30.353963,False,False,False,,,False
250,8,4.177777777777778,2.1333333333333333,2,2,6,False,48171950200,Gillespie,txgio:6305 txgio:6306 txgio:6307,-99.202663,30.39163,False,False,False,,,False
321,8,2.1818181818181817,3.272727272727273,2,1,2,False,48299970100,Llano,txgio:2345 txgio:2346,-98.902548,30.716028,False,False,False,,,False
406,8,8.225051246089114,3.496763404898047,2,0,8,False,48209010817,Hays,txgio:3303 txgio:3398,-98.207657,30.246401,False,False,False,,,False
424,8,9.500493583415597,3.585389930898322,1,0,7,False,48209010817,Hays,txgio:3400,-98.114357,30.236095,False,False,False,,,False
454,8,20.903225806451612,12.38709677419355,1,1,3,True,48453002007,Travis,txgio:4404,-97.780717,30.240055,False,False,False,,,False
467,8,4.923076923076923,1.5384615384615385,2,2,8,False,48453030500,Travis,txgio:6212 txgio:8248,-97.801311,30.416521,False,False,False,,,False
516,8,6.597938144329896,2.6391752577319587,2,2,2,False,48309002900,Mclennan,txgio:318 txgio:319,-97.285172,31.554184,False,False,False,,,False
523,8,1.2307692307692308,1.2307692307692308,2,2,2,False,48193950200,Hamilton,txgio:2398 txgio:2399 txgio:804,-98.087831,31.604495,False,False,False,,,False
733,8,13.043478260869565,6.434782608695654,1,1,4,True,48113008200,Dallas,txgio:5158,-96.694906,32.835064,False,False,False,,,False
734,8,7.012345679012347,3.259259259259259,1,1,16,True,48113008101,Dallas,txgio:5155,-96.710561,32.832541,False,False,False,,,False
854,8,0.0,0.3636363636363637,2,2,2,False,48123970300,Dewitt,txgio:708 txgio:709,-97.199752,29.08654,False,False,False,,,False
896,8,12.307692307692308,5.325443786982248,1,0,7,False,48091310905,Comal,txgio:2138,-98.126481,29.75469,False,False,False,,,False
905,8,5.031249999999999,3.2556818181818183,2,1,11,False,48187210506,Guadalupe,txgio:3524 txgio:3606,-97.858472,29.675176,False,False,False,,,False
933,8,7.45945945945946,3.243243243243243,2,1,6,False,48091310801,Comal,txgio:6250 txgio:6251,-98.3025,29.656611,False,False,False,,,False
988,8,6.564102564102563,2.4615384615384617,1,1,3,True,48325000103,Medina,twdb:120178465,-98.902134,29.414051,False,False,False,,,False
1025,8,0.0,1.1428571428571426,2,1,9,False,48013960102,Atascosa,twdb:130663173 twdb:130663175,-98.20479,28.736396,False,False,False,,,False
145,7,0.0,2.0,1,1,37,True,48461950100,Upton,twdb:140003657,-101.933607,31.216308,False,False,False,,,False
155,7,1.3333333333333335,1.3333333333333335,1,1,9,True,48033950100,Borden,txgio:1995,-101.326078,32.549949,False,False,False,,,False
194,7,3.327868852459016,2.7540983606557377,2,2,4,False,48081950200,Coke,txgio:1396 txgio:1397,-100.459609,31.926736,False,False,False,,,False
196,7,1.076923076923077,2.153846153846154,1,1,19,True,48081950100,Coke,txgio:2116,-100.501435,32.020627,False,False,False,,,False
198,7,1.8471189591078065,1.787639405204461,2,1,4,False,48081950200,Coke,txgio:2113 txgio:6554,-100.610296,31.910883,False,False,False,,,False
208,7,28.900000000000002,4.8999999999999995,2,2,4,False,48451001200,Tom Green,twdb:091186130 txgio:6031,-100.463756,31.468888,False,False,False,,,False
218,7,1.7500000000000002,0.49999999999999994,2,2,8,False,48435950300,Sutton,twdb:140001445 txgio:7963 txgio:7965,-100.94104,30.38208,False,False,False,,,False
257,7,4.0212765957446805,2.382978723404255,2,2,2,False,48171950200,Gillespie,txgio:6682 txgio:6683 txgio:6684 txgio:6685,-99.28058,30.291965,False,False,False,,,False
296,7,1.4,1.225,2,0,2,False,48171950100,Gillespie,txgio:6995 txgio:6997,-98.641439,30.356913,False,False,False,,,False
302,7,4.320987654320987,2.5061728395061724,2,1,4,False,48171950100,Gillespie,txgio:2317 txgio:2318,-98.71973,30.400406,False,False,False,,,False
421,7,7.606918238993711,3.6603773584905657,2,1,8,False,48209010914,Hays,txgio:6119 txgio:6318,-98.014776,30.087825,False,False,False,,,False
422,7,16.690721649484534,1.9484536082474229,2,1,6,False,48209010914,Hays,txgio:6119 txgio:6120,-98.009494,30.086322,False,False,False,,,False
472,7,19.333333333333332,7.48888888888889,1,1,16,True,48453002214,Travis,txgio:4495,-97.662067,30.265022,False,False,True,,,False
475,7,15.0,4.074074074074074,2,2,5,False,48453002217,Travis,txgio:8215 txgio:8216,-97.446898,30.335105,False,False,False,,,False
484,7,14.736842105263156,7.24561403508772,1,1,3,True,48027023406,Bell,txgio:5605,-97.518569,30.956775,False,False,False,,,False
490,7,10.32121212121212,3.775757575757576,1,1,8,True,48491020811,Williamson,txgio:3781,-97.552137,30.529251,False,False,False,,,False
503,7,15.86382113821138,6.231707317073171,1,1,5,True,48027023117,Bell,txgio:5593,-97.772011,31.064133,False,False,False,,,False
533,7,2.9166666666666665,1.8666666666666665,1,1,12,True,48143950100,Erath,txgio:135,-98.283212,32.41396,False,False,False,,,False
580,7,17.169811320754718,6.779874213836479,1,1,4,True,48113016530,Dallas,txgio:4800,-96.935745,32.609798,False,False,False,,,False
719,7,7.414201183431953,2.2159763313609466,2,2,6,False,48257050204,Kaufman,txgio:1744 txgio:1745,-96.386281,32.746286,False,False,True,,,False
802,7,8.564705882352943,3.8431372549019605,1,1,7,True,48339694107,Montgomery,txgio:2889,-95.401953,30.425878,False,False,False,,,False
839,7,15.567164179104479,6.686567164179104,1,1,3,True,48167720800,Galveston,txgio:7807,-95.065794,29.465268,False,False,False,,,False
850,7,3.465909090909091,2.465909090909091,2,2,6,False,48089750400,Colorado,txgio:3821 txgio:3822,-96.570193,29.833074,False,False,False,,,False
928,7,6.631578947368421,3.3157894736842106,2,2,6,False,48187210612,Guadalupe,txgio:3633 txgio:3634,-98.156308,29.626592,False,False,False,,,False
987,7,6.222222222222223,3.1111111111111116,2,2,5,False,48325000103,Medina,txgio:1020 txgio:4618,-98.910879,29.411926,False,False,False,,,False
1012,7,5.982905982905982,2.6324786324786325,2,2,6,False,48325000401,Medina,txgio:4674 txgio:4675,-98.883583,29.16147,False,False,False,,,False
76,6,0.0,0.0,2,2,5,False,48265960301,Kerr,txgio:2626 txgio:2628,-99.492261,29.952122,False,False,False,,,False
77,6,0.0,0.0,2,1,2,False,48265960301,Kerr,txgio:2624 txgio:2625,-99.474734,29.956157,False,False,False,,,False
81,6,0.9473684210526315,1.4035087719298245,1,1,7,True,48019000200,Bandera,txgio:6714,-99.552342,29.785817,False,False,False,,,False
127,6,0.75,0.75,2,0,8,False,48465950802,Val Verde,twdb:140001021 twdb:140001026 twdb:140001032 txgio:3105,-101.540604,30.173345,False,False,False,,,False
177,6,10.23076923076923,3.083516483516483,2,2,13,False,48441010100,Taylor,txgio:465 txgio:6534,-99.721357,32.472086,False,False,False,,,False
291,6,9.444444444444445,4.444444444444444,1,1,4,True,48031950201,Blanco,txgio:7941,-98.415505,30.10698,False,False,False,,,False
360,6,0.0,0.0,3,2,3,False,48053960702,Burnet,txgio:2025 txgio:2042 txgio:6742,-98.232463,30.61856,False,False,False,,,False
443,6,14.254901960784315,3.686274509803922,1,1,5,True,48209010921,Hays,txgio:3238,-97.799746,30.014031,False,False,False,,,False
461,6,378.1909090909091,3.963636363636364,1,1,17,True,48453000601,Travis,txgio:4388,-97.735795,30.283771,False,True,True,,,False
480,6,4.842105263157895,1.9999999999999998,2,2,4,False,48287000200,Lee,txgio:4218 txgio:4219,-97.106294,30.31944,False,False,False,,,False
565,6,2.925,2.5125,2,2,2,False,48097000200,Cooke,txgio:2173 txgio:2174,-97.215228,33.720951,False,False,False,,,False
688,6,6.521739130434783,2.347826086956522,1,1,5,True,48251130405,Johnson,twdb:030864540 twdb:030864543,-97.213875,32.51296,False,False,False,,,False
878,6,16.666666666666668,8.428571428571429,1,1,6,True,48209010812,Hays,txgio:3320,-98.05944,29.98169,False,False,False,,,False
884,6,5.515151515151516,2.323232323232323,2,0,8,False,48209010603,Hays,txgio:3210 txgio:3211,-98.100812,29.920355,False,False,False,,,False
898,6,6.681818181818181,4.2272727272727275,2,2,4,False,48187210508,Guadalupe,txgio:3546 txgio:3547,-97.968243,29.757233,False,False,False,,,False
990,6,7.777777777777778,1.7575757575757573,2,1,7,False,48325000103,Medina,txgio:2827 txgio:4611 txgio:4612,-98.905775,29.370192,False,False,False,,,False
20,5,10.625,1.875,3,0,3,False,48325000101,Medina,txgio:4592 txgio:4593 txgio:4594,-98.947741,29.369057,False,False,False,,,False
30,5,2.6,1.0,2,2,2,False,48325000200,Medina,txgio:1633 txgio:1634,-99.273882,29.305298,False,False,False,,,False
33,5,0.0,0.0,2,0,5,False,48325000200,Medina,txgio:2829 txgio:2830,-99.401051,29.590238,False,False,False,,,False
73,5,2.5106382978723403,1.6276595744680853,2,1,12,False,48265960301,Kerr,txgio:2630 txgio:2634,-99.410781,30.001079,False,False,False,,,False
93,5,0.5930735930735931,0.4675324675324675,2,1,7,False,48385950100,Real,txgio:6900 txgio:6901,-99.967659,29.947673,False,False,False,,,False
113,5,0.0,0.5454545454545454,2,1,8,False,48465950802,Val Verde,twdb:140001206 txgio:3112,-101.107647,30.084707,False,False,False,,,False
119,5,0.2222222222222222,0.2222222222222222,4,0,13,False,48465950802,Val Verde,twdb:140000983 twdb:140000985 twdb:140000995 txgio:1166,-101.576019,30.116787,False,False,False,,,False
158,5,2.9411764705882355,1.4705882352941178,2,2,7,False,48353950500,Nolan,twdb:091163239 txgio:2913,-100.355754,32.166525,False,False,False,,,False
160,5,3.25,1.5,2,2,3,False,48353950500,Nolan,twdb:091162875 txgio:8074 txgio:8075,-100.206979,32.148894,False,False,False,,,False
212,5,1.8461538461538463,0.8846153846153847,2,2,6,False,48435950300,Sutton,twdb:140003741 twdb:140003753,-100.688023,30.688418,False,False,False,,,False
223,5,0.0,0.14705882352941177,2,1,11,False,48465950802,Val Verde,twdb:140001225 txgio:3114,-101.057751,30.187524,False,False,False,,,False
230,5,1.5515151515151515,1.2909090909090908,1,1,9,True,48319950200,Mason,txgio:2380,-99.22227,30.667344,False,False,False,,,False
292,5,1.935483870967742,1.4516129032258065,1,1,3,True,48031950202,Blanco,txgio:6497,-98.454871,30.097934,False,False,False,,,False
320,5,1.2618724559023067,1.6241519674355493,2,1,4,False,48299970100,Llano,txgio:2346 txgio:2347,-98.92322,30.711012,False,False,False,,,False
329,5,1.0526315789473684,0.2631578947368421,2,2,2,False,48299970100,Llano,txgio:7889 txgio:7893,-98.635897,30.778869,False,False,False,,,False
364,5,3.0,1.0,2,2,2,False,48053960200,Burnet,txgio:2035 txgio:676,-98.156212,30.870727,False,False,False,,,False
397,5,5.511363636363637,2.4053030303030303,1,1,5,True,48209010818,Hays,txgio:3306,-98.134852,30.286694,False,False,False,,,False
404,5,4.910714285714286,2.3511904761904763,3,1,5,False,48209010807,Hays,txgio:3291 txgio:3292 txgio:3339,-98.185709,30.181618,False,False,False,,,False
413,5,5.345622119815668,2.6267281105990783,3,3,9,False,48209010811,Hays,txgio:3321 txgio:3322 txgio:6526,-98.132867,30.034036,False,False,False,,,False
465,5,11.633333333333333,3.9583333333333335,1,1,6,True,48453033900,Travis,txgio:7267,-97.849233,30.345735,False,False,False,,,False
518,5,5.28169014084507,1.9014084507042253,1,1,4,True,48309004104,Mclennan,txgio:2788,-97.265149,31.649937,False,False,False,,,False
532,5,4.782608695652174,2.1739130434782608,2,2,2,False,48425000101,Somervell,txgio:7643 txgio:7649,-97.86897,32.241533,False,False,False,,,False
646,5,3.8372093023255816,1.5116279069767442,4,2,3,False,48251130501,Johnson,twdb:030863786 twdb:030863787 twdb:030863788 twdb:030863789,-97.130693,32.273294,False,False,False,,,False
701,5,5.294117647058823,1.6666666666666665,2,1,4,False,48251130417,Johnson,twdb:030863762 twdb:030863763,-97.159594,32.357956,False,False,False,,,False
783,5,3.2934782608695654,1.1521739130434783,2,2,27,False,48041000205,Brazos,txgio:436 txgio:437,-96.439211,30.712212,False,False,False,,,False
888,5,3.984375,2.109375,1,1,5,True,48091310903,Comal,txgio:2128,-98.082276,29.840713,False,False,False,,,False
904,5,6.312500000000001,1.625,2,0,3,False,48187210511,Guadalupe,txgio:3524 txgio:3525,-97.873404,29.667792,False,False,False,,,False
910,5,4.407894736842105,1.7105263157894737,2,2,4,False,48187210506,Guadalupe,txgio:3564 txgio:3603,-97.868515,29.635118,False,False,False,,,False
930,5,7.53125,2.59375,2,2,6,False,48187210603,Guadalupe,txgio:3538 txgio:3651,-98.136286,29.553352,False,False,False,,,False
938,5,5.392335766423358,2.1624087591240877,2,1,3,False,48029121908,Comal,txgio:5627 txgio:5628,-98.351007,29.727205,False,False,False,,,False
991,5,6.409395973154362,2.2208663819402075,2,1,5,False,48325000103,Medina,txgio:4589 txgio:4611 txgio:4612,-98.915082,29.368306,False,False,False,,,False
999,5,6.851851851851852,2.5925925925925926,2,1,4,False,48325000101,Medina,txgio:4702 txgio:4703,-98.849596,29.311993,False,False,False,,,False
1017,5,4.2032967032967035,1.4560439560439562,1,1,3,True,48187210803,Guadalupe,txgio:3577,-98.084005,29.391678,False,False,False,,,False
1028,5,1.36986301369863,0.821917808219178,1,1,2,True,48249950101,Jim Wells,txgio:865,-98.199059,28.021208,False,False,False,,,False
7,4,0.6857142857142857,0.34285714285714286,1,1,2,True,48283950302,La Salle,txgio:2719,-99.177103,28.586204,False,False,False,,,False
69,4,1.8762886597938144,1.422680412371134,2,0,2,False,48019000200,Bandera,twdb:120179443 txgio:1570,-99.264211,29.812592,False,False,False,,,False
75,4,2.6042553191489364,1.0510638297872341,2,1,4,False,48265960301,Kerr,txgio:2631 txgio:2632,-99.397833,30.004985,False,False,False,,,False
88,4,0.05333333333333334,0.10666666666666667,2,2,2,False,48385950100,Real,txgio:2936 txgio:8114 txgio:8115,-99.984439,29.77313,False,False,False,,,False
159,4,1.0909090909090908,0.7272727272727273,2,2,12,False,48081950100,Coke,twdb:091163295 txgio:1395,-100.35087,32.056557,False,False,False,,,False
185,4,0.36363636363636365,1.2727272727272727,2,2,2,False,48307950500,Mcculloch,txgio:2753 txgio:2754 txgio:2755 txgio:2756,-99.521242,31.13814,False,False,False,,,False
231,4,1.3220338983050848,1.0169491525423728,1,1,5,True,48319950200,Mason,txgio:2376,-99.393929,30.704257,False,False,False,,,False
235,4,0.851063829787234,1.2198581560283688,2,2,2,False,48319950200,Mason,txgio:2367 txgio:2368,-98.992928,30.795797,False,False,False,,,False
253,4,0.8627450980392157,0.7843137254901961,2,1,4,False,48267950100,Kimble,txgio:7027 txgio:7028 txgio:7029,-99.384109,30.390902,False,True,True,,,False
256,4,0.8888888888888888,0.8888888888888888,2,2,5,False,48171950200,Gillespie,txgio:6308 txgio:6309,-99.218,30.351094,False,False,False,,,False
258,4,3.156862745098039,1.3137254901960784,2,2,4,False,48265960304,Kerr,txgio:2656 txgio:2657,-99.314055,30.146663,False,False,False,,,False
283,4,2.4,0.8,2,0,2,False,48265960102,Kerr,txgio:2610 txgio:6578,-98.995227,30.037877,False,False,False,,,False
370,4,2.736842105263158,1.1578947368421053,2,2,5,False,48453036300,Travis,txgio:1158 txgio:1159,-98.049882,30.56525,False,False,False,,,False
423,4,4.750246791707799,1.7926949654491608,2,1,7,False,48209010817,Hays,txgio:3399 txgio:3400,-98.116587,30.233886,False,False,False,,,False
448,4,4.465116279069767,1.6744186046511629,2,2,2,False,48209010923,Hays,txgio:3171 txgio:3172,-97.777999,30.060621,False,False,False,,,False
450,4,4.465116279069767,1.6744186046511629,2,2,2,False,48209010923,Hays,txgio:3148 txgio:3169,-97.761715,30.055633,False,False,False,,,False
496,4,0.27371273712737126,0.11924119241192412,1,1,3,True,48491020329,Williamson,txgio:6485,-97.846467,30.623699,False,False,True,,,False
499,4,3.68,1.184,2,2,2,False,48491021603,Williamson,txgio:3754 txgio:3761,-97.64129,30.825749,False,False,False,,,False
513,4,4.228571428571429,1.2571428571428571,1,1,2,True,48309003701,Mclennan,txgio:1018,-97.100442,31.373148,False,False,False,,,False
588,4,12.53,2.82,1,1,21,True,48439122100,Tarrant,txgio:5338,-97.091524,32.732575,False,False,False,,,False
624,4,3.954022988505747,1.7471264367816093,2,2,2,False,48251130215,Johnson,twdb:030864904 twdb:030864905,-97.411751,32.54966,False,False,False,,,False
715,4,3.781818181818182,2.0545454545454547,1,1,6,True,48397040508,Rockwall,txgio:126,-96.425497,32.8627,True,True,True,,,False
899,4,3.824561403508772,1.368421052631579,2,2,2,False,48187210508,Guadalupe,txgio:3507 txgio:3588,-97.956093,29.746455,False,False,False,,,False
13,3,2.269230769230769,0.9230769230769231,2,2,3,False,48325000500,Medina,txgio:2809 txgio:4640 txgio:4641,-99.083681,29.32574,False,False,False,,,False
44,3,2.142857142857143,0.8181818181818181,2,0,2,False,48325000301,Medina,txgio:4539 txgio:4558,-99.029673,29.499934,False,False,False,,,False
53,3,1.0788643533123028,0.6056782334384858,2,1,2,False,48265960800,Kerr,txgio:2573 txgio:2574,-98.970288,29.891592,False,False,False,,,False
63,3,2.480769230769231,1.3846153846153846,2,0,6,False,48265960700,Kerr,txgio:2596 txgio:2597,-99.225728,29.943347,False,False,False,,,False
115,3,0.0,0.0,4,2,34,False,48465950802,Val Verde,txgio:8272 txgio:8301 txgio:8302 txgio:8303,-101.193311,29.66202,False,False,False,,,False
129,3,0.375,0.375,2,1,2,False,48465950802,Val Verde,twdb:140001235 twdb:140001247 twdb:140001249,-101.538371,30.209342,False,False,False,,,False
130,3,0.375,0.375,2,2,4,False,48465950802,Val Verde,twdb:140001246 twdb:140001248 twdb:140001251,-101.516187,30.214136,False,False,False,,,False
131,3,0.0,0.0,4,3,3,False,48105950100,Crockett,twdb:140001280 twdb:140001284 twdb:140001286 twdb:140001287 twdb:140001292,-101.232301,30.387082,False,False,False,,,False
170,3,0.3684210526315789,0.47368421052631576,1,1,9,True,48023950302,Baylor,txgio:1812,-99.358764,33.429045,False,False,False,,,False
178,3,7.194444444444445,3.166666666666667,2,2,4,False,48441013402,Taylor,txgio:377 txgio:8020,-99.757797,32.363275,False,False,False,,,False
234,3,1.259259259259259,1.259259259259259,1,1,9,True,48319950200,Mason,txgio:2360,-99.14714,30.903828,False,False,False,,,False
267,3,0.6221198156682027,0.6497695852534562,2,1,4,False,48265960301,Kerr,txgio:2637 txgio:2663,-99.349022,30.023171,False,False,False,,,False
278,3,3.4380952380952383,1.5396825396825398,2,1,2,False,48265960404,Kerr,txgio:2557 txgio:892,-99.192272,30.0651,False,False,False,,,False
324,3,0.5960264900662251,0.576158940397351,2,0,2,False,48299970100,Llano,txgio:3986 txgio:3987 txgio:3988,-98.824065,30.780609,False,False,False,,,False
332,3,1.5517241379310347,0.8793103448275861,2,0,2,False,48299970100,Llano,txgio:3914 txgio:3915 txgio:3916 txgio:3918,-98.635959,30.896312,False,False,False,,,False
336,3,0.3157894736842105,0.6000000000000001,1,1,2,True,48299970100,Llano,txgio:3937,-98.492752,30.880679,False,False,False,,,False
349,3,0.15384615384615385,0.3076923076923077,1,0,8,False,48299970300,Llano,txgio:7006,-98.606093,30.520763,False,False,False,,,False
350,3,1.6666666666666667,0.5,2,0,9,False,48299970300,Llano,txgio:3888 txgio:7006,-98.589564,30.555054,False,False,False,,,False
352,3,3.3902439024390247,1.4390243902439024,2,0,5,False,48299970300,Llano,txgio:7007 txgio:7008,-98.535597,30.554181,False,False,False,,,False
366,3,1.2000000000000002,0.5454545454545454,2,2,2,False,48053960200,Burnet,txgio:6710 txgio:6711,-98.228294,30.903358,False,False,False,,,False
384,3,1.5245901639344264,1.0819672131147542,2,2,2,False,48031950102,Blanco,txgio:1979 txgio:8180,-98.227883,30.400627,False,False,False,,,False
477,3,3.918582375478927,1.3850574712643677,1,1,4,True,48021950806,Bastrop,txgio:1806,-97.562454,29.995994,False,False,False,,,False
478,3,2.0689655172413794,1.4482758620689655,1,1,2,True,48021950602,Bastrop,txgio:653,-97.07932,30.069092,False,False,False,,,False
481,3,3.4186046511627906,1.3255813953488373,2,2,2,False,48491020900,Williamson,txgio:3791 txgio:3792,-97.238184,30.463861,False,False,False,,,False
485,3,11.0,2.0,3,3,5,False,48491021300,Williamson,txgio:1202 txgio:3732 txgio:3768,-97.404093,30.779347,False,False,False,,,False
502,3,7.032786885245902,3.983606557377049,1,1,3,True,48027022900,Bell,txgio:1911,-97.736166,31.115959,False,False,True,,,False
507,3,0.0,0.0,3,3,17,False,48099010101,Coryell,txgio:457 txgio:458 txgio:459 txgio:460 txgio:461,-97.472534,31.315888,False,False,False,,,False
519,3,5.6,0.9555555555555556,2,1,2,False,48309003500,Mclennan,txgio:1019 txgio:983,-96.975831,31.597032,False,False,False,,,False
521,3,2.5384615384615383,1.153846153846154,1,1,3,True,48217960200,Hill,txgio:824,-97.269288,32.064375,False,False,False,,,False
601,3,6.559006211180124,2.3850931677018634,1,1,2,True,48439113906,Tarrant,txgio:5326,-97.172843,32.9644,False,False,False,,,False
604,3,8.14,2.46,1,1,2,True,48367140202,Parker,txgio:5725,-97.778354,32.739349,False,False,False,,,False
650,3,3.882352941176471,1.388235294117647,2,2,4,False,48251130502,Johnson,twdb:030863802 twdb:030863806,-97.253142,32.293933,False,False,False,,,False
655,3,3.2142857142857144,1.1571428571428573,2,2,4,False,48251130502,Johnson,twdb:030863801 twdb:030863803,-97.258201,32.294469,False,False,False,,,False
692,3,6.0,0.6000000000000001,2,2,2,False,48251130412,Johnson,twdb:030863659 twdb:030863660,-97.151883,32.463227,False,False,False,,,False
713,3,6.0,1.5,1,1,3,True,48213951300,Henderson,txgio:5847,-95.820097,32.199903,False,False,False,,,False
776,3,10.0,1.7,1,1,3,True,48225950500,Houston,txgio:848,-95.321182,31.213206,False,False,False,,,False
843,3,2.625,1.125,2,2,2,False,48481741100,Wharton,txgio:1515 txgio:1516,-96.389675,29.327529,False,False,False,,,False
881,3,2.2222222222222223,1.0,2,0,2,False,48209010603,Hays,txgio:3214 txgio:3215,-98.126096,29.923512,False,False,False,,,False
8,2,3.0,1.0,2,2,4,False,48163950301,Frio,twdb:130662487 twdb:130662488,-99.249286,28.755225,False,False,False,,,False
14,2,1.391304347826087,0.5217391304347826,2,2,2,False,48325000801,Medina,txgio:4677 txgio:4678,-99.034287,29.219283,False,False,False,,,False
29,2,2.2,0.7333333333333333,2,2,2,False,48325000200,Medina,txgio:4570 txgio:4571 txgio:4572,-99.268502,29.349674,False,False,False,,,False
66,2,0.9381443298969072,0.711340206185567,2,2,2,False,48019000200,Bandera,twdb:120179460 twdb:120179462 txgio:3845,-99.343813,29.869723,False,False,False,,,False
70,2,0.5,0.8888888888888888,2,2,2,False,48019000200,Bandera,txgio:1379 txgio:1799,-99.375446,29.838449,False,False,False,,,False
78,2,4.333333333333333,0.3333333333333333,2,1,3,False,48265960301,Kerr,txgio:2623 txgio:2624,-99.466046,29.957949,False,False,False,,,False
101,2,0.0,0.0,2,2,2,False,48465950802,Val Verde,twdb:140001158 twdb:140001161 twdb:140001165 txgio:65 txgio:66 txgio:67,-100.913957,29.993498,False,False,False,,,False
102,2,0.0,0.25,2,2,2,False,48465950802,Val Verde,txgio:69 txgio:70 txgio:71 txgio:72,-100.948396,29.97762,False,False,False,,,False
116,2,0.6052631578947368,0.8596491228070176,1,1,4,True,48443950100,Terrell,txgio:7,-102.386118,30.141575,False,False,False,,,False
124,2,0.0,0.0,2,1,4,False,48465950802,Val Verde,twdb:140001252 twdb:140001256,-101.557123,30.23003,False,False,True,,,False
140,2,0.0,0.0,2,2,7,False,48105950100,Crockett,twdb:140003904 txgio:31 txgio:33 txgio:7129,-101.797477,30.801566,False,False,False,,,False
152,2,4.0,1.1428571428571428,2,2,4,False,48317950100,Martin,twdb:091175974 txgio:6321,-101.94145,32.156091,False,False,False,,,False
157,2,0.6666666666666666,0.4444444444444444,2,1,7,False,48227950200,Howard,txgio:2443 txgio:2444 txgio:2445,-101.273619,32.324269,False,False,False,,,False
229,2,0.11764705882352941,0.4117647058823529,2,2,10,False,48267950100,Kimble,txgio:2666 txgio:2667,-99.649565,30.696229,False,False,False,,,False
236,2,0.46808510638297873,0.425531914893617,2,1,2,False,48299970100,Llano,txgio:2342 txgio:2343,-98.950797,30.750129,False,False,False,,,False
246,2,0.6162162162162163,0.5405405405405406,2,1,2,False,48171950301,Gillespie,txgio:6292 txgio:6293 txgio:6294 txgio:6295 txgio:6296,-98.980109,30.361736,False,False,False,,,False
268,2,0.13114754098360656,0.03278688524590164,2,0,7,False,48265960301,Kerr,txgio:2636 txgio:2637,-99.355926,30.024017,False,False,False,,,False
297,2,0.4,0.35,2,1,6,False,48171950100,Gillespie,txgio:2314 txgio:6997,-98.645112,30.362665,False,False,False,,,False
335,2,0.21052631578947367,0.4,1,1,3,True,48299970100,Llano,txgio:3939,-98.497966,30.885087,False,False,False,,,False
346,2,1.4545454545454546,0.18181818181818182,2,0,2,False,48299970300,Llano,txgio:3897 txgio:3898,-98.633415,30.621013,False,False,False,,,False
354,2,1.3333333333333333,1.3333333333333333,2,0,5,False,48299970300,Llano,txgio:3872 txgio:3874,-98.55551,30.534539,False,False,False,,,False
394,2,2.2045454545454546,0.9621212121212122,2,1,2,False,48209010818,Hays,txgio:3375 txgio:3376,-98.148258,30.275231,False,False,False,,,False
403,2,1.3129770992366412,0.5343511450381679,2,1,2,False,48209010807,Hays,txgio:3290 txgio:3291,-98.190163,30.174338,False,False,False,,,False
463,2,10.974358974358974,8.461538461538462,1,1,2,True,48453001602,Travis,txgio:4412,-97.771341,30.288812,False,False,False,,,False
466,2,5.0,1.0,2,2,6,False,48453030500,Travis,txgio:6214 txgio:6215,-97.783668,30.398811,False,False,False,,,False
493,2,1.553072625698324,0.6480446927374302,2,1,4,False,48491021603,Williamson,txgio:1201 txgio:3755,-97.664615,30.755892,False,False,False,,,False
495,2,5.202553353658537,1.7263719512195121,1,1,3,True,48491020345,Williamson,txgio:4521,-97.755497,30.528394,False,False,False,,,False
537,2,0.0,0.0,2,2,4,False,48009020300,Archer,twdb:010001597 twdb:010001622 twdb:010001631 twdb:010001637,-98.557776,33.573059,False,False,False,,,False
609,2,6.3076923076923075,3.3076923076923075,1,1,9,True,48439100601,Tarrant,txgio:5529,-97.485866,32.848433,False,False,False,,,False
628,2,3.5,0.5,1,1,4,True,48251130215,Johnson,twdb:030864961,-97.377137,32.519712,False,False,False,,,False
680,2,3.1,1.1,2,2,3,False,48251130222,Johnson,txgio:5882 txgio:5883,-97.317828,32.536689,False,False,False,,,False
699,2,2.5,0.5,2,2,2,False,48251130412,Johnson,twdb:030863656 twdb:030863657,-97.148579,32.449185,False,False,False,,,False
705,2,1.8058252427184467,0.7184466019417476,1,1,9,True,48139061000,Ellis,txgio:634,-96.849948,32.190376,False,False,False,,,False
707,2,2.888888888888889,0.8888888888888888,3,2,2,False,48139061700,Ellis,txgio:628 txgio:630 txgio:636,-96.574619,32.373142,False,False,False,,,False
852,2,2.533333333333333,1.1555555555555554,2,2,2,False,48123970400,Dewitt,txgio:1472 txgio:1473,-97.285435,28.97933,False,False,False,,,False
860,2,1.9615384615384615,0.7307692307692307,2,1,2,False,48187210902,Guadalupe,txgio:3674 txgio:3675,-97.857254,29.560528,False,False,False,,,False
864,2,2.0,0.2857142857142857,2,1,2,False,48187210506,Guadalupe,txgio:3608 txgio:3609,-97.800114,29.673344,False,False,False,,,False
885,2,1.8383838383838385,0.7744107744107744,2,0,2,False,48209010603,Hays,txgio:3211 txgio:3212,-98.104618,29.914547,False,False,False,,,False
923,2,1.7777777777777777,0.6666666666666666,2,2,8,False,48187210508,Guadalupe,txgio:3501 txgio:3589,-98.032462,29.717915,True,True,True,,,False
1006,2,1.0666666666666667,0.5333333333333333,2,2,2,False,48325000101,Medina,txgio:4681 txgio:4682,-98.828827,29.280377,False,False,False,,,False
1016,2,0.33755274261603374,0.17721518987341772,2,2,2,False,48029131802,Bexar,txgio:6601 txgio:6602,-98.235047,29.456039,False,False,False,,,False
21,1,0.5897435897435898,0.23076923076923078,2,1,3,False,48325000103,Medina,txgio:4591 txgio:4592,-98.941481,29.372518,False,False,False,,,False
72,1,0.502127659574468,0.32553191489361705,2,2,4,False,48265960301,Kerr,txgio:1617 txgio:2627 txgio:2629,-99.443869,29.979547,False,False,False,,,False
106,1,0.0,0.0,2,2,7,False,48465950802,Val Verde,txgio:83 txgio:84 txgio:86,-100.98691,29.89978,False,False,False,,,False
112,1,0.0,0.0,2,1,2,False,48465950802,Val Verde,twdb:140001198 txgio:3111 txgio:3112,-101.117497,30.073183,False,False,False,,,False
120,1,0.2222222222222222,0.2222222222222222,2,0,2,False,48465950802,Val Verde,twdb:140000984 twdb:140000985,-101.590806,30.12171,False,False,False,,,False
123,1,0.0,0.0,2,0,2,False,48465950802,Val Verde,twdb:140001244 twdb:140001245 twdb:140001252,-101.556361,30.220064,False,False,False,,,False
134,1,0.21428571428571427,0.07142857142857142,2,2,2,False,48105950100,Crockett,twdb:140001319 twdb:140001320,-101.49948,30.474728,False,False,False,,,False
180,1,0.816933638443936,0.562929061784897,2,2,2,False,48049950202,Brown,txgio:7683 txgio:7684,-99.125387,31.823131,False,False,False,,,False
188,1,0.3333333333333333,0.1111111111111111,2,2,5,False,48399950100,Runnels,txgio:8130 txgio:8131,-99.874881,32.021527,False,False,False,,,False
189,1,0.23529411764705882,0.11764705882352941,2,2,3,False,48399950100,Runnels,txgio:8142 txgio:8143 txgio:8144,-100.006103,31.899002,False,False,False,,,False
210,1,0.0,0.0,2,2,20,False,48435950300,Sutton,txgio:7992 txgio:7993,-100.794786,30.605861,False,False,False,,,False
220,1,0.0,0.2222222222222222,2,1,2,False,48465950802,Val Verde,twdb:140001377 twdb:140001380,-100.962844,30.261855,False,False,False,,,False
226,1,0.1111111111111111,0.05555555555555555,2,2,2,False,48385950100,Real,txgio:1004 txgio:1005,-99.77122,30.067678,False,False,False,,,False
312,1,1.0,0.4117647058823529,2,0,3,False,48299970300,Llano,txgio:4009 txgio:4010,-98.751031,30.626478,False,False,False,,,False
313,1,1.0,0.4117647058823529,2,0,2,False,48299970300,Llano,txgio:4008 txgio:4009,-98.74903,30.636675,False,False,False,,,False
345,1,0.27450980392156865,0.20588235294117646,2,0,2,False,48299970300,Llano,txgio:3892 txgio:3898,-98.65705,30.617921,False,False,False,,,False
348,1,0.27450980392156865,0.20588235294117646,2,0,4,False,48299970300,Llano,txgio:3885 txgio:3886,-98.599126,30.587623,False,False,False,,,False
433,1,1.2666666666666666,0.2,2,1,2,False,48209010816,Hays,txgio:3184 txgio:3277,-97.965425,30.17302,False,False,False,,,False
488,1,0.3924050632911392,0.20253164556962025,2,2,2,False,48491020808,Williamson,txgio:3785 txgio:6218,-97.454804,30.579227,False,False,False,,,False
585,1,3.4741784037558685,1.2488262910798122,1,1,2,True,48113014407,Dallas,txgio:4868,-96.998405,32.825439,False,False,False,,,False
586,1,1.5384615384615385,1.0769230769230769,1,1,3,True,48439113514,Tarrant,txgio:5251,-97.098732,32.83414,False,True,True,,,False
592,1,0.4,0.2,1,1,2,True,48439111405,Tarrant,twdb:030864946,-97.239915,32.652989,False,False,False,,,False
637,1,1.5348837209302326,0.6976744186046512,1,1,3,True,48221160100,Hood,txgio:155,-97.794638,32.448879,False,False,False,,,False
677,1,1.3564356435643565,0.5792079207920792,2,1,2,False,48251130220,Johnson,twdb:030864924 twdb:030864925,-97.281452,32.503072,False,False,False,,,False
752,1,1.40625,0.6875,2,2,2,False,48147950401,Fannin,twdb:020000172 twdb:020000173,-96.183657,33.585109,False,False,False,,,False
770,1,0.0,0.0,1,1,3,True,48347950200,Nacogdoches,txgio:1045,-94.729469,31.843693,False,False,False,,,False
835,1,0.0,0.0,1,1,3,True,48157670700,Fort Bend,txgio:5821,-95.475221,29.573933,False,False,False,,,False
844,1,1.6417910447761195,0.5522388059701493,1,1,2,True,48481740800,Wharton,txgio:6049,-96.273352,29.218353,False,False,False,,,False
853,1,1.901639344262295,0.7704918032786885,1,1,2,True,48123970400,Dewitt,txgio:5662,-97.303152,29.079315,False,False,False,,,False
871,1,5.0,2.0,1,1,26,True,48055960102,Caldwell,txgio:1528,-97.699433,29.850745,False,False,False,,,False
877,1,0.0,0.0,1,1,5,True,48209010500,Hays,txgio:6486,-97.934808,29.88029,False,False,False,,,False
915,1,1.3234126984126984,0.503968253968254,2,2,2,False,48187210904,Guadalupe,txgio:3684 txgio:3686,-97.922501,29.522986,False,False,False,,,False
924,1,0.6438356164383562,0.7945205479452054,1,1,5,True,48091310200,Comal,txgio:7855,-98.131701,29.711303,False,False,False,,,False
934,1,0.9382716049382716,0.3786008230452675,2,0,3,False,48091310803,Comal,txgio:5620 txgio:6250,-98.293247,29.656839,False,False,False,,,False
995,1,0.8354978354978355,0.33766233766233766,1,1,3,True,48325000103,Medina,txgio:4623,-98.820838,29.379139,False,False,False,,,False
998,1,1.3703703703703705,0.5185185185185185,2,1,2,False,48325000101,Medina,txgio:4701 txgio:4702,-98.849914,29.306098,False,False,False,,,False
1008,1,12.0,1.0,2,2,3,False,48325000402,Medina,txgio:4652 txgio:4653,-98.817249,29.250605,False,False,False,,,False
1020,1,0.30952380952380953,0.30952380952380953,3,1,3,False,48025950100,Bee,txgio:1817 txgio:1828 txgio:1829 txgio:1830,-97.96668,28.664808,False,False,False,,,False
1022,1,0.12,0.32,2,1,3,False,48025950100,Bee,txgio:1816 txgio:1829 txgio:1830,-97.98181,28.679166,False,False,False,,,False
6,0,,,1,1,1,True,,Maverick,txgio:2746,,,False,False,False,,,False
18,0,,,3,3,1,False,,Medina,txgio:2825 txgio:4580 txgio:4581,,,False,False,False,,,False
31,0,,,1,1,1,True,,Medina,txgio:4626 txgio:4627,,,False,False,False,,,False
56,0,,,1,1,1,True,,Kerr,txgio:6655,,,False,False,False,,,False
92,0,,,2,0,1,False,,Real,txgio:6899 txgio:6900,,,False,False,False,,,False
96,0,,,1,1,9,True,,Edwards,txgio:6896,,,False,False,False,,,False
97,0,,,1,1,5,True,,Kinney,txgio:6869,,,False,False,False,,,False
100,0,,,1,1,1,True,,Edwards,twdb:140001049,,,False,False,False,,,False
103,0,,,1,1,1,True,,Val Verde,txgio:101 txgio:102 txgio:103 txgio:98 txgio:99,,,False,False,False,,,False
104,0,,,2,2,2,False,,Val Verde,twdb:140000662 twdb:140000663,,,False,False,False,,,False
105,0,,,2,2,2,False,,Val Verde,txgio:77 txgio:78 txgio:79 txgio:80 txgio:81 txgio:82,,,False,False,False,,,False
107,0,,,2,2,2,False,,Val Verde,twdb:140000651 txgio:6975 txgio:6976 txgio:6977,,,False,False,False,,,False
108,0,,,2,2,2,False,,Val Verde,txgio:6973 txgio:6974,,,False,False,False,,,False
110,0,,,2,2,2,False,,Val Verde,txgio:6964 txgio:6965,,,False,False,False,,,False
111,0,,,2,2,2,False,,Val Verde,txgio:1326 txgio:1327 txgio:6963,,,False,False,False,,,False
117,0,,,2,2,5,False,,Terrell,twdb:140001328 twdb:140001329,,,False,False,False,,,False
118,0,,,4,2,10,False,,Val Verde,twdb:140000982 twdb:140000983 twdb:140000984 twdb:140000990 twdb:140001003 twdb:140001004,,,False,False,False,,,False
121,0,,,2,2,2,False,,Val Verde,twdb:140001007 twdb:140001010 twdb:140001013,,,False,False,False,,,False
125,0,,,2,2,5,False,,Crockett,twdb:140001264 twdb:140001266,,,False,False,False,,,False
128,0,,,2,0,2,False,,Val Verde,twdb:140001032 txgio:3104,,,False,False,False,,,False
132,0,,,3,3,3,False,,Val Verde,twdb:140001218 twdb:140001220 twdb:140001221 twdb:140001222 twdb:140001228,,,False,False,False,,,False
133,0,,,2,2,2,False,,Val Verde,twdb:140001363 twdb:140001373,,,False,False,False,,,False
136,0,,,1,1,1,True,,Crockett,txgio:6823,,,False,False,False,,,False
137,0,,,2,2,2,False,,Crockett,twdb:140003750 twdb:140003768,,,False,False,False,,,False
138,0,,,2,2,4,False,,Crockett,twdb:140003967 twdb:140003969 twdb:140003970,,,False,False,False,,,False
142,0,,,2,1,2,False,,Crockett,twdb:140003735 twdb:140003739 twdb:140003819,,,False,False,False,,,False
143,0,,,2,2,2,False,,Crockett,twdb:140003881 twdb:140003892 twdb:140003900 twdb:140003901,,,False,False,False,,,False
153,0,,,2,2,4,False,,Howard,twdb:091176938 txgio:6330,,,False,False,False,,,False
154,0,,,1,1,1,True,,Howard,txgio:6430,,,False,False,False,,,False
156,0,,,2,1,2,False,,Howard,twdb:091166590 txgio:2444 txgio:2445,,,False,False,False,,,False
164,0,,,2,2,2,False,,Foard,txgio:2281 txgio:2282,,,False,False,False,,,False
171,0,,,1,1,1,True,,Throckmorton,txgio:3074,,,False,False,False,,,False
176,0,,,1,1,1,True,,Taylor,txgio:6535,,,False,False,False,,,False
181,0,,,2,2,2,False,,Brown,txgio:2017 txgio:672,,,False,False,False,,,False
182,0,,,1,1,1,True,,Brown,txgio:7689,,,False,False,False,,,False
183,0,,,1,1,1,True,,Brown,txgio:7688,,,False,False,False,,,False
187,0,,,1,1,1,True,,Runnels,txgio:7933,,,False,False,False,,,False
191,0,,,2,2,2,False,,Runnels,txgio:8166 txgio:8167,,,False,False,False,,,False
192,0,,,2,2,4,False,,Coke,twdb:091174307 txgio:2124 txgio:2125,,,False,False,False,,,False
193,0,,,1,1,1,True,,Tom Green,txgio:6016,,,False,False,False,,,False
195,0,,,1,1,1,True,,Coke,twdb:091185345 txgio:2121,,,False,False,False,,,False
199,0,,,1,1,1,True,,Sterling,txgio:6643 txgio:6644,,,False,False,False,,,False
201,0,,,2,0,4,False,,Coke,txgio:2109 txgio:2110,,,False,False,False,,,False
206,0,,,2,2,5,False,,Tom Green,twdb:091187269 txgio:6131,,,False,False,False,,,False
207,0,,,3,3,1,False,,Tom Green,txgio:3087 txgio:6013 txgio:6014,,,False,False,False,,,False
211,0,,,2,2,2,False,,Sutton,twdb:140003729 twdb:140003730 twdb:140003737 twdb:140003738,,,False,False,True,,,False
213,0,,,1,1,1,True,,Sutton,twdb:140001540,,,False,False,False,,,False
214,0,,,2,2,4,False,,Sutton,twdb:140001437 twdb:140001439 txgio:7983,,,False,False,False,,,False
216,0,,,2,2,2,False,,Sutton,txgio:7976 txgio:7977,,,False,False,False,,,False
217,0,,,1,1,1,True,,Sutton,txgio:8271,,,False,False,False,,,False
219,0,,,2,2,2,False,,Crockett,twdb:140001469 twdb:140001478,,,False,False,False,,,False
221,0,,,2,1,4,False,,Val Verde,twdb:140001380 txgio:8181,,,False,False,False,,,False
224,0,,,2,1,4,False,,Val Verde,twdb:140001223 twdb:140001224 twdb:140001225,,,False,False,False,,,False
228,0,,,1,1,1,True,,Menard,txgio:199,,,False,False,False,,,False
232,0,,,1,1,3,True,,Mason,txgio:2358,,,False,False,False,,,False
241,0,,,1,1,1,True,,Mason,txgio:2365,,,False,False,False,,,False
251,0,,,1,1,1,True,,Kimble,txgio:7435,,,False,False,False,,,False
252,0,,,1,1,1,True,,Kimble,txgio:7021,,,False,False,False,,,False
254,0,,,1,0,1,False,,Kimble,txgio:7027,,,False,False,False,,,False
255,0,,,1,1,1,True,,Gillespie,txgio:6680,,,False,False,False,,,False
269,0,,,2,1,4,False,,Kerr,txgio:2635 txgio:2636,,,False,False,False,,,False
273,0,,,1,1,1,True,,Kerr,txgio:2554,,,False,False,False,,,False
279,0,,,1,0,1,False,,Kerr,txgio:2619,,,False,False,False,,,False
298,0,,,1,1,1,True,,Blanco,txgio:7935,,,False,False,False,,,False
303,0,,,1,1,1,True,,Gillespie,txgio:2319,,,False,False,False,,,False
304,0,,,1,0,1,False,,Gillespie,txgio:6993,,,False,False,False,,,False
318,0,,,2,1,2,False,,Llano,txgio:2349 txgio:4000,,,False,False,False,,,False
319,0,,,1,1,1,True,,Llano,txgio:3992,,,False,False,False,,,False
330,0,,,3,2,1,False,,Llano,txgio:3910 txgio:3911 txgio:3913,,,False,False,False,,,False
337,0,,,2,1,2,False,,Llano,txgio:3934 txgio:3935,,,False,False,False,,,False
347,0,,,2,0,2,False,,Llano,txgio:3884 txgio:3885,,,False,False,False,,,False
356,0,,,1,1,1,True,,Llano,txgio:166,,,False,False,False,,,False
357,0,,,1,1,1,True,,Llano,txgio:165,,,False,False,False,,,False
368,0,,,1,1,2,True,,Williamson,txgio:6749,,,False,False,False,,,False
375,0,,,1,1,1,True,,Travis,txgio:4450,,,False,False,False,,,False
393,0,,,1,0,1,False,,Hays,txgio:3376,,,False,False,False,,,False
412,0,,,1,0,1,False,,Hays,txgio:6523,,,False,False,False,,,False
435,0,,,1,1,1,True,,Travis,txgio:4422,,,False,False,False,,,False
441,0,,,1,1,1,True,,Hays,txgio:3181,,,False,False,False,,,False
453,0,,,1,1,1,True,,Travis,txgio:4405,,,False,False,False,,,False
456,0,,,1,1,1,True,,Travis,txgio:3702,,,False,False,False,,,False
469,0,,,2,1,2,False,,Travis,txgio:426 txgio:8247,,,False,False,False,,,False
470,0,,,2,1,1,False,,Travis,txgio:426 txgio:427,,,False,False,False,,,False
471,0,,,1,1,11,True,,Travis,txgio:4401,,,True,True,True,,,False
486,0,,,1,1,1,True,,Bell,txgio:1848,,,False,False,False,,,False
487,0,,,2,2,2,False,,Williamson,txgio:3739 txgio:3740,,,False,False,False,,,False
508,0,,,1,1,1,True,,Bell,txgio:1836,,,False,False,False,,,False
514,0,,,1,1,1,True,,Falls,txgio:736,,,False,False,False,,,False
517,0,,,1,1,1,True,,Mclennan,txgio:2790,,,False,False,False,,,False
520,0,,,2,1,10,False,,Mclennan,txgio:1019 txgio:974 txgio:975,,,False,False,False,,,False
525,0,,,2,2,2,False,,Lampasas,txgio:7803 txgio:7805,,,False,False,False,,,False
529,0,,,1,1,1,True,,Brown,txgio:2010,,,False,False,False,,,False
531,0,,,1,1,1,True,,Erath,txgio:149,,,False,False,False,,,False
541,0,,,2,2,7,False,,Archer,twdb:010001604 twdb:010001605 twdb:010001626 twdb:010001627,,,False,False,False,,,False
560,0,,,2,2,2,False,,Montague,twdb:010000312 twdb:010000313,,,False,False,False,,,False
564,0,,,1,0,1,False,,Montague,twdb:010000094,,,False,False,False,,,False
571,0,,,1,1,1,True,,Denton,txgio:220,,,False,False,False,,,False
574,0,,,1,1,1,True,,Collin,txgio:1411,,,False,False,False,,,False
578,0,,,2,2,3,False,,Dallas,txgio:5092 txgio:5162,,,False,False,False,,,False
581,0,,,1,1,1,True,,Dallas,txgio:4838,,,False,False,False,,,False
584,0,,,1,1,1,True,,Dallas,txgio:4867,,,False,False,False,,,False
587,0,,,1,1,2,True,,Tarrant,txgio:5488,,,False,False,True,,,False
591,0,,,1,1,1,True,,Tarrant,txgio:5377,,,False,False,False,,,False
594,0,,,1,1,1,True,,Tarrant,twdb:030864594,,,False,False,False,,,False
596,0,,,1,1,3,True,,Tarrant,txgio:5445,,,False,False,False,,,False
597,0,,,2,2,6,False,,Tarrant,twdb:030860879 twdb:030861215,,,False,False,False,,,False
598,0,,,2,2,6,False,,Tarrant,twdb:030860889 txgio:5294,,,False,False,False,,,False
599,0,,,1,1,1,True,,Tarrant,txgio:5244,,,False,False,False,,,False
600,0,,,1,1,1,True,,Tarrant,txgio:5296,,,False,False,False,,,False
611,0,,,1,1,1,True,,Tarrant,twdb:030861448,,,False,False,False,,,False
612,0,,,1,1,2,True,,Tarrant,twdb:030860873 txgio:5516,,,False,False,False,,,False
613,0,,,1,1,2,True,,Tarrant,twdb:030861458,,,True,True,True,,,False
616,0,,,2,2,5,False,,Tarrant,twdb:030864935 twdb:030864939,,,False,False,False,,,False
617,0,,,2,2,2,False,,Tarrant,twdb:030864965 txgio:5439,,,False,False,False,,,False
618,0,,,1,1,1,True,,Tarrant,txgio:5447,,,False,False,False,,,False
629,0,,,1,1,1,True,,Johnson,twdb:030864909,,,False,False,False,,,False
631,0,,,1,1,1,True,,Johnson,twdb:030864858,,,False,False,False,,,False
633,0,,,1,1,2,True,,Johnson,twdb:030864865,,,False,False,True,,,False
640,0,,,1,1,1,True,,Somervell,txgio:7640,,,False,False,False,,,False
641,0,,,2,2,3,False,,Somervell,txgio:6580 txgio:6979 txgio:7636,,,True,True,True,,,False
663,0,,,1,1,1,True,,Johnson,twdb:030863705,,,False,False,False,,,False
666,0,,,1,0,1,False,,Johnson,twdb:030863834,,,False,False,False,,,False
669,0,,,2,1,2,False,,Johnson,twdb:030863731 twdb:030863732,,,False,False,False,,,False
670,0,,,1,0,1,False,,Johnson,twdb:030863732,,,False,False,False,,,False
678,0,,,1,1,1,True,,Johnson,twdb:030864922,,,False,False,False,,,False
679,0,,,1,0,1,False,,Johnson,twdb:030864925,,,False,False,False,,,False
689,0,,,1,1,1,True,,Johnson,twdb:030864547,,,False,False,False,,,False
690,0,,,1,1,1,True,,Johnson,twdb:030864526,,,False,False,False,,,False
695,0,,,1,1,1,True,,Johnson,twdb:030863667,,,False,False,False,,,False
706,0,,,2,2,1,False,,Ellis,txgio:1729 txgio:1734,,,False,False,False,,,False
708,0,,,1,1,1,True,,Navarro,txgio:1747,,,False,False,False,,,False
710,0,,,1,1,1,True,,Navarro,txgio:341,,,False,False,False,,,False
712,0,,,1,1,1,True,,Henderson,txgio:5853,,,False,False,False,,,False
714,0,,,1,1,1,True,,Collin,txgio:5766,,,False,False,False,,,False
723,0,,,1,1,1,True,,Dallas,txgio:4917,,,False,False,False,,,False
732,0,,,1,1,1,True,,Dallas,txgio:4921,,,False,False,False,,,False
739,0,,,1,1,1,True,,Dallas,txgio:5179,,,False,False,False,,,False
772,0,,,2,2,2,False,,Nacogdoches,txgio:1047 txgio:1048,,,False,False,False,,,False
774,0,,,1,1,1,True,,Angelina,txgio:6093,,,False,False,False,,,False
777,0,,,1,1,1,True,,Houston,txgio:846 txgio:847,,,False,False,False,,,False
780,0,,,1,1,1,True,,Brazos,txgio:598,,,False,False,False,,,False
784,0,,,1,1,1,True,,Brazos,txgio:8053,,,False,False,False,,,False
800,0,,,1,1,5,True,,San Jacinto,txgio:5980,,,False,False,False,,,False
833,0,,,1,1,1,True,,Harris,txgio:4299,,,False,False,False,,,False
856,0,,,1,1,1,True,,Gonzales,txgio:791,,,False,False,False,,,False
865,0,,,2,2,1,False,,Caldwell,txgio:3554 txgio:678,,,False,False,False,,,False
900,0,,,2,2,2,False,,Guadalupe,txgio:3517 txgio:3587,,,False,False,False,,,False
917,0,,,1,1,1,True,,Guadalupe,txgio:6598,,,False,False,False,,,False
927,0,,,1,1,1,True,,Comal,txgio:2144,,,False,False,False,,,False
960,0,,,1,1,1,True,,Kendall,txgio:2546,,,False,False,False,,,False
961,0,,,1,1,1,True,,Kendall,txgio:2549,,,False,False,False,,,False
970,0,,,1,1,4,True,,Bexar,txgio:7309,,,False,False,False,,,False
971,0,,,1,1,1,True,,Bexar,txgio:7302,,,False,False,False,,,False
973,0,,,1,1,3,True,,Bexar,txgio:7320,,,False,False,False,,,False
974,0,,,1,1,1,True,,Bexar,txgio:7318,,,False,False,False,,,False
977,0,,,2,2,2,False,,Bexar,txgio:571 txgio:572,,,False,False,False,,,False
981,0,,,1,1,1,True,,Bexar,txgio:7342,,,False,False,False,,,False
986,0,,,1,0,1,False,,Medina,txgio:4565,,,False,False,False,,,False
1018,0,,,2,2,1,False,,Guadalupe,txgio:1212 txgio:3553,,,False,False,False,,,False
1023,0,,,2,2,6,False,,Atascosa,twdb:130663165 twdb:130663166,,,False,False,False,,,False
1024,0,,,2,1,2,False,,Atascosa,twdb:130663175 twdb:130663179,,,False,False,False,,,False
1026,0,,,1,1,4,True,,Atascosa,txgio:1360,,,False,False,False,,,False
1031,0,,,1,1,1,True,,Victoria,txgio:3119,,,False,False,False,,,False
1034,0,,,1,1,1,True,,Kleberg,txgio:5897,,,False,False,False,,,False
